date,solar_rad_total,wind_avg,wind_dir,wind_max,temp_mean,temp_max,temp_min,humidity_mean,humidity_max,humidity_min,dew_point,wet_bulb,precip_total
1990-01-01,,,,,29.7,32.0,26.0,,,,,,0.0
1990-01-02,,,,,28.8,32.0,26.0,,,,,,0.0
1990-01-03,,,,,30.9,40.0,26.0,,,,,,0.0
1990-01-04,,,,,34.2,37.0,31.0,,,,,,0.42
1990-01-05,,,,,38.1,40.0,36.0,,,,,,0.0
1990-01-06,,,,,39.2,41.0,37.0,,,,,,0.18
1990-01-07,,,,,43.5,46.0,41.0,,,,,,0.08
1990-01-08,,,,,40.1,45.0,35.0,,,,,,0.0
1990-01-09,,,,,42.5,46.0,41.0,,,,,,0.0
1990-01-10,,,,,42.2,51.0,34.0,,,,,,0.1
1990-01-11,,,,,49.0,53.0,44.0,,,,,,0.0
1990-01-12,,,,,42.4,47.0,37.0,,,,,,0.17
1990-01-13,,,,,36.7,40.0,33.0,,,,,,0.2
1990-01-14,,,,,33.4,35.0,31.0,,,,,,0.06
1990-01-15,,,,,30.3,32.0,28.0,,,,,,0.03
1990-01-16,,,,,29.1,32.0,27.0,,,,,,0.0
1990-01-17,,,,,30.3,39.0,27.0,,,,,,0.0
1990-01-18,,,,,33.4,42.0,25.0,,,,,,0.01
1990-01-19,,,,,39.0,50.0,33.0,,,,,,0.01
1990-01-20,,,,,42.5,52.0,35.0,,,,,,0.01
1990-01-21,,,,,44.3,54.0,35.0,,,,,,0.0
1990-01-22,,,,,36.8,44.0,32.0,,,,,,0.02
1990-01-23,,,,,32.1,35.0,28.0,,,,,,0.13
1990-01-24,,,,,39.3,48.0,28.0,,,,,,0.0
1990-01-25,,,,,37.1,43.0,29.0,,,,,,0.0
1990-01-26,,,,,26.4,30.0,24.0,,,,,,0.0
1990-01-27,,,,,28.4,32.0,24.0,,,,,,0.0
1990-01-28,,,,,30.8,34.0,29.0,,,,,,0.1
1990-01-29,,,,,30.2,32.0,27.0,,,,,,0.01
1990-01-30,,,,,,,,,,,,,
1990-01-31,,,,,,,,,,,,,
1990-02-01,,,,,28.0,30.0,27.0,,,,,,0.0
1990-02-02,,,,,31.8,33.0,31.0,,,,,,0.1
1990-02-03,,,,,28.8,32.0,25.0,,,,,,0.0
1990-02-04,,,,,27.3,33.0,23.0,,,,,,0.0
1990-02-05,,,,,28.3,32.0,24.0,,,,,,0.0
1990-02-06,,,,,23.0,26.0,21.0,,,,,,0.0
1990-02-07,,,,,24.5,28.0,22.0,,,,,,0.0
1990-02-08,,,,,31.9,33.0,29.0,,,,,,0.01
1990-02-09,,,,,36.0,40.0,33.0,,,,,,0.52
1990-02-10,,,,,40.9,48.0,36.0,,,,,,0.0
1990-02-11,,,,,34.1,45.0,21.0,,,,,,0.02
1990-02-12,,,,,21.0,26.0,18.0,,,,,,0.0
1990-02-13,,,,,17.3,23.0,13.0,,,,,,0.0
1990-02-14,,,,,17.8,29.0,10.0,,,,,,0.0
1990-02-15,,,,,22.9,28.0,18.0,,,,,,0.0
1990-02-16,,,,,23.4,28.0,20.0,,,,,,0.0
1990-02-17,,,,,25.2,34.0,20.0,,,,,,0.01
1990-02-18,,,,,30.1,47.0,20.0,,,,,,0.06
1990-02-19,,,,,33.9,43.0,27.0,,,,,,0.0
1990-02-20,,,,,37.1,40.0,35.0,,,,,,0.0
1990-02-21,,,,,46.7,62.0,37.0,,,,,,0.01
1990-02-22,,,,,51.5,65.0,41.0,,,,,,0.0
1990-02-23,,,,,49.0,59.0,43.0,,,,,,0.0
1990-02-24,,,,,48.7,60.0,43.0,,,,,,0.0
1990-02-25,,,,,57.7,68.0,49.0,,,,,,0.0
1990-02-26,,,,,56.7,70.0,46.0,,,,,,0.0
1990-02-27,,,,,51.2,68.0,47.0,,,,,,0.0
1990-02-28,,,,,52.9,66.0,45.0,,,,,,0.0
1990-03-01,,,,,48.1,58.0,42.0,,,,,,0.02
1990-03-02,,,,,41.1,47.0,35.0,,,,,,0.19
1990-03-03,,,,,36.6,42.0,33.0,,,,,,0.11
1990-03-04,,,,,33.0,35.0,30.0,,,,,,0.11
1990-03-05,,,,,33.5,42.0,29.0,,,,,,0.02
1990-03-06,,,,,41.0,51.0,34.0,,,,,,0.0
1990-03-07,,,,,33.5,42.0,24.0,,,,,,0.11
1990-03-08,,,,,28.3,40.0,20.0,,,,,,0.02
1990-03-09,,,,,31.8,37.0,27.0,,,,,,0.13
1990-03-10,,,,,28.7,35.0,25.0,,,,,,0.0
1990-03-11,,,,,25.3,32.0,21.0,,,,,,0.0
1990-03-12,,,,,28.4,40.0,24.0,,,,,,0.07
1990-03-13,,,,,27.5,32.0,25.0,,,,,,0.0
1990-03-14,,,,,38.5,48.0,33.0,,,,,,0.45
1990-03-15,,,,,50.3,60.0,41.0,,,,,,0.0
1990-03-16,,,,,49.8,58.0,44.0,,,,,,0.0
1990-03-17,,,,,43.7,48.0,41.0,,,,,,0.06
1990-03-18,,,,,46.9,62.0,39.0,,,,,,0.01
1990-03-19,,,,,45.3,56.0,40.0,,,,,,0.0
1990-03-20,,,,,47.2,58.0,41.0,,,,,,0.0
1990-03-21,,,,,51.1,64.0,42.0,,,,,,0.0
1990-03-22,,,,,42.2,47.0,37.0,,,,,,0.17
1990-03-23,,,,,43.2,54.0,34.0,,,,,,0.01
1990-03-24,,,,,51.4,63.0,41.0,,,,,,0.0
1990-03-25,,,,,42.5,47.0,38.0,,,,,,0.0
1990-03-26,,,,,41.6,55.0,36.0,,,,,,0.01
1990-03-27,,,,,48.7,62.0,39.0,,,,,,0.0
1990-03-28,,,,,50.4,65.0,42.0,,,,,,0.0
1990-03-29,,,,,46.8,60.0,39.0,,,,,,0.0
1990-03-30,,,,,50.1,62.0,42.0,,,,,,0.0
1990-03-31,,,,,51.8,62.0,43.0,,,,,,0.0
1990-04-01,,,,,48.0,64.0,43.0,,,,,,0.0
1990-04-02,,,,,50.7,61.0,43.0,,,,,,0.0
1990-04-03,,,,,55.5,68.0,46.0,,,,,,0.0
1990-04-04,,,,,56.1,68.0,47.0,,,,,,0.0
1990-04-05,,,,,53.3,64.0,45.0,,,,,,0.0
1990-04-06,,,,,51.2,62.0,43.0,,,,,,0.0
1990-04-07,,,,,46.0,57.0,36.0,,,,,,0.0
1990-04-08,,,,,42.3,56.0,32.0,,,,,,0.0
1990-04-09,,,,,50.9,67.0,37.0,,,,,,0.0
1990-04-10,,,,,53.6,64.0,46.0,,,,,,0.0
1990-04-11,,,,,46.2,53.0,40.0,,,,,,0.02
1990-04-12,,,,,50.6,65.0,38.0,,,,,,0.0
1990-04-13,,,,,59.5,74.0,48.0,,,,,,0.0
1990-04-14,,,,,61.6,75.0,49.0,,,,,,0.0
1990-04-15,,,,,58.5,73.0,43.0,,,,,,0.0
1990-04-16,,,,,43.2,47.0,41.0,,,,,,0.06
1990-04-17,,,,,44.0,47.0,42.0,,,,,,0.17
1990-04-18,,,,,47.8,59.0,41.0,,,,,,0.01
1990-04-19,,,,,46.1,54.0,43.0,,,,,,0.09
1990-04-20,,,,,45.5,57.0,42.0,,,,,,0.05
1990-04-21,,,,,44.0,53.0,40.0,,,,,,0.01
1990-04-22,,,,,41.0,45.0,38.0,,,,,,0.38
1990-04-23,,,,,36.9,41.0,32.0,,,,,,0.21
1990-04-24,,,,,38.1,43.0,32.0,,,,,,0.07
1990-04-25,,,,,41.1,47.0,33.0,,,,,,0.13
1990-04-26,,,,,42.2,53.0,32.0,,,,,,0.0
1990-04-27,,,,,57.0,76.0,44.0,,,,,,0.36
1990-04-28,,,,,,,,,,,,,0.19
1990-04-29,,,,,,,,,,,,,0.0
1990-04-30,,,,,,,,,,,,,0.0
1990-05-01,,,,,,,,,,,,,0.0
1990-05-02,,,,,,,,,,,,,0.0
1990-05-03,,,,,,,,,,,,,0.0
1990-05-04,,,,,76.3,86.0,66.0,,,,,,0.0
1990-05-05,,,,,61.5,76.0,39.0,,,,,,0.0
1990-05-06,,,,,41.0,56.0,31.0,,,,,,0.0
1990-05-07,,,,,39.5,55.0,29.0,,,,,,0.0
1990-05-08,,,,,46.8,63.0,30.0,,,,,,0.0
1990-05-09,,,,,56.1,72.0,44.0,,,,,,0.0
1990-05-10,,,,,41.1,44.0,34.0,,,,,,0.0
1990-05-11,,,,,39.9,49.0,33.0,,,,,,0.0
1990-05-12,,,,,40.2,50.0,34.0,,,,,,0.01
1990-05-13,,,,,42.1,56.0,33.0,,,,,,0.0
1990-05-14,,,,,41.5,56.0,32.0,,,,,,0.0
1990-05-15,,,,,45.8,61.0,35.0,,,,,,0.0
1990-05-16,,,,,49.7,65.0,37.0,,,,,,0.0
1990-05-17,,,,,42.4,54.0,35.0,,,,,,0.0
1990-05-18,,,,,41.8,52.0,34.0,,,,,,0.0
1990-05-19,,,,,39.8,46.0,36.0,,,,,,0.28
1990-05-20,,,,,40.0,49.0,36.0,,,,,,0.13
1990-05-21,,,,,44.5,53.0,38.0,,,,,,0.46
1990-05-22,,,,,41.1,52.0,37.0,,,,,,0.61
1990-05-23,,,,,38.0,45.0,33.0,,,,,,0.16
1990-05-24,,,,,38.5,49.0,32.0,,,,,,0.03
1990-05-25,,,,,45.2,61.0,36.0,,,,,,0.14
1990-05-26,,,,,44.0,48.0,39.0,,,,,,0.21
1990-05-27,,,,,46.0,54.0,43.0,,,,,,0.52
1990-05-28,,,,,44.4,50.0,42.0,,,,,,0.01
1990-05-29,,,,,42.4,51.0,38.0,,,,,,0.12
1990-05-30,,,,,37.4,42.0,32.0,,,,,,0.22
1990-05-31,,,,,33.0,38.0,31.0,,,,,,0.07
1990-06-01,,,,,40.5,51.0,32.0,,,,,,0.0
1990-06-02,,,,,50.4,63.0,39.0,,,,,,0.0
1990-06-03,,,,,46.1,56.0,38.0,,,,,,0.06
1990-06-04,,,,,48.0,64.0,36.0,,,,,,0.0
1990-06-05,,,,,49.3,63.0,41.0,,,,,,0.04
1990-06-06,,,,,47.7,55.0,43.0,,,,,,0.49
1990-06-07,,,,,52.9,66.0,40.0,,,,,,0.0
1990-06-08,,,,,55.9,69.0,48.0,,,,,,0.0
1990-06-09,,,,,50.4,64.0,39.0,,,,,,0.03
1990-06-10,,,,,42.0,54.0,37.0,,,,,,0.07
1990-06-11,,,,,45.8,59.0,36.0,,,,,,0.0
1990-06-12,,,,,40.7,47.0,37.0,,,,,,0.05
1990-06-13,,,,,44.2,58.0,37.0,,,,,,0.02
1990-06-14,,,,,55.5,69.0,43.0,,,,,,0.0
1990-06-15,,,,,55.3,71.0,44.0,,,,,,0.0
1990-06-16,,,,,47.9,60.0,41.0,,,,,,0.0
1990-06-17,,,,,48.2,63.0,40.0,,,,,,0.0
1990-06-18,,,,,55.4,71.0,43.0,,,,,,0.0
1990-06-19,,,,,62.9,79.0,50.0,,,,,,0.0
1990-06-20,,,,,64.5,79.0,52.0,,,,,,0.0
1990-06-21,,,,,76.4,91.0,61.0,,,,,,0.0
1990-06-22,,,,,65.0,76.0,47.0,,,,,,0.0
1990-06-23,,,,,56.4,70.0,46.0,,,,,,0.0
1990-06-24,,,,,56.5,70.0,47.0,,,,,,0.0
1990-06-25,,,,,55.9,66.0,45.0,,,,,,0.0
1990-06-26,,,,,57.2,74.0,43.0,,,,,,0.0
1990-06-27,,,,,54.2,68.0,47.0,,,,,,0.0
1990-06-28,,,,,56.0,76.0,46.0,,,,,,0.0
1990-06-29,,,,,61.2,78.0,48.0,,,,,,0.0
1990-06-30,,,,,55.1,70.0,46.0,,,,,,0.0
1990-07-01,,,,,51.3,70.0,43.0,,,,,,0.01
1990-07-02,,,,,46.9,56.0,40.0,,,,,,0.47
1990-07-03,,,,,54.6,68.0,43.0,,,,,,0.0
1990-07-04,,,,,58.8,72.0,50.0,,,,,,0.0
1990-07-05,,,,,51.0,58.0,45.0,,,,,,0.05
1990-07-06,,,,,51.5,65.0,43.0,,,,,,0.0
1990-07-07,,,,,59.4,74.0,46.0,,,,,,0.0
1990-07-08,,,,,61.8,78.0,50.0,,,,,,0.0
1990-07-09,,,,,63.4,77.0,52.0,,,,,,0.0
1990-07-10,,,,,73.9,89.0,60.0,,,,,,0.0
1990-07-11,,,,,77.8,91.0,69.0,,,,,,0.0
1990-07-12,,,,,76.3,90.0,63.0,,,,,,0.0
1990-07-13,,,,,69.7,84.0,59.0,,,,,,0.0
1990-07-14,,,,,67.2,83.0,53.0,,,,,,0.0
1990-07-15,,,,,68.8,86.0,56.0,,,,,,0.0
1990-07-16,,,,,65.7,83.0,52.0,,,,,,0.0
1990-07-17,,,,,67.2,81.0,54.0,,,,,,0.0
1990-07-18,,,,,71.2,85.0,58.0,,,,,,0.0
1990-07-19,,,,,70.6,85.0,64.0,,,,,,0.0
1990-07-20,,,,,74.4,88.0,63.0,,,,,,0.0
1990-07-21,,,,,76.2,91.0,65.0,,,,,,0.0
1990-07-22,,,,,70.3,87.0,54.0,,,,,,0.0
1990-07-23,,,,,60.0,76.0,46.0,,,,,,0.0
1990-07-24,,,,,54.8,70.0,46.0,,,,,,0.0
1990-07-25,,,,,54.5,71.0,44.0,,,,,,0.01
1990-07-26,,,,,61.0,78.0,47.0,,,,,,0.0
1990-07-27,,,,,64.8,82.0,50.0,,,,,,0.0
1990-07-28,,,,,68.6,85.0,54.0,,,,,,0.0
1990-07-29,,,,,74.0,90.0,62.0,,,,,,0.0
1990-07-30,,,,,67.6,82.0,56.0,,,,,,0.0
1990-07-31,,,,,64.4,77.0,54.0,,,,,,0.0
1990-08-01,,,,,63.2,79.0,52.0,,,,,,0.0
1990-08-02,,,,,64.1,81.0,51.0,,,,,,0.0
1990-08-03,,,,,70.6,87.0,55.0,,,,,,0.0
1990-08-04,,,,,77.8,96.0,63.0,,,,,,0.0
1990-08-05,,,,,75.4,91.0,60.0,,,,,,0.0
1990-08-06,,,,,69.5,81.0,60.0,,,,,,0.0
1990-08-07,,,,,71.6,84.0,63.0,,,,,,0.0
1990-08-08,,,,,75.0,88.0,64.0,,,,,,0.0
1990-08-09,,,,,76.0,92.0,65.0,,,,,,0.0
1990-08-10,,,,,76.7,91.0,67.0,,,,,,0.0
1990-08-11,,,,,77.5,94.0,66.0,,,,,,0.0
1990-08-12,,,,,70.4,84.0,58.0,,,,,,0.0
1990-08-13,,,,,61.0,73.0,52.0,,,,,,0.0
1990-08-14,,,,,58.7,77.0,48.0,,,,,,0.0
1990-08-15,,,,,54.2,66.0,48.0,,,,,,0.0
1990-08-16,,,,,55.9,70.0,48.0,,,,,,0.02
1990-08-17,,,,,51.6,61.0,47.0,,,,,,0.34
1990-08-18,,,,,49.6,56.0,44.0,,,,,,0.25
1990-08-19,,,,,54.3,67.0,47.0,,,,,,0.0
1990-08-20,,,,,58.1,71.0,50.0,,,,,,0.0
1990-08-21,,,,,57.6,69.0,52.0,,,,,,0.0
1990-08-22,,,,,59.4,75.0,51.0,,,,,,0.0
1990-08-23,,,,,54.8,69.0,44.0,,,,,,0.0
1990-08-24,,,,,49.5,62.0,43.0,,,,,,0.0
1990-08-25,,,,,50.4,62.0,42.0,,,,,,0.01
1990-08-26,,,,,51.7,66.0,43.0,,,,,,0.12
1990-08-27,,,,,52.7,59.0,47.0,,,,,,0.06
1990-08-28,,,,,57.9,69.0,51.0,,,,,,0.0
1990-08-29,,,,,52.3,59.0,46.0,,,,,,0.25
1990-08-30,,,,,53.7,67.0,45.0,,,,,,0.0
1990-08-31,,,,,57.1,71.0,48.0,,,,,,0.01
1990-09-01,,,,,53.4,65.0,49.0,,,,,,0.0
1990-09-02,,,,,57.5,73.0,47.0,,,,,,0.0
1990-09-03,,,,,62.5,75.0,53.0,,,,,,0.0
1990-09-04,,,,,65.5,83.0,54.0,,,,,,0.0
1990-09-05,,,,,63.8,79.0,54.0,,,,,,0.0
1990-09-06,,,,,64.3,83.0,50.0,,,,,,0.0
1990-09-07,,,,,60.2,73.0,51.0,,,,,,0.0
1990-09-08,,,,,59.4,74.0,51.0,,,,,,0.0
1990-09-09,,,,,63.2,75.0,52.0,,,,,,0.01
1990-09-10,,,,,71.4,86.0,59.0,,,,,,0.0
1990-09-11,,,,,54.6,62.0,47.0,,,,,,0.0
1990-09-12,,,,,52.9,67.0,45.0,,,,,,0.0
1990-09-13,,,,,62.4,78.0,48.0,,,,,,0.0
1990-09-14,,,,,55.8,65.0,48.0,,,,,,0.0
1990-09-15,,,,,51.3,61.0,46.0,,,,,,0.0
1990-09-16,,,,,54.0,64.0,47.0,,,,,,0.0
1990-09-17,,,,,57.0,70.0,49.0,,,,,,0.0
1990-09-18,,,,,57.0,72.0,48.0,,,,,,0.0
1990-09-19,,,,,54.5,68.0,47.0,,,,,,0.0
1990-09-20,,,,,62.5,76.0,50.0,,,,,,0.0
1990-09-21,,,,,72.2,89.0,59.0,,,,,,0.0
1990-09-22,,,,,71.4,85.0,61.0,,,,,,0.0
1990-09-23,,,,,61.8,73.0,53.0,,,,,,0.0
1990-09-24,,,,,59.0,73.0,53.0,,,,,,0.03
1990-09-25,,,,,56.4,68.0,52.0,,,,,,0.09
1990-09-26,,,,,53.8,65.0,50.0,,,,,,0.0
1990-09-27,,,,,59.2,72.0,50.0,,,,,,0.0
1990-09-28,,,,,66.8,78.0,56.0,,,,,,0.0
1990-09-29,,,,,61.8,73.0,53.0,,,,,,0.0
1990-09-30,,,,,68.0,83.0,55.0,,,,,,0.0
1990-10-01,,,,,52.8,66.0,41.0,,,,,,0.01
1990-10-02,,,,,45.5,58.0,38.0,,,,,,0.0
1990-10-03,,,,,54.8,70.0,45.0,,,,,,0.0
1990-10-04,,,,,59.3,74.0,48.0,,,,,,0.0
1990-10-05,,,,,42.2,50.0,36.0,,,,,,0.1
1990-10-06,,,,,38.3,53.0,31.0,,,,,,0.0
1990-10-07,,,,,40.0,53.0,29.0,,,,,,0.0
1990-10-08,,,,,51.3,64.0,38.0,,,,,,0.0
1990-10-09,,,,,57.6,72.0,43.0,,,,,,0.0
1990-10-10,,,,,43.6,52.0,36.0,,,,,,0.01
1990-10-11,,,,,51.3,67.0,36.0,,,,,,0.0
1990-10-12,,,,,46.7,51.0,37.0,,,,,,0.04
1990-10-13,,,,,41.8,53.0,36.0,,,,,,0.0
1990-10-14,,,,,46.2,55.0,39.0,,,,,,0.03
1990-10-15,,,,,46.8,55.0,40.0,,,,,,0.0
1990-10-16,,,,,42.0,52.0,37.0,,,,,,0.01
1990-10-17,,,,,51.5,65.0,44.0,,,,,,0.0
1990-10-18,,,,,40.8,47.0,37.0,,,,,,1.1
1990-10-19,,,,,38.0,52.0,34.0,,,,,,0.0
1990-10-20,,,,,44.9,53.0,34.0,,,,,,0.0
1990-10-21,,,,,47.1,50.0,42.0,,,,,,0.29
1990-10-22,,,,,44.5,54.0,37.0,,,,,,0.0
1990-10-23,,,,,54.5,64.0,45.0,,,,,,0.0
1990-10-24,,,,,60.4,72.0,54.0,,,,,,0.0
1990-10-25,,,,,51.5,60.0,43.0,,,,,,0.11
1990-10-26,,,,,49.9,60.0,43.0,,,,,,0.0
1990-10-27,,,,,51.8,60.0,44.0,,,,,,0.07
1990-10-28,,,,,42.7,52.0,38.0,,,,,,0.01
1990-10-29,,,,,42.6,49.0,38.0,,,,,,0.0
1990-10-30,,,,,43.1,45.0,40.0,,,,,,1.34
1990-10-31,,,,,36.2,40.0,34.0,,,,,,0.14
1990-11-01,,,,,33.5,42.0,29.0,,,,,,0.0
1990-11-02,,,,,39.0,49.0,28.0,,,,,,0.0
1990-11-03,,,,,47.3,52.0,43.0,,,,,,0.0
1990-11-04,,,,,44.6,49.0,36.0,,,,,,0.1
1990-11-05,,,,,35.0,38.0,31.0,,,,,,0.02
1990-11-06,,,,,37.6,49.0,27.0,,,,,,0.0
1990-11-07,,,,,43.8,46.0,39.0,,,,,,0.0
1990-11-08,,,,,46.5,49.0,45.0,,,,,,0.0
1990-11-09,,,,,43.9,49.0,40.0,,,,,,0.0
1990-11-10,,,,,42.8,45.0,42.0,,,,,,0.0
1990-11-11,,,,,59.9,67.0,56.0,,,,,,0.01
1990-11-12,,,,,54.5,60.0,51.0,,,,,,0.0
1990-11-13,,,,,38.5,51.0,32.0,,,,,,0.34
1990-11-14,,,,,32.2,38.0,28.0,,,,,,0.1
1990-11-15,,,,,44.1,52.0,37.0,,,,,,0.03
1990-11-16,,,,,44.7,54.0,40.0,,,,,,0.0
1990-11-17,,,,,39.7,41.0,38.0,,,,,,0.05
1990-11-18,,,,,36.8,41.0,35.0,,,,,,0.07
1990-11-19,,,,,31.6,38.0,28.0,,,,,,0.0
1990-11-20,,,,,31.3,34.0,29.0,,,,,,0.0
1990-11-21,,,,,36.0,39.0,34.0,,,,,,0.05
1990-11-22,,,,,37.5,39.0,35.0,,,,,,0.0
1990-11-23,,,,,42.6,54.0,36.0,,,,,,0.0
1990-11-24,,,,,44.3,49.0,41.0,,,,,,0.0
1990-11-25,,,,,32.9,44.0,28.0,,,,,,0.47
1990-11-26,,,,,29.4,32.0,27.0,,,,,,0.0
1990-11-27,,,,,31.6,32.0,29.0,,,,,,0.02
1990-11-28,,,,,34.9,39.0,29.0,,,,,,0.0
1990-11-29,,,,,35.8,42.0,31.0,,,,,,0.18
1990-11-30,,,,,30.1,38.0,27.0,,,,,,0.03
1990-12-01,,,,,29.2,32.0,26.0,,,,,,0.0
1990-12-02,,,,,30.0,32.0,29.0,,,,,,0.0
1990-12-03,,,,,38.8,41.0,35.0,,,,,,0.0
1990-12-04,,,,,35.0,40.0,30.0,,,,,,0.05
1990-12-05,,,,,34.0,43.0,28.0,,,,,,0.0
1990-12-06,,,,,43.2,50.0,35.0,,,,,,0.0
1990-12-07,,,,,46.7,50.0,43.0,,,,,,0.0
1990-12-08,,,,,48.4,54.0,46.0,,,,,,0.0
1990-12-09,,,,,43.8,49.0,39.0,,,,,,0.12
1990-12-10,,,,,36.0,43.0,30.0,,,,,,0.45
1990-12-11,,,,,28.9,36.0,26.0,,,,,,0.02
1990-12-12,,,,,29.5,35.0,27.0,,,,,,0.0
1990-12-13,,,,,26.5,32.0,24.0,,,,,,0.0
1990-12-14,,,,,27.4,31.0,24.0,,,,,,0.0
1990-12-15,,,,,30.1,34.0,28.0,,,,,,0.0
1990-12-16,,,,,29.4,33.0,24.0,,,,,,0.0
1990-12-17,,,,,35.8,38.0,33.0,,,,,,0.02
1990-12-18,,,,,29.4,36.0,19.0,,,,,,0.15
1990-12-19,,,,,15.8,19.0,9.0,,,,,,0.0
1990-12-20,,,,,5.3,13.0,-1.0,,,,,,0.0
1990-12-21,,,,,4.1,17.0,-4.0,,,,,,0.0
1990-12-22,,,,,16.0,33.0,5.0,,,,,,0.0
1990-12-23,,,,,22.7,32.0,14.0,,,,,,0.0
1990-12-24,,,,,30.7,48.0,22.0,,,,,,0.02
1990-12-25,,,,,32.7,44.0,26.0,,,,,,0.0
1990-12-26,,,,,32.9,42.0,29.0,,,,,,0.01
1990-12-27,,,,,29.7,35.0,26.0,,,,,,0.0
1990-12-28,,,,,23.5,26.0,18.0,,,,,,0.0
1990-12-29,,,,,19.0,28.0,10.0,,,,,,0.0
1990-12-30,,,,,28.7,39.0,22.0,,,,,,0.0
1990-12-31,,,,,35.6,46.0,30.0,,,,,,0.0
1991-01-01,,,,,44.5,56.0,32.0,,,,,,0.0
1991-01-02,,,,,48.4,57.0,45.0,,,,,,0.0
1991-01-03,,,,,46.0,56.0,43.0,,,,,,0.0
1991-01-04,,,,,43.6,57.0,37.0,,,,,,0.0
1991-01-05,,,,,39.0,45.0,36.0,,,,,,0.0
1991-01-06,,,,,35.6,39.0,31.0,,,,,,0.02
1991-01-07,,,,,34.5,40.0,31.0,,,,,,0.1
1991-01-08,,,,,32.2,36.0,30.0,,,,,,0.0
1991-01-09,,,,,34.2,37.0,32.0,,,,,,0.03
1991-01-10,,,,,38.6,42.0,35.0,,,,,,0.67
1991-01-11,,,,,40.5,44.0,38.0,,,,,,0.52
1991-01-12,,,,,44.2,45.0,42.0,,,,,,0.06
1991-01-13,,,,,43.2,45.0,41.0,,,,,,0.01
1991-01-14,,,,,41.7,44.0,38.0,,,,,,0.02
1991-01-15,,,,,35.3,39.0,30.0,,,,,,0.0
1991-01-16,,,,,43.8,54.0,31.0,,,,,,0.0
1991-01-17,,,,,51.6,64.0,43.0,,,,,,0.02
1991-01-18,,,,,42.3,50.0,35.0,,,,,,0.05
1991-01-19,,,,,40.5,51.0,31.0,,,,,,0.01
1991-01-20,,,,,39.1,50.0,31.0,,,,,,0.0
1991-01-21,,,,,40.5,52.0,30.0,,,,,,0.0
1991-01-22,,,,,43.6,55.0,35.0,,,,,,0.0
1991-01-23,,,,,34.7,46.0,25.0,,,,,,0.0
1991-01-24,,,,,35.2,48.0,24.0,,,,,,0.0
1991-01-25,,,,,43.6,54.0,39.0,,,,,,0.01
1991-01-26,,,,,42.6,53.0,34.0,,,,,,0.01
1991-01-27,,,,,35.3,46.0,28.0,,,,,,0.0
1991-01-28,,,,,29.1,38.0,23.0,,,,,,0.05
1991-01-29,,,,,44.7,55.0,34.0,,,,,,0.0
1991-01-30,,,,,42.5,45.0,39.0,,,,,,0.0
1991-01-31,,,,,43.9,48.0,39.0,,,,,,0.0
1991-02-01,,,,,45.9,52.0,40.0,,,,,,0.27
1991-02-02,,,,,41.0,43.0,40.0,,,,,,0.91
1991-02-03,,,,,39.5,40.0,39.0,,,,,,0.19
1991-02-04,,,,,41.9,45.0,40.0,,,,,,0.79
1991-02-05,,,,,40.2,48.0,34.0,,,,,,0.33
1991-02-06,,,,,46.2,55.0,38.0,,,,,,0.0
1991-02-07,,,,,48.7,53.0,45.0,,,,,,0.0
1991-02-08,,,,,47.6,56.0,43.0,,,,,,0.0
1991-02-09,,,,,46.8,57.0,40.0,,,,,,0.0
1991-02-10,,,,,47.0,55.0,42.0,,,,,,0.0
1991-02-11,,,,,40.1,46.0,36.0,,,,,,0.0
1991-02-12,,,,,37.7,41.0,35.0,,,,,,0.18
1991-02-13,,,,,44.4,50.0,40.0,,,,,,0.07
1991-02-14,,,,,50.7,58.0,43.0,,,,,,0.0
1991-02-15,,,,,44.2,50.0,38.0,,,,,,0.04
1991-02-16,,,,,36.1,41.0,33.0,,,,,,0.09
1991-02-17,,,,,34.8,37.0,33.0,,,,,,0.07
1991-02-18,,,,,39.2,43.0,36.0,,,,,,0.17
1991-02-19,,,,,39.5,44.0,38.0,,,,,,0.01
1991-02-20,,,,,43.2,55.0,37.0,,,,,,0.0
1991-02-21,,,,,49.8,64.0,40.0,,,,,,0.0
1991-02-22,,,,,42.8,54.0,36.0,,,,,,0.0
1991-02-23,,,,,47.6,62.0,34.0,,,,,,0.0
1991-02-24,,,,,50.3,64.0,40.0,,,,,,0.0
1991-02-25,,,,,53.9,66.0,44.0,,,,,,0.0
1991-02-26,,,,,54.9,68.0,47.0,,,,,,0.0
1991-02-27,,,,,51.1,63.0,45.0,,,,,,0.0
1991-02-28,,,,,42.0,47.0,38.0,,,,,,0.02
1991-03-01,,,,,37.4,42.0,32.0,,,,,,0.31
1991-03-02,,,,,35.3,39.0,32.0,,,,,,0.88
1991-03-03,,,,,39.1,42.0,36.0,,,,,,1.68
1991-03-04,,,,,33.1,41.0,25.0,,,,,,1.06
1991-03-05,,,,,26.0,30.0,23.0,,,,,,0.05
1991-03-06,,,,,29.1,32.0,25.0,,,,,,0.09
1991-03-07,,,,,32.1,44.0,26.0,,,,,,0.3
1991-03-08,,,,,39.2,51.0,28.0,,,,,,0.0
1991-03-09,,,,,34.3,45.0,27.0,,,,,,0.0
1991-03-10,,,,,27.9,36.0,24.0,,,,,,0.0
1991-03-11,,,,,27.3,32.0,22.0,,,,,,0.0
1991-03-12,,,,,31.2,35.0,29.0,,,,,,0.25
1991-03-13,,,,,32.0,43.0,28.0,,,,,,0.3
1991-03-14,,,,,27.2,30.0,26.0,,,,,,0.01
1991-03-15,,,,,33.8,49.0,26.0,,,,,,0.56
1991-03-16,,,,,34.8,44.0,29.0,,,,,,0.02
1991-03-17,,,,,40.4,56.0,34.0,,,,,,0.01
1991-03-18,,,,,36.0,48.0,28.0,,,,,,0.02
1991-03-19,,,,,34.6,44.0,27.0,,,,,,0.35
1991-03-20,,,,,35.2,52.0,29.0,,,,,,0.0
1991-03-21,,,,,30.3,33.0,26.0,,,,,,0.05
1991-03-22,,,,,34.2,33.0,24.0,,,,,,0.02
1991-03-23,,,,,27.8,35.0,30.0,,,,,,0.31
1991-03-24,,,,,32.1,40.0,27.0,,,,,,0.11
1991-03-25,,,,,31.2,38.0,27.0,,,,,,0.05
1991-03-26,,,,,35.8,48.0,26.0,,,,,,0.08
1991-03-27,,,,,38.7,51.0,30.0,,,,,,0.0
1991-03-28,,,,,33.9,45.0,29.0,,,,,,0.0
1991-03-29,,,,,43.0,56.0,30.0,,,,,,0.0
1991-03-30,,,,,55.4,69.0,44.0,,,,,,0.0
1991-03-31,,,,,49.7,61.0,40.0,,,,,,0.0
1991-04-01,,,,,39.5,44.0,35.0,,,,,,0.27
1991-04-02,,,,,38.1,47.0,34.0,,,,,,0.01
1991-04-03,,,,,38.0,44.0,33.0,,,,,,0.01
1991-04-04,,,,,42.5,52.0,38.0,,,,,,0.0
1991-04-05,,,,,36.1,42.0,32.0,,,,,,0.64
1991-04-06,,,,,30.6,36.0,27.0,,,,,,0.31
1991-04-07,,,,,31.3,39.0,27.0,,,,,,0.13
1991-04-08,,,,,33.5,38.0,28.0,,,,,,0.15
1991-04-09,,,,,32.8,38.0,26.0,,,,,,0.26
1991-04-10,,,,,27.2,33.0,26.0,,,,,,0.21
1991-04-11,,,,,33.6,44.0,25.0,,,,,,0.4
1991-04-12,,,,,45.3,57.0,34.0,,,,,,0.0
1991-04-13,,,,,44.8,59.0,33.0,,,,,,0.0
1991-04-14,,,,,35.1,43.0,32.0,,,,,,0.03
1991-04-15,,,,,34.5,41.0,31.0,,,,,,0.28
1991-04-16,,,,,37.7,46.0,32.0,,,,,,0.0
1991-04-17,,,,,43.0,57.0,35.0,,,,,,0.01
1991-04-18,,,,,43.7,60.0,37.0,,,,,,0.01
1991-04-19,,,,,47.2,58.0,38.0,,,,,,0.0
1991-04-20,,,,,43.4,51.0,41.0,,,,,,0.09
1991-04-21,,,,,44.8,55.0,39.0,,,,,,0.04
1991-04-22,,,,,50.7,63.0,41.0,,,,,,0.0
1991-04-23,,,,,39.2,43.0,33.0,,,,,,0.09
1991-04-24,,,,,31.8,38.0,28.0,,,,,,0.14
1991-04-25,,,,,31.2,35.0,28.0,,,,,,0.19
1991-04-26,,,,,33.1,39.0,29.0,,,,,,0.16
1991-04-27,,,,,37.6,50.0,27.0,,,,,,0.0
1991-04-28,,,,,40.1,47.0,34.0,,,,,,0.07
1991-04-29,,,,,45.3,59.0,32.0,,,,,,0.0
1991-04-30,,,,,46.7,63.0,34.0,,,,,,0.0
1991-05-01,,,,,42.8,60.0,34.0,,,,,,0.0
1991-05-02,,,,,46.0,62.0,35.0,,,,,,0.03
1991-05-03,,,,,49.8,63.0,40.0,,,,,,0.0
1991-05-04,,,,,51.6,64.0,42.0,,,,,,0.0
1991-05-05,,,,,51.0,64.0,43.0,,,,,,0.0
1991-05-06,,,,,44.1,54.0,40.0,,,,,,0.07
1991-05-07,,,,,42.8,47.0,35.0,,,,,,0.24
1991-05-08,,,,,32.3,38.0,29.0,,,,,,0.13
1991-05-09,,,,,33.5,41.0,30.0,,,,,,0.64
1991-05-10,,,,,36.5,41.0,32.0,,,,,,0.04
1991-05-11,,,,,43.0,55.0,36.0,,,,,,0.0
1991-05-12,,,,,44.3,56.0,38.0,,,,,,0.17
1991-05-13,,,,,39.0,45.0,33.0,,,,,,0.62
1991-05-14,,,,,41.1,57.0,31.0,,,,,,0.0
1991-05-15,,,,,50.6,57.0,43.0,,,,,,0.01
1991-05-16,,,,,43.2,60.0,36.0,,,,,,0.34
1991-05-17,,,,,32.0,35.0,31.0,,,,,,0.29
1991-05-18,,,,,33.4,36.0,31.0,,,,,,0.47
1991-05-19,,,,,38.5,43.0,35.0,,,,,,0.09
1991-05-20,,,,,44.1,52.0,38.0,,,,,,0.02
1991-05-21,,,,,46.9,56.0,41.0,,,,,,0.02
1991-05-22,,,,,47.4,61.0,39.0,,,,,,0.0
1991-05-23,,,,,53.1,69.0,39.0,,,,,,0.0
1991-05-24,,,,,42.3,55.0,34.0,,,,,,0.0
1991-05-25,,,,,42.4,56.0,32.0,,,,,,0.0
1991-05-26,,,,,44.7,58.0,35.0,,,,,,0.0
1991-05-27,,,,,43.5,57.0,36.0,,,,,,0.0
1991-05-28,,,,,44.5,58.0,35.0,,,,,,0.0
1991-05-29,,,,,38.8,42.0,34.0,,,,,,0.27
1991-05-30,,,,,38.1,46.0,32.0,,,,,,0.15
1991-05-31,,,,,48.9,64.0,36.0,,,,,,0.0
1991-06-01,,,,,56.2,72.0,42.0,,,,,,0.0
1991-06-02,,,,,53.7,67.0,39.0,,,,,,0.0
1991-06-03,,,,,43.9,59.0,34.0,,,,,,0.0
1991-06-04,,,,,43.5,59.0,30.0,,,,,,0.0
1991-06-05,,,,,46.1,61.0,37.0,,,,,,0.0
1991-06-06,,,,,51.3,65.0,40.0,,,,,,0.0
1991-06-07,,,,,55.3,69.0,44.0,,,,,,0.0
1991-06-08,,,,,57.7,71.0,45.0,,,,,,0.0
1991-06-09,,,,,63.3,76.0,50.0,,,,,,0.0
1991-06-10,,,,,61.4,78.0,49.0,,,,,,0.0
1991-06-11,,,,,50.0,64.0,37.0,,,,,,0.11
1991-06-12,,,,,42.8,56.0,36.0,,,,,,0.0
1991-06-13,,,,,43.0,54.0,31.0,,,,,,0.0
1991-06-14,,,,,50.6,68.0,35.0,,,,,,0.0
1991-06-15,,,,,47.1,62.0,37.0,,,,,,0.0
1991-06-16,,,,,46.3,62.0,37.0,,,,,,0.0
1991-06-17,,,,,50.2,65.0,38.0,,,,,,0.0
1991-06-18,,,,,48.9,63.0,42.0,,,,,,0.0
1991-06-19,,,,,41.3,44.0,38.0,,,,,,0.48
1991-06-20,,,,,46.1,59.0,36.0,,,,,,0.01
1991-06-21,,,,,50.1,65.0,40.0,,,,,,0.0
1991-06-22,,,,,50.9,62.0,41.0,,,,,,0.0
1991-06-23,,,,,53.1,65.0,44.0,,,,,,0.0
1991-06-24,,,,,48.4,61.0,41.0,,,,,,0.0
1991-06-25,,,,,45.7,56.0,42.0,,,,,,0.0
1991-06-26,,,,,51.5,66.0,42.0,,,,,,0.4
1991-06-27,,,,,50.8,61.0,46.0,,,,,,0.05
1991-06-28,,,,,50.1,58.0,44.0,,,,,,0.29
1991-06-29,,,,,50.8,60.0,45.0,,,,,,0.01
1991-06-30,,,,,57.0,73.0,46.0,,,,,,0.0
1991-07-01,,,,,66.5,79.0,52.0,,,,,,0.0
1991-07-02,,,,,76.8,88.0,64.0,,,,,,0.0
1991-07-03,,,,,71.0,86.0,58.0,,,,,,0.0
1991-07-04,,,,,64.0,81.0,51.0,,,,,,0.0
1991-07-05,,,,,59.0,77.0,45.0,,,,,,0.0
1991-07-06,,,,,59.2,75.0,46.0,,,,,,0.0
1991-07-07,,,,,65.2,80.0,52.0,,,,,,0.0
1991-07-08,,,,,63.8,79.0,51.0,,,,,,0.0
1991-07-09,,,,,59.9,74.0,49.0,,,,,,0.0
1991-07-10,,,,,62.9,77.0,50.0,,,,,,0.0
1991-07-11,,,,,67.5,82.0,54.0,,,,,,0.0
1991-07-12,,,,,69.6,84.0,56.0,,,,,,0.0
1991-07-13,,,,,56.3,65.0,49.0,,,,,,0.0
1991-07-14,,,,,57.8,71.0,50.0,,,,,,0.0
1991-07-15,,,,,53.3,64.0,47.0,,,,,,0.1
1991-07-16,,,,,51.9,58.0,48.0,,,,,,0.93
1991-07-17,,,,,54.5,68.0,48.0,,,,,,0.0
1991-07-18,,,,,58.9,74.0,48.0,,,,,,0.0
1991-07-19,,,,,58.0,75.0,48.0,,,,,,0.0
1991-07-20,,,,,61.1,77.0,47.0,,,,,,0.0
1991-07-21,,,,,64.2,77.0,52.0,,,,,,0.0
1991-07-22,,,,,72.2,88.0,59.0,,,,,,0.09
1991-07-23,,,,,73.7,89.0,61.0,,,,,,0.0
1991-07-24,,,,,62.8,76.0,48.0,,,,,,0.0
1991-07-25,,,,,54.4,70.0,46.0,,,,,,0.0
1991-07-26,,,,,62.6,78.0,47.0,,,,,,0.0
1991-07-27,,,,,68.2,84.0,57.0,,,,,,0.0
1991-07-28,,,,,68.8,83.0,57.0,,,,,,0.0
1991-07-29,,,,,69.1,83.0,59.0,,,,,,0.0
1991-07-30,,,,,72.1,86.0,61.0,,,,,,0.0
1991-07-31,,,,,66.3,81.0,48.0,,,,,,0.0
1991-08-01,,,,,60.7,75.0,49.0,,,,,,0.0
1991-08-02,,,,,63.4,78.0,52.0,,,,,,0.0
1991-08-03,,,,,64.5,80.0,55.0,,,,,,0.0
1991-08-04,,,,,62.7,78.0,51.0,,,,,,0.0
1991-08-05,,,,,60.5,73.0,51.0,,,,,,0.0
1991-08-06,,,,,61.0,74.0,51.0,,,,,,0.0
1991-08-07,,,,,58.1,68.0,49.0,,,,,,0.0
1991-08-08,,,,,65.2,82.0,54.0,,,,,,0.0
1991-08-09,,,,,53.3,60.0,48.0,,,,,,0.14
1991-08-10,,,,,54.6,71.0,46.0,,,,,,0.0
1991-08-11,,,,,61.7,78.0,49.0,,,,,,0.0
1991-08-12,,,,,67.3,82.0,55.0,,,,,,0.0
1991-08-13,,,,,67.4,83.0,57.0,,,,,,0.0
1991-08-14,,,,,69.2,84.0,58.0,,,,,,0.0
1991-08-15,,,,,67.4,81.0,57.0,,,,,,0.0
1991-08-16,,,,,67.7,81.0,56.0,,,,,,0.0
1991-08-17,,,,,66.8,82.0,59.0,,,,,,0.0
1991-08-18,,,,,66.7,81.0,60.0,,,,,,0.0
1991-08-19,,,,,72.7,86.0,60.0,,,,,,0.0
1991-08-20,,,,,70.7,88.0,58.0,,,,,,0.0
1991-08-21,,,,,72.4,87.0,61.0,,,,,,0.0
1991-08-22,,,,,67.8,81.0,52.0,,,,,,0.0
1991-08-23,,,,,59.8,74.0,48.0,,,,,,0.0
1991-08-24,,,,,56.7,73.0,46.0,,,,,,0.0
1991-08-25,,,,,52.8,70.0,43.0,,,,,,0.0
1991-08-26,,,,,57.9,72.0,43.0,,,,,,0.0
1991-08-27,,,,,53.9,62.0,50.0,,,,,,0.02
1991-08-28,,,,,53.5,59.0,50.0,,,,,,0.14
1991-08-29,,,,,61.2,75.0,52.0,,,,,,0.01
1991-08-30,,,,,61.6,77.0,53.0,,,,,,0.0
1991-08-31,,,,,55.3,67.0,46.0,,,,,,0.01
1991-09-01,,,,,55.0,69.0,46.0,,,,,,0.0
1991-09-02,,,,,61.4,75.0,48.0,,,,,,0.0
1991-09-03,,,,,74.5,92.0,61.0,,,,,,0.0
1991-09-04,,,,,75.3,93.0,67.0,,,,,,0.0
1991-09-05,,,,,72.9,86.0,62.0,,,,,,0.0
1991-09-06,,,,,64.8,83.0,51.0,,,,,,0.0
1991-09-07,,,,,50.2,55.0,43.0,,,,,,0.17
1991-09-08,,,,,44.8,64.0,40.0,,,,,,0.0
1991-09-09,,,,,53.0,69.0,40.0,,,,,,0.0
1991-09-10,,,,,59.4,76.0,48.0,,,,,,0.0
1991-09-11,,,,,62.2,75.0,53.0,,,,,,0.0
1991-09-12,,,,,64.5,79.0,53.0,,,,,,0.0
1991-09-13,,,,,58.9,73.0,49.0,,,,,,0.0
1991-09-14,,,,,58.2,73.0,47.0,,,,,,0.0
1991-09-15,,,,,70.4,88.0,56.0,,,,,,0.0
1991-09-16,,,,,75.5,89.0,67.0,,,,,,0.0
1991-09-17,,,,,77.8,92.0,68.0,,,,,,0.0
1991-09-18,,,,,75.4,90.0,63.0,,,,,,0.0
1991-09-19,,,,,67.8,84.0,54.0,,,,,,0.0
1991-09-20,,,,,52.8,69.0,42.0,,,,,,0.0
1991-09-21,,,,,53.7,66.0,42.0,,,,,,0.0
1991-09-22,,,,,63.3,78.0,52.0,,,,,,0.0
1991-09-23,,,,,64.8,76.0,56.0,,,,,,0.0
1991-09-24,,,,,76.8,93.0,65.0,,,,,,0.0
1991-09-25,,,,,77.4,91.0,66.0,,,,,,0.0
1991-09-26,,,,,69.7,82.0,61.0,,,,,,0.0
1991-09-27,,,,,64.3,77.0,54.0,,,,,,0.0
1991-09-28,,,,,62.6,77.0,54.0,,,,,,0.0
1991-09-29,,,,,70.0,84.0,57.0,,,,,,0.0
1991-09-30,,,,,75.3,90.0,67.0,,,,,,0.0
1991-10-01,,,,,71.5,85.0,58.0,,,,,,0.0
1991-10-02,,,,,59.9,72.0,51.0,,,,,,0.0
1991-10-03,,,,,62.9,80.0,50.0,,,,,,0.0
1991-10-04,,,,,71.9,86.0,61.0,,,,,,0.0
1991-10-05,,,,,72.7,87.0,63.0,,,,,,0.0
1991-10-06,,,,,58.8,70.0,47.0,,,,,,0.0
1991-10-07,,,,,58.0,70.0,52.0,,,,,,0.0
1991-10-08,,,,,62.5,75.0,53.0,,,,,,0.0
1991-10-09,,,,,62.6,76.0,58.0,,,,,,0.0
1991-10-10,,,,,78.6,92.0,68.0,,,,,,0.0
1991-10-11,,,,,72.8,85.0,64.0,,,,,,0.0
1991-10-12,,,,,63.7,75.0,50.0,,,,,,0.0
1991-10-13,,,,,65.3,81.0,52.0,,,,,,0.0
1991-10-14,,,,,78.8,88.0,72.0,,,,,,0.0
1991-10-15,,,,,74.3,83.0,68.0,,,,,,0.0
1991-10-16,,,,,54.6,59.0,48.0,,,,,,0.0
1991-10-17,,,,,50.2,58.0,43.0,,,,,,0.0
1991-10-18,,,,,58.6,70.0,52.0,,,,,,0.0
1991-10-19,,,,,55.6,63.0,48.0,,,,,,0.0
1991-10-20,,,,,57.0,68.0,48.0,,,,,,0.0
1991-10-21,,,,,46.2,57.0,34.0,,,,,,0.11
1991-10-22,,,,,34.0,40.0,31.0,,,,,,0.14
1991-10-23,,,,,35.0,40.0,33.0,,,,,,0.06
1991-10-24,,,,,36.5,40.0,33.0,,,,,,0.13
1991-10-25,,,,,39.8,44.0,36.0,,,,,,0.5
1991-10-26,,,,,34.2,37.0,31.0,,,,,,0.33
1991-10-27,,,,,33.5,40.0,30.0,,,,,,0.02
1991-10-28,,,,,36.4,42.0,31.0,,,,,,0.26
1991-10-29,,,,,33.0,38.0,27.0,,,,,,0.07
1991-10-30,,,,,38.2,52.0,24.0,,,,,,0.0
1991-10-31,,,,,46.9,59.0,40.0,,,,,,0.0
1991-11-01,,,,,50.1,61.0,44.0,,,,,,0.0
1991-11-02,,,,,53.0,60.0,47.0,,,,,,0.0
1991-11-03,,,,,53.1,55.0,52.0,,,,,,0.0
1991-11-04,,,,,51.5,54.0,50.0,,,,,,0.0
1991-11-05,,,,,53.6,57.0,52.0,,,,,,0.0
1991-11-06,,,,,54.2,58.0,52.0,,,,,,0.01
1991-11-07,,,,,59.8,68.0,54.0,,,,,,0.0
1991-11-08,,,,,49.4,55.0,44.0,,,,,,0.18
1991-11-09,,,,,44.2,51.0,40.0,,,,,,0.03
1991-11-10,,,,,52.1,60.0,45.0,,,,,,0.0
1991-11-11,,,,,52.5,61.0,49.0,,,,,,0.0
1991-11-12,,,,,47.7,52.0,42.0,,,,,,0.49
1991-11-13,,,,,36.0,41.0,31.0,,,,,,0.3
1991-11-14,,,,,31.7,35.0,29.0,,,,,,0.11
1991-11-15,,,,,37.5,45.0,27.0,,,,,,0.01
1991-11-16,,,,,40.2,46.0,37.0,,,,,,0.83
1991-11-17,,,,,36.2,40.0,33.0,,,,,,0.93
1991-11-18,,,,,35.4,40.0,32.0,,,,,,0.27
1991-11-19,,,,,38.9,44.0,35.0,,,,,,0.49
1991-11-20,,,,,37.8,42.0,32.0,,,,,,0.26
1991-11-21,,,,,32.7,42.0,29.0,,,,,,0.02
1991-11-22,,,,,41.0,49.0,29.0,,,,,,0.0
1991-11-23,,,,,47.7,52.0,44.0,,,,,,0.02
1991-11-24,,,,,42.7,45.0,37.0,,,,,,0.49
1991-11-25,,,,,44.0,46.0,40.0,,,,,,0.28
1991-11-26,,,,,38.8,44.0,31.0,,,,,,0.4
1991-11-27,,,,,31.6,34.0,30.0,,,,,,0.13
1991-11-28,,,,,32.0,37.0,29.0,,,,,,0.25
1991-11-29,,,,,28.0,30.0,25.0,,,,,,0.01
1991-11-30,,,,,28.8,36.0,23.0,,,,,,0.05
1991-12-01,,,,,34.9,41.0,30.0,,,,,,0.04
1991-12-02,,,,,37.9,45.0,33.0,,,,,,0.08
1991-12-03,,,,,45.6,57.0,34.0,,,,,,0.0
1991-12-04,,,,,44.2,49.0,40.0,,,,,,0.0
1991-12-05,,,,,39.0,45.0,36.0,,,,,,0.08
1991-12-06,,,,,38.9,43.0,33.0,,,,,,1.11
1991-12-07,,,,,32.0,36.0,29.0,,,,,,0.11
1991-12-08,,,,,39.0,47.0,30.0,,,,,,0.15
1991-12-09,,,,,43.0,50.0,35.0,,,,,,0.12
1991-12-10,,,,,39.5,49.0,31.0,,,,,,0.01
1991-12-11,,,,,37.5,40.0,34.0,,,,,,0.0
1991-12-12,,,,,35.6,39.0,30.0,,,,,,0.13
1991-12-13,,,,,40.2,52.0,28.0,,,,,,0.0
1991-12-14,,,,,48.4,58.0,44.0,,,,,,0.0
1991-12-15,,,,,48.0,53.0,44.0,,,,,,0.0
1991-12-16,,,,,49.7,57.0,45.0,,,,,,0.0
1991-12-17,,,,,42.1,47.0,36.0,,,,,,0.03
1991-12-18,,,,,30.6,34.0,27.0,,,,,,0.28
1991-12-19,,,,,30.1,41.0,26.0,,,,,,0.2
1991-12-20,,,,,37.7,46.0,26.0,,,,,,0.03
1991-12-21,,,,,41.0,45.0,38.0,,,,,,0.04
1991-12-22,,,,,43.3,51.0,39.0,,,,,,0.0
1991-12-23,,,,,43.0,48.0,40.0,,,,,,0.0
1991-12-24,,,,,41.3,46.0,38.0,,,,,,0.0
1991-12-25,,,,,40.9,45.0,38.0,,,,,,0.0
1991-12-26,,,,,43.2,48.0,41.0,,,,,,0.0
1991-12-27,,,,,43.5,51.0,38.0,,,,,,0.0
1991-12-28,,,,,34.2,38.0,32.0,,,,,,0.07
1991-12-29,,,,,34.1,40.0,31.0,,,,,,0.06
1991-12-30,,,,,35.1,40.0,32.0,,,,,,0.01
1991-12-31,,,,,38.2,46.0,32.0,,,,,,0.0
1992-01-01,,,,,35.8,38.0,34.0,,,,,,0.0
1992-01-02,,,,,38.8,49.0,36.0,,,,,,0.02
1992-01-03,,,,,34.2,38.0,31.0,,,,,,0.08
1992-01-04,,,,,30.7,32.0,28.0,,,,,,0.0
1992-01-05,,,,,33.9,38.0,32.0,,,,,,0.43
1992-01-06,,,,,30.9,32.0,29.0,,,,,,0.09
1992-01-07,,,,,32.8,38.0,28.0,,,,,,0.22
1992-01-08,,,,,46.8,54.0,37.0,,,,,,0.28
1992-01-09,,,,,44.1,49.0,37.0,,,,,,0.0
1992-01-10,,,,,34.5,39.0,30.0,,,,,,0.12
1992-01-11,,,,,30.7,34.0,29.0,,,,,,0.13
1992-01-12,,,,,31.0,38.0,24.0,,,,,,0.01
1992-01-13,,,,,37.1,41.0,32.0,,,,,,0.06
1992-01-14,,,,,44.8,56.0,38.0,,,,,,0.0
1992-01-15,,,,,46.0,49.0,41.0,,,,,,0.0
1992-01-16,,,,,38.1,41.0,36.0,,,,,,0.25
1992-01-17,,,,,40.3,51.0,31.0,,,,,,0.01
1992-01-18,,,,,45.3,55.0,36.0,,,,,,0.0
1992-01-19,,,,,47.3,51.0,45.0,,,,,,0.0
1992-01-20,,,,,42.5,48.0,37.0,,,,,,0.0
1992-01-21,,,,,36.5,44.0,32.0,,,,,,0.0
1992-01-22,,,,,38.6,46.0,33.0,,,,,,0.0
1992-01-23,,,,,40.6,42.0,39.0,,,,,,0.0
1992-01-24,,,,,43.0,50.0,38.0,,,,,,0.03
1992-01-25,,,,,36.8,39.0,35.0,,,,,,0.59
1992-01-26,,,,,36.8,38.0,34.0,,,,,,0.03
1992-01-27,,,,,40.8,43.0,38.0,,,,,,0.64
1992-01-28,,,,,39.8,43.0,37.0,,,,,,0.4
1992-01-29,,,,,44.2,51.0,38.0,,,,,,0.0
1992-01-30,,,,,46.6,50.0,44.0,,,,,,0.0
1992-01-31,,,,,41.0,50.0,32.0,,,,,,0.74
1992-02-01,,,,,32.9,37.0,32.0,,,,,,0.29
1992-02-02,,,,,39.3,49.0,32.0,,,,,,0.0
1992-02-03,,,,,47.6,60.0,38.0,,,,,,0.0
1992-02-04,,,,,46.7,58.0,40.0,,,,,,0.0
1992-02-05,,,,,47.2,56.0,42.0,,,,,,0.0
1992-02-06,,,,,43.2,53.0,38.0,,,,,,0.0
1992-02-07,,,,,42.7,53.0,36.0,,,,,,0.0
1992-02-08,,,,,41.1,48.0,38.0,,,,,,0.15
1992-02-09,,,,,42.0,47.0,37.0,,,,,,0.01
1992-02-10,,,,,41.3,51.0,37.0,,,,,,0.0
1992-02-11,,,,,39.3,42.0,36.0,,,,,,0.08
1992-02-12,,,,,42.0,53.0,36.0,,,,,,0.08
1992-02-13,,,,,35.8,39.0,34.0,,,,,,0.04
1992-02-14,,,,,32.0,37.0,29.0,,,,,,0.0
1992-02-15,,,,,32.2,38.0,28.0,,,,,,0.18
1992-02-16,,,,,31.1,34.0,29.0,,,,,,0.18
1992-02-17,,,,,31.7,34.0,29.0,,,,,,0.13
1992-02-18,,,,,37.2,41.0,33.0,,,,,,0.15
1992-02-19,,,,,41.9,43.0,40.0,,,,,,0.48
1992-02-20,,,,,37.8,41.0,35.0,,,,,,0.51
1992-02-21,,,,,41.8,47.0,38.0,,,,,,0.24
1992-02-22,,,,,41.2,52.0,37.0,,,,,,0.06
1992-02-23,,,,,47.2,58.0,39.0,,,,,,0.0
1992-02-24,,,,,55.3,67.0,48.0,,,,,,0.0
1992-02-25,,,,,58.6,71.0,49.0,,,,,,0.0
1992-02-26,,,,,58.8,69.0,49.0,,,,,,0.0
1992-02-27,,,,,58.8,69.0,53.0,,,,,,0.0
1992-02-28,,,,,53.0,62.0,46.0,,,,,,0.0
1992-02-29,,,,,46.3,57.0,41.0,,,,,,0.0
1992-03-01,,,,,44.7,55.0,38.0,,,,,,0.05
1992-03-02,,,,,44.0,54.0,38.0,,,,,,0.06
1992-03-03,,,,,42.7,53.0,37.0,,,,,,0.0
1992-03-04,,,,,38.6,43.0,36.0,,,,,,0.51
1992-03-05,,,,,38.7,47.0,35.0,,,,,,0.19
1992-03-06,,,,,40.2,49.0,34.0,,,,,,0.01
1992-03-07,,,,,37.9,43.0,34.0,,,,,,0.01
1992-03-08,,,,,43.5,55.0,35.0,,,,,,0.0
1992-03-09,,,,,48.2,58.0,41.0,,,,,,0.0
1992-03-10,,,,,48.1,60.0,43.0,,,,,,0.0
1992-03-11,,,,,50.5,63.0,42.0,,,,,,0.0
1992-03-12,,,,,54.6,70.0,46.0,,,,,,0.0
1992-03-13,,,,,49.8,64.0,41.0,,,,,,0.0
1992-03-14,,,,,41.4,45.0,36.0,,,,,,0.0
1992-03-15,,,,,41.5,49.0,36.0,,,,,,0.19
1992-03-16,,,,,36.2,40.0,33.0,,,,,,0.48
1992-03-17,,,,,37.4,49.0,33.0,,,,,,0.05
1992-03-18,,,,,43.1,57.0,32.0,,,,,,0.01
1992-03-19,,,,,49.8,64.0,39.0,,,,,,0.0
1992-03-20,,,,,53.9,66.0,46.0,,,,,,0.0
1992-03-21,,,,,52.5,66.0,43.0,,,,,,0.0
1992-03-22,,,,,48.1,58.0,41.0,,,,,,0.0
1992-03-23,,,,,45.0,53.0,39.0,,,,,,0.01
1992-03-24,,,,,49.0,63.0,37.0,,,,,,0.0
1992-03-25,,,,,51.1,62.0,44.0,,,,,,0.0
1992-03-26,,,,,44.2,55.0,36.0,,,,,,0.0
1992-03-27,,,,,38.0,44.0,35.0,,,,,,0.0
1992-03-28,,,,,40.5,45.0,39.0,,,,,,0.0
1992-03-29,,,,,48.1,64.0,39.0,,,,,,0.3
1992-03-30,,,,,40.2,43.0,36.0,,,,,,0.34
1992-03-31,,,,,48.7,62.0,40.0,,,,,,0.0
1992-04-01,,,,,60.6,74.0,48.0,,,,,,0.0
1992-04-02,,,,,57.7,73.0,43.0,,,,,,0.0
1992-04-03,,,,,39.3,49.0,30.0,,,,,,0.02
1992-04-04,,,,,32.3,42.0,27.0,,,,,,0.08
1992-04-05,,,,,31.1,39.0,26.0,,,,,,0.03
1992-04-06,,,,,34.6,45.0,26.0,,,,,,0.04
1992-04-07,,,,,41.2,51.0,33.0,,,,,,0.0
1992-04-08,,,,,41.6,44.0,37.0,,,,,,0.24
1992-04-09,,,,,43.7,45.0,42.0,,,,,,1.32
1992-04-10,,,,,45.8,54.0,38.0,,,,,,0.12
1992-04-11,,,,,45.1,51.0,42.0,,,,,,0.54
1992-04-12,,,,,43.2,51.0,39.0,,,,,,0.79
1992-04-13,,,,,41.4,47.0,37.0,,,,,,0.14
1992-04-14,,,,,45.4,58.0,39.0,,,,,,0.0
1992-04-15,,,,,44.9,57.0,39.0,,,,,,0.01
1992-04-16,,,,,46.4,49.0,43.0,,,,,,0.75
1992-04-17,,,,,39.1,43.0,37.0,,,,,,0.37
1992-04-18,,,,,44.2,58.0,36.0,,,,,,0.24
1992-04-19,,,,,53.1,67.0,44.0,,,,,,0.0
1992-04-20,,,,,41.9,49.0,31.0,,,,,,0.0
1992-04-21,,,,,34.2,45.0,28.0,,,,,,0.04
1992-04-22,,,,,35.4,49.0,28.0,,,,,,0.04
1992-04-23,,,,,49.5,66.0,31.0,,,,,,0.0
1992-04-24,,,,,55.4,66.0,49.0,,,,,,0.0
1992-04-25,,,,,57.1,71.0,49.0,,,,,,0.0
1992-04-26,,,,,52.8,64.0,47.0,,,,,,0.02
1992-04-27,,,,,55.2,69.0,47.0,,,,,,0.0
1992-04-28,,,,,60.2,74.0,49.0,,,,,,0.0
1992-04-29,,,,,50.0,59.0,42.0,,,,,,0.33
1992-04-30,,,,,38.8,46.0,33.0,,,,,,0.32
1992-05-01,,,,,47.0,61.0,32.0,,,,,,0.0
1992-05-02,,,,,61.5,74.0,47.0,,,,,,0.0
1992-05-03,,,,,69.5,84.0,56.0,,,,,,0.0
1992-05-04,,,,,69.7,81.0,60.0,,,,,,0.0
1992-05-05,,,,,71.1,85.0,60.0,,,,,,0.0
1992-05-06,,,,,70.0,83.0,58.0,,,,,,0.0
1992-05-07,,,,,62.9,75.0,46.0,,,,,,0.0
1992-05-08,,,,,50.3,65.0,39.0,,,,,,0.0
1992-05-09,,,,,48.0,63.0,37.0,,,,,,0.0
1992-05-10,,,,,49.7,64.0,37.0,,,,,,0.0
1992-05-11,,,,,45.1,58.0,34.0,,,,,,0.0
1992-05-12,,,,,55.8,64.0,49.0,,,,,,0.0
1992-05-13,,,,,58.0,72.0,47.0,,,,,,0.0
1992-05-14,,,,,61.6,75.0,49.0,,,,,,0.0
1992-05-15,,,,,62.3,73.0,52.0,,,,,,0.0
1992-05-16,,,,,64.7,79.0,52.0,,,,,,0.0
1992-05-17,,,,,61.6,76.0,52.0,,,,,,0.02
1992-05-18,,,,,54.6,67.0,46.0,,,,,,0.09
1992-05-19,,,,,45.8,57.0,40.0,,,,,,0.34
1992-05-20,,,,,43.0,58.0,34.0,,,,,,0.01
1992-05-21,,,,,49.5,63.0,33.0,,,,,,0.0
1992-05-22,,,,,63.2,76.0,51.0,,,,,,0.0
1992-05-23,,,,,62.6,76.0,51.0,,,,,,0.0
1992-05-24,,,,,68.4,85.0,52.0,,,,,,0.0
1992-05-25,,,,,57.3,73.0,47.0,,,,,,0.0
1992-05-26,,,,,53.9,67.0,46.0,,,,,,0.03
1992-05-27,,,,,56.6,71.0,45.0,,,,,,0.0
1992-05-28,,,,,55.5,70.0,44.0,,,,,,0.0
1992-05-29,,,,,56.3,71.0,47.0,,,,,,0.0
1992-05-30,,,,,62.9,77.0,55.0,,,,,,0.0
1992-05-31,,,,,66.0,83.0,52.0,,,,,,0.0
1992-06-01,,,,,63.1,75.0,48.0,,,,,,0.0
1992-06-02,,,,,55.9,71.0,43.0,,,,,,0.0
1992-06-03,,,,,62.9,78.0,50.0,,,,,,0.0
1992-06-04,,,,,58.0,74.0,46.0,,,,,,0.0
1992-06-05,,,,,57.2,73.0,45.0,,,,,,0.0
1992-06-06,,,,,58.5,77.0,45.0,,,,,,0.0
1992-06-07,,,,,58.2,73.0,47.0,,,,,,0.0
1992-06-08,,,,,59.5,74.0,47.0,,,,,,0.0
1992-06-09,,,,,54.1,70.0,44.0,,,,,,0.0
1992-06-10,,,,,50.2,67.0,42.0,,,,,,0.0
1992-06-11,,,,,41.9,47.0,39.0,,,,,,0.29
1992-06-12,,,,,40.6,47.0,36.0,,,,,,0.42
1992-06-13,,,,,41.6,49.0,38.0,,,,,,0.48
1992-06-14,,,,,43.2,49.0,40.0,,,,,,0.13
1992-06-15,,,,,46.2,58.0,38.0,,,,,,0.0
1992-06-16,,,,,47.8,60.0,42.0,,,,,,0.0
1992-06-17,,,,,52.2,66.0,44.0,,,,,,0.0
1992-06-18,,,,,61.2,75.0,45.0,,,,,,0.0
1992-06-19,,,,,60.8,75.0,50.0,,,,,,0.0
1992-06-20,,,,,63.2,79.0,47.0,,,,,,0.0
1992-06-21,,,,,73.8,88.0,56.0,,,,,,0.0
1992-06-22,,,,,80.8,94.0,69.0,,,,,,0.0
1992-06-23,,,,,75.7,88.0,67.0,,,,,,0.0
1992-06-24,,,,,71.8,83.0,61.0,,,,,,0.0
1992-06-25,,,,,65.1,79.0,57.0,,,,,,0.0
1992-06-26,,,,,66.2,77.0,56.0,,,,,,0.0
1992-06-27,,,,,64.1,76.0,50.0,,,,,,0.0
1992-06-28,,,,,51.0,66.0,43.0,,,,,,0.75
1992-06-29,,,,,47.4,55.0,43.0,,,,,,0.55
1992-06-30,,,,,49.0,56.0,44.0,,,,,,0.02
1992-07-01,,,,,53.8,69.0,44.0,,,,,,0.0
1992-07-02,,,,,55.6,68.0,49.0,,,,,,0.0
1992-07-03,,,,,58.9,73.0,48.0,,,,,,0.0
1992-07-04,,,,,51.2,60.0,47.0,,,,,,0.31
1992-07-05,,,,,49.7,55.0,46.0,,,,,,0.26
1992-07-06,,,,,54.8,69.0,47.0,,,,,,0.02
1992-07-07,,,,,57.2,73.0,47.0,,,,,,0.0
1992-07-08,,,,,56.7,69.0,47.0,,,,,,0.0
1992-07-09,,,,,58.5,73.0,45.0,,,,,,0.0
1992-07-10,,,,,60.4,77.0,50.0,,,,,,0.0
1992-07-11,,,,,59.6,74.0,48.0,,,,,,0.0
1992-07-12,,,,,64.7,81.0,52.0,,,,,,0.0
1992-07-13,,,,,64.1,77.0,52.0,,,,,,0.0
1992-07-14,,,,,63.6,77.0,51.0,,,,,,0.0
1992-07-15,,,,,67.7,81.0,55.0,,,,,,0.0
1992-07-16,,,,,75.6,88.0,62.0,,,,,,0.0
1992-07-17,,,,,72.8,82.0,67.0,,,,,,0.0
1992-07-18,,,,,74.4,90.0,63.0,,,,,,0.0
1992-07-19,,,,,69.8,83.0,55.0,,,,,,0.0
1992-07-20,,,,,56.2,71.0,49.0,,,,,,0.0
1992-07-21,,,,,53.8,69.0,47.0,,,,,,0.0
1992-07-22,,,,,47.6,52.0,45.0,,,,,,0.04
1992-07-23,,,,,51.5,66.0,43.0,,,,,,0.0
1992-07-24,,,,,57.5,73.0,45.0,,,,,,0.0
1992-07-25,,,,,73.1,83.0,61.0,,,,,,0.0
1992-07-26,,,,,70.7,86.0,58.0,,,,,,0.0
1992-07-27,,,,,71.6,87.0,61.0,,,,,,0.0
1992-07-28,,,,,70.0,85.0,59.0,,,,,,0.0
1992-07-29,,,,,72.1,88.0,58.0,,,,,,0.0
1992-07-30,,,,,76.5,91.0,65.0,,,,,,0.0
1992-07-31,,,,,70.4,87.0,60.0,,,,,,0.0
1992-08-01,,,,,65.5,76.0,55.0,,,,,,0.0
1992-08-02,,,,,68.5,85.0,56.0,,,,,,0.0
1992-08-03,,,,,64.3,80.0,51.0,,,,,,0.0
1992-08-04,,,,,58.3,71.0,44.0,,,,,,0.0
1992-08-05,,,,,64.2,81.0,51.0,,,,,,0.0
1992-08-06,,,,,61.5,75.0,53.0,,,,,,0.0
1992-08-07,,,,,55.6,68.0,46.0,,,,,,0.0
1992-08-08,,,,,56.6,74.0,46.0,,,,,,0.0
1992-08-09,,,,,65.0,82.0,48.0,,,,,,0.0
1992-08-10,,,,,76.0,92.0,62.0,,,,,,0.0
1992-08-11,,,,,80.8,95.0,71.0,,,,,,0.0
1992-08-12,,,,,79.2,92.0,70.0,,,,,,0.0
1992-08-13,,,,,78.6,95.0,68.0,,,,,,0.0
1992-08-14,,,,,74.9,90.0,63.0,,,,,,0.0
1992-08-15,,,,,70.7,85.0,60.0,,,,,,0.0
1992-08-16,,,,,70.3,85.0,59.0,,,,,,0.0
1992-08-17,,,,,74.9,91.0,63.0,,,,,,0.0
1992-08-18,,,,,72.8,87.0,61.0,,,,,,0.0
1992-08-19,,,,,67.1,85.0,56.0,,,,,,0.0
1992-08-20,,,,,64.2,80.0,49.0,,,,,,0.0
1992-08-21,,,,,47.4,59.0,40.0,,,,,,0.0
1992-08-22,,,,,48.6,57.0,41.0,,,,,,0.0
1992-08-23,,,,,50.8,67.0,43.0,,,,,,0.0
1992-08-24,,,,,63.5,81.0,49.0,,,,,,0.0
1992-08-25,,,,,68.5,85.0,56.0,,,,,,0.0
1992-08-26,,,,,72.7,87.0,61.0,,,,,,0.0
1992-08-27,,,,,71.1,85.0,59.0,,,,,,0.0
1992-08-28,,,,,66.2,83.0,55.0,,,,,,0.0
1992-08-29,,,,,65.4,80.0,54.0,,,,,,0.0
1992-08-30,,,,,63.4,80.0,52.0,,,,,,0.0
1992-08-31,,,,,56.7,67.0,51.0,,,,,,0.06
1992-09-01,,,,,59.9,77.0,49.0,,,,,,0.0
1992-09-02,,,,,62.7,79.0,53.0,,,,,,0.13
1992-09-03,,,,,56.8,72.0,47.0,,,,,,0.0
1992-09-04,,,,,53.5,67.0,48.0,,,,,,0.0
1992-09-05,,,,,45.1,57.0,38.0,,,,,,0.02
1992-09-06,,,,,48.8,63.0,42.0,,,,,,0.0
1992-09-07,,,,,53.7,69.0,47.0,,,,,,0.0
1992-09-08,,,,,61.8,73.0,52.0,,,,,,0.0
1992-09-09,,,,,65.7,81.0,50.0,,,,,,0.0
1992-09-10,,,,,61.8,78.0,57.0,,,,,,0.0
1992-09-11,,,,,67.9,76.0,53.0,,,,,,0.0
1992-09-12,,,,,49.7,63.0,40.0,,,,,,0.0
1992-09-13,,,,,46.9,63.0,36.0,,,,,,0.0
1992-09-14,,,,,54.8,66.0,44.0,,,,,,0.0
1992-09-15,,,,,55.6,63.0,50.0,,,,,,0.0
1992-09-16,,,,,60.0,76.0,50.0,,,,,,0.0
1992-09-17,,,,,61.0,73.0,52.0,,,,,,0.0
1992-09-18,,,,,64.0,78.0,54.0,,,,,,0.0
1992-09-19,,,,,59.8,74.0,51.0,,,,,,0.0
1992-09-20,,,,,64.2,80.0,53.0,,,,,,0.0
1992-09-21,,,,,72.2,86.0,58.0,,,,,,0.0
1992-09-22,,,,,70.5,87.0,51.0,,,,,,0.0
1992-09-23,,,,,54.4,68.0,48.0,,,,,,0.27
1992-09-24,,,,,45.8,52.0,42.0,,,,,,0.24
1992-09-25,,,,,52.0,67.0,43.0,,,,,,0.0
1992-09-26,,,,,60.6,73.0,50.0,,,,,,0.0
1992-09-27,,,,,64.0,80.0,50.0,,,,,,0.0
1992-09-28,,,,,71.0,85.0,63.0,,,,,,0.0
1992-09-29,,,,,71.4,82.0,64.0,,,,,,0.0
1992-09-30,,,,,62.8,75.0,55.0,,,,,,0.0
1992-10-01,,,,,44.1,54.0,39.0,,,,,,1.1
1992-10-02,,,,,44.2,51.0,39.0,,,,,,0.0
1992-10-03,,,,,46.0,57.0,42.0,,,,,,0.01
1992-10-04,,,,,47.9,59.0,42.0,,,,,,0.0
1992-10-05,,,,,52.2,63.0,44.0,,,,,,0.0
1992-10-06,,,,,60.7,76.0,48.0,,,,,,0.0
1992-10-07,,,,,63.8,77.0,57.0,,,,,,0.0
1992-10-08,,,,,55.6,67.0,44.0,,,,,,0.0
1992-10-09,,,,,55.3,65.0,44.0,,,,,,0.0
1992-10-10,,,,,67.0,82.0,57.0,,,,,,0.0
1992-10-11,,,,,69.0,81.0,61.0,,,,,,0.0
1992-10-12,,,,,62.4,74.0,49.0,,,,,,0.0
1992-10-13,,,,,45.4,55.0,33.0,,,,,,0.03
1992-10-14,,,,,41.3,52.0,34.0,,,,,,0.0
1992-10-15,,,,,48.3,59.0,39.0,,,,,,0.0
1992-10-16,,,,,51.1,64.0,45.0,,,,,,0.0
1992-10-17,,,,,59.1,71.0,51.0,,,,,,0.0
1992-10-18,,,,,51.0,58.0,47.0,,,,,,0.0
1992-10-19,,,,,53.7,67.0,47.0,,,,,,0.0
1992-10-20,,,,,48.9,50.0,47.0,,,,,,0.57
1992-10-21,,,,,46.2,54.0,43.0,,,,,,0.12
1992-10-22,,,,,55.7,68.0,45.0,,,,,,0.0
1992-10-23,,,,,62.5,73.0,56.0,,,,,,0.0
1992-10-24,,,,,59.1,73.0,50.0,,,,,,0.0
1992-10-25,,,,,56.3,68.0,47.0,,,,,,0.0
1992-10-26,,,,,53.6,65.0,47.0,,,,,,0.0
1992-10-27,,,,,55.5,67.0,49.0,,,,,,0.0
1992-10-28,,,,,41.5,46.0,38.0,,,,,,0.08
1992-10-29,,,,,39.2,42.0,37.0,,,,,,1.45
1992-10-30,,,,,38.6,40.0,37.0,,,,,,0.59
1992-10-31,,,,,42.5,47.0,39.0,,,,,,0.76
1992-11-01,,,,,48.2,50.0,46.0,,,,,,0.71
1992-11-02,,,,,42.1,49.0,37.0,,,,,,0.06
1992-11-03,,,,,47.0,55.0,37.0,,,,,,0.0
1992-11-04,,,,,46.0,49.0,40.0,,,,,,0.16
1992-11-05,,,,,46.8,56.0,40.0,,,,,,0.0
1992-11-06,,,,,51.2,61.0,46.0,,,,,,0.03
1992-11-07,,,,,39.8,46.0,34.0,,,,,,0.16
1992-11-08,,,,,34.0,37.0,31.0,,,,,,0.07
1992-11-09,,,,,32.0,39.0,28.0,,,,,,0.19
1992-11-10,,,,,36.6,45.0,26.0,,,,,,0.06
1992-11-11,,,,,45.2,52.0,41.0,,,,,,0.0
1992-11-12,,,,,49.7,60.0,43.0,,,,,,0.0
1992-11-13,,,,,56.2,63.0,49.0,,,,,,0.0
1992-11-14,,,,,54.1,59.0,51.0,,,,,,0.0
1992-11-15,,,,,52.0,59.0,47.0,,,,,,0.0
1992-11-16,,,,,43.9,47.0,39.0,,,,,,0.06
1992-11-17,,,,,41.0,44.0,38.0,,,,,,0.11
1992-11-18,,,,,36.4,38.0,34.0,,,,,,0.04
1992-11-19,,,,,30.8,35.0,25.0,,,,,,0.23
1992-11-20,,,,,30.5,35.0,26.0,,,,,,0.12
1992-11-21,,,,,35.7,44.0,31.0,,,,,,1.1
1992-11-22,,,,,31.5,32.0,30.0,,,,,,0.01
1992-11-23,,,,,32.6,39.0,26.0,,,,,,0.29
1992-11-24,,,,,35.8,38.0,33.0,,,,,,0.19
1992-11-25,,,,,41.8,50.0,36.0,,,,,,0.09
1992-11-26,,,,,44.7,48.0,41.0,,,,,,0.1
1992-11-27,,,,,38.0,41.0,32.0,,,,,,0.14
1992-11-28,,,,,30.6,32.0,29.0,,,,,,0.05
1992-11-29,,,,,40.8,50.0,31.0,,,,,,0.01
1992-11-30,,,,,39.0,43.0,37.0,,,,,,0.15
1992-12-01,,,,,38.9,41.0,36.0,,,,,,0.17
1992-12-02,,,,,33.8,36.0,32.0,,,,,,0.3
1992-12-03,,,,,33.2,43.0,27.0,,,,,,0.15
1992-12-04,,,,,37.6,47.0,30.0,,,,,,0.0
1992-12-05,,,,,32.5,36.0,30.0,,,,,,0.0
1992-12-06,,,,,32.4,38.0,29.0,,,,,,0.05
1992-12-07,,,,,31.3,38.0,29.0,,,,,,0.11
1992-12-08,,,,,32.3,36.0,29.0,,,,,,1.09
1992-12-09,,,,,32.2,42.0,29.0,,,,,,1.03
1992-12-10,,,,,33.5,43.0,28.0,,,,,,0.76
1992-12-11,,,,,28.6,29.0,28.0,,,,,,0.0
1992-12-12,,,,,30.7,38.0,27.0,,,,,,0.1
1992-12-13,,,,,37.9,53.0,29.0,,,,,,0.31
1992-12-14,,,,,35.4,39.0,29.0,,,,,,0.19
1992-12-15,,,,,28.7,30.0,27.0,,,,,,0.0
1992-12-16,,,,,28.0,31.0,26.0,,,,,,0.0
1992-12-17,,,,,25.9,28.0,24.0,,,,,,0.01
1992-12-18,,,,,27.5,32.0,24.0,,,,,,0.01
1992-12-19,,,,,28.3,32.0,25.0,,,,,,0.0
1992-12-20,,,,,32.6,34.0,31.0,,,,,,0.26
1992-12-21,,,,,31.2,32.0,30.0,,,,,,0.12
1992-12-22,,,,,35.2,47.0,29.0,,,,,,0.32
1992-12-23,,,,,42.2,58.0,32.0,,,,,,0.15
1992-12-24,,,,,39.2,52.0,33.0,,,,,,0.0
1992-12-25,,,,,42.8,59.0,34.0,,,,,,0.0
1992-12-26,,,,,36.5,41.0,32.0,,,,,,0.12
1992-12-27,,,,,31.2,33.0,29.0,,,,,,0.05
1992-12-28,,,,,27.5,30.0,27.0,,,,,,0.0
1992-12-29,,,,,25.8,29.0,23.0,,,,,,0.0
1992-12-30,,,,,26.3,29.0,23.0,,,,,,0.0
1992-12-31,,,,,29.9,32.0,28.0,,,,,,0.0
1993-01-01,,,,,24.2,29.0,18.0,,,,,,0.01
1993-01-02,,,,,22.8,27.0,17.0,,,,,,0.0
1993-01-03,,,,,26.7,29.0,24.0,,,,,,0.0
1993-01-04,,,,,26.3,27.0,26.0,,,,,,0.0
1993-01-05,,,,,,,,,,,,,
1993-01-06,,,,,30.0,30.0,30.0,,,,,,0.0
1993-01-07,,,,,32.8,37.0,30.0,,,,,,0.31
1993-01-08,,,,,26.5,32.0,23.0,,,,,,0.0
1993-01-09,,,,,24.1,29.0,23.0,,,,,,0.0
1993-01-10,,,,,24.3,26.0,23.0,,,,,,0.01
1993-01-11,,,,,,,,,,,,,
1993-01-12,,,,,29.1,38.0,23.0,,,,,,0.23
1993-01-13,,,,,32.1,36.0,28.0,,,,,,0.43
1993-01-14,,,,,30.1,32.0,29.0,,,,,,0.08
1993-01-15,,,,,32.0,40.0,27.0,,,,,,0.15
1993-01-16,,,,,30.7,33.0,29.0,,,,,,0.07
1993-01-17,,,,,36.0,48.0,30.0,,,,,,0.12
1993-01-18,,,,,32.2,38.0,30.0,,,,,,0.01
1993-01-19,,,,,33.4,36.0,30.0,,,,,,1.2
1993-01-20,,,,,34.2,39.0,31.0,,,,,,1.28
1993-01-21,,,,,32.5,35.0,31.0,,,,,,0.77
1993-01-22,,,,,32.1,32.0,26.0,,,,,,0.1
1993-01-23,,,,,30.3,33.0,27.0,,,,,,0.0
1993-01-24,,,,,39.2,51.0,31.0,,,,,,0.06
1993-01-25,,,,,48.7,56.0,40.0,,,,,,0.0
1993-01-26,,,,,49.6,56.0,43.0,,,,,,0.0
1993-01-27,,,,,46.0,54.0,34.0,,,,,,0.0
1993-01-28,,,,,37.0,44.0,34.0,,,,,,0.0
1993-01-29,,,,,40.7,53.0,34.0,,,,,,0.0
1993-01-30,,,,,43.4,57.0,32.0,,,,,,0.0
1993-01-31,,,,,46.2,58.0,40.0,,,,,,0.0
1993-02-01,,,,,42.2,49.0,39.0,,,,,,0.0
1993-02-02,,,,,45.4,55.0,39.0,,,,,,0.0
1993-02-03,,,,,42.8,53.0,37.0,,,,,,0.17
1993-02-04,,,,,48.2,60.0,40.0,,,,,,0.0
1993-02-05,,,,,42.0,49.0,38.0,,,,,,0.06
1993-02-06,,,,,43.8,56.0,38.0,,,,,,0.0
1993-02-07,,,,,44.9,52.0,38.0,,,,,,0.0
1993-02-08,,,,,40.8,44.0,38.0,,,,,,0.02
1993-02-09,,,,,36.6,43.0,32.0,,,,,,0.03
1993-02-10,,,,,32.6,36.0,31.0,,,,,,0.12
1993-02-11,,,,,30.3,31.0,29.0,,,,,,0.0
1993-02-12,,,,,38.3,36.0,30.0,,,,,,0.27
1993-02-13,,,,,36.0,49.0,29.0,,,,,,0.18
1993-02-14,,,,,33.5,47.0,28.0,,,,,,0.0
1993-02-15,,,,,27.8,40.0,19.0,,,,,,0.0
1993-02-16,,,,,24.8,37.0,16.0,,,,,,0.0
1993-02-17,,,,,28.0,36.0,21.0,,,,,,0.0
1993-02-18,,,,,35.8,41.0,31.0,,,,,,0.43
1993-02-19,,,,,31.0,36.0,24.0,,,,,,0.42
1993-02-20,,,,,24.1,27.0,22.0,,,,,,0.0
1993-02-21,,,,,27.1,32.0,21.0,,,,,,0.01
1993-02-22,,,,,32.4,36.0,30.0,,,,,,0.1
1993-02-23,,,,,28.0,32.0,24.0,,,,,,0.04
1993-02-24,,,,,25.2,32.0,21.0,,,,,,0.08
1993-02-25,,,,,28.0,40.0,21.0,,,,,,0.12
1993-02-26,,,,,31.8,49.0,23.0,,,,,,0.18
1993-02-27,,,,,38.9,56.0,24.0,,,,,,0.14
1993-02-28,,,,,41.8,55.0,36.0,,,,,,0.0
1993-03-01,,,,,35.2,37.0,32.0,,,,,,0.04
1993-03-02,,,,,40.1,52.0,35.0,,,,,,0.1
1993-03-03,,,,,36.3,39.0,34.0,,,,,,0.13
1993-03-04,,,,,37.8,40.0,35.0,,,,,,0.1
1993-03-05,,,,,44.1,56.0,39.0,,,,,,0.0
1993-03-06,,,,,,,,,,,,,
1993-03-07,,,,,,,,,,,,,
1993-03-08,,,,,,,,,,,,,
1993-03-09,,,,,,,,,,,,,
1993-03-10,,,,,,,,,,,,,
1993-03-11,,,,,,,,,,,,,
1993-03-12,,,,,,,,,,,,,
1993-03-13,,,,,10.7,,,,,,,,0.26
1993-03-14,,,,,40.4,42.0,39.0,,,,,,0.47
1993-03-15,,,,,41.7,46.0,40.0,,,,,,0.42
1993-03-16,,,,,42.9,45.0,39.0,,,,,,0.46
1993-03-17,,,,,43.2,45.0,42.0,,,,,,1.17
1993-03-18,,,,,42.0,42.0,42.0,,,,,,0.13
1993-03-19,,,,,,,,,,,,,
1993-03-20,,,,,42.1,54.0,37.0,,,,,,0.0
1993-03-21,,,,,48.5,60.0,38.0,,,,,,0.0
1993-03-22,,,,,44.9,51.0,41.0,,,,,,0.2
1993-03-23,,,,,38.0,44.0,33.0,,,,,,0.59
1993-03-24,,,,,33.4,43.0,29.0,,,,,,0.04
1993-03-25,,,,,35.1,45.0,30.0,,,,,,0.27
1993-03-26,,,,,35.2,43.0,32.0,,,,,,0.0
1993-03-27,,,,,39.8,52.0,33.0,,,,,,0.0
1993-03-28,,,,,40.4,54.0,33.0,,,,,,0.0
1993-03-29,,,,,37.2,48.0,32.0,,,,,,0.0
1993-03-30,,,,,42.6,56.0,37.0,,,,,,0.07
1993-03-31,,,,,42.0,58.0,32.0,,,,,,0.11
1993-04-01,,,,,34.1,38.0,31.0,,,,,,0.27
1993-04-02,,,,,37.9,43.0,34.0,,,,,,0.08
1993-04-03,,,,,38.4,42.0,32.0,,,,,,0.93
1993-04-04,,,,,33.4,40.0,30.0,,,,,,0.47
1993-04-05,,,,,36.3,50.0,28.0,,,,,,0.12
1993-04-06,,,,,38.6,42.0,35.0,,,,,,0.06
1993-04-07,,,,,45.4,58.0,37.0,,,,,,0.01
1993-04-08,,,,,39.1,44.0,34.0,,,,,,0.7
1993-04-09,,,,,33.4,38.0,31.0,,,,,,0.37
1993-04-10,,,,,31.7,36.0,29.0,,,,,,0.22
1993-04-11,,,,,32.2,40.0,28.0,,,,,,0.2
1993-04-12,,,,,38.3,53.0,27.0,,,,,,0.1
1993-04-13,,,,,36.7,43.0,30.0,,,,,,0.17
1993-04-14,,,,,43.3,52.0,37.0,,,,,,0.0
1993-04-15,,,,,42.3,46.0,38.0,,,,,,0.36
1993-04-16,,,,,46.2,53.0,36.0,,,,,,0.0
1993-04-17,,,,,,,,,,,,,
1993-04-18,,,,,,,,,,,,,
1993-04-19,,,,,32.1,50.0,31.0,,,,,,1.63
1993-04-20,,,,,46.8,53.0,41.0,,,,,,0.03
1993-04-21,,,,,43.3,49.0,38.0,,,,,,0.21
1993-04-22,,,,,36.3,40.0,33.0,,,,,,0.13
1993-04-23,,,,,36.4,40.0,33.0,,,,,,0.18
1993-04-24,,,,,38.3,45.0,35.0,,,,,,0.07
1993-04-25,,,,,37.6,43.0,32.0,,,,,,0.23
1993-04-26,,,,,36.5,45.0,32.0,,,,,,0.09
1993-04-27,,,,,43.2,56.0,32.0,,,,,,0.0
1993-04-28,,,,,49.9,61.0,42.0,,,,,,0.0
1993-04-29,,,,,47.3,61.0,38.0,,,,,,0.02
1993-04-30,,,,,44.7,59.0,34.0,,,,,,0.0
1993-05-01,,,,,50.5,58.0,41.0,,,,,,0.01
1993-05-02,,,,,49.9,64.0,42.0,,,,,,0.02
1993-05-03,,,,,38.5,44.0,33.0,,,,,,0.77
1993-05-04,,,,,40.9,51.0,33.0,,,,,,0.01
1993-05-05,,,,,46.3,63.0,38.0,,,,,,0.09
1993-05-06,,,,,39.9,50.0,32.0,,,,,,0.06
1993-05-07,,,,,35.6,41.0,31.0,,,,,,0.05
1993-05-08,,,,,42.5,56.0,34.0,,,,,,0.02
1993-05-09,,,,,58.5,72.0,43.0,,,,,,0.0
1993-05-10,,,,,57.4,76.0,38.0,,,,,,0.0
1993-05-11,,,,,42.8,50.0,38.0,,,,,,0.0
1993-05-12,,,,,42.8,48.0,38.0,,,,,,0.03
1993-05-13,,,,,46.8,60.0,35.0,,,,,,0.0
1993-05-14,,,,,49.6,60.0,40.0,,,,,,0.0
1993-05-15,,,,,51.6,66.0,42.0,,,,,,0.0
1993-05-16,,,,,58.8,70.0,47.0,,,,,,0.0
1993-05-17,,,,,66.1,83.0,54.0,,,,,,0.0
1993-05-18,,,,,62.0,77.0,51.0,,,,,,0.0
1993-05-19,,,,,52.5,66.0,42.0,,,,,,0.23
1993-05-20,,,,,47.2,55.0,43.0,,,,,,0.02
1993-05-21,,,,,44.1,51.0,40.0,,,,,,0.07
1993-05-22,,,,,53.7,67.0,38.0,,,,,,0.0
1993-05-23,,,,,61.5,79.0,47.0,,,,,,0.0
1993-05-24,,,,,56.1,73.0,47.0,,,,,,0.19
1993-05-25,,,,,48.1,56.0,43.0,,,,,,0.25
1993-05-26,,,,,50.7,63.0,44.0,,,,,,0.09
1993-05-27,,,,,49.2,61.0,43.0,,,,,,0.29
1993-05-28,,,,,46.0,53.0,42.0,,,,,,0.1
1993-05-29,,,,,55.1,70.0,42.0,,,,,,0.01
1993-05-30,,,,,49.1,52.0,45.0,,,,,,0.94
1993-05-31,,,,,45.8,48.0,45.0,,,,,,0.27
1993-06-01,,,,,44.6,53.0,40.0,,,,,,0.31
1993-06-02,,,,,43.5,53.0,39.0,,,,,,0.06
1993-06-03,,,,,45.2,59.0,38.0,,,,,,0.17
1993-06-04,,,,,44.9,49.0,41.0,,,,,,0.12
1993-06-05,,,,,45.2,48.0,42.0,,,,,,0.58
1993-06-06,,,,,44.1,47.0,40.0,,,,,,0.06
1993-06-07,,,,,45.0,56.0,40.0,,,,,,0.0
1993-06-08,,,,,51.3,65.0,39.0,,,,,,0.0
1993-06-09,,,,,50.5,59.0,44.0,,,,,,0.16
1993-06-10,,,,,47.1,56.0,40.0,,,,,,0.05
1993-06-11,,,,,41.8,51.0,36.0,,,,,,0.04
1993-06-12,,,,,51.8,65.0,34.0,,,,,,0.0
1993-06-13,,,,,60.1,72.0,50.0,,,,,,0.0
1993-06-14,,,,,58.5,70.0,48.0,,,,,,0.0
1993-06-15,,,,,48.5,58.0,43.0,,,,,,0.0
1993-06-16,,,,,53.7,68.0,44.0,,,,,,0.0
1993-06-17,,,,,60.0,76.0,48.0,,,,,,0.0
1993-06-18,,,,,71.8,81.0,56.0,,,,,,0.0
1993-06-19,,,,,61.4,69.0,51.0,,,,,,0.0
1993-06-20,,,,,56.8,72.0,42.0,,,,,,0.0
1993-06-21,,,,,41.7,47.0,35.0,,,,,,0.09
1993-06-22,,,,,43.6,53.0,36.0,,,,,,0.01
1993-06-23,,,,,53.2,68.0,37.0,,,,,,0.0
1993-06-24,,,,,62.7,77.0,48.0,,,,,,0.0
1993-06-25,,,,,69.0,82.0,54.0,,,,,,0.0
1993-06-26,,,,,60.9,76.0,44.0,,,,,,0.0
1993-06-27,,,,,48.0,55.0,43.0,,,,,,0.14
1993-06-28,,,,,50.3,64.0,41.0,,,,,,0.0
1993-06-29,,,,,54.0,70.0,42.0,,,,,,0.0
1993-06-30,,,,,58.8,74.0,46.0,,,,,,0.0
1993-07-01,,,,,55.6,69.0,45.0,,,,,,0.0
1993-07-02,,,,,48.5,58.0,43.0,,,,,,0.2
1993-07-03,,,,,51.5,68.0,41.0,,,,,,0.0
1993-07-04,,,,,55.6,70.0,44.0,,,,,,0.0
1993-07-05,,,,,56.3,72.0,45.0,,,,,,0.0
1993-07-06,,,,,54.9,72.0,44.0,,,,,,0.0
1993-07-07,,,,,53.1,70.0,42.0,,,,,,0.0
1993-07-08,,,,,58.3,76.0,47.0,,,,,,0.0
1993-07-09,,,,,62.1,72.0,44.0,,,,,,0.0
1993-07-10,,,,,56.7,67.0,49.0,,,,,,0.0
1993-07-11,,,,,50.4,57.0,47.0,,,,,,0.0
1993-07-12,,,,,53.0,69.0,44.0,,,,,,0.0
1993-07-13,,,,,54.1,63.0,46.0,,,,,,0.0
1993-07-14,,,,,49.8,62.0,45.0,,,,,,0.0
1993-07-15,,,,,52.3,66.0,45.0,,,,,,0.0
1993-07-16,,,,,53.0,68.0,45.0,,,,,,0.0
1993-07-17,,,,,54.6,69.0,48.0,,,,,,0.0
1993-07-18,,,,,67.0,72.0,61.0,,,,,,0.0
1993-07-19,,,,,54.6,67.0,45.0,,,,,,0.01
1993-07-20,,,,,51.9,65.0,44.0,,,,,,0.0
1993-07-21,,,,,50.6,64.0,43.0,,,,,,0.36
1993-07-22,,,,,52.3,55.0,50.0,,,,,,0.51
1993-07-23,,,,,53.0,62.0,48.0,,,,,,0.05
1993-07-24,,,,,54.4,66.0,47.0,,,,,,0.0
1993-07-25,,,,,51.3,60.0,46.0,,,,,,0.0
1993-07-26,,,,,58.8,73.0,46.0,,,,,,0.0
1993-07-27,,,,,64.0,80.0,54.0,,,,,,0.0
1993-07-28,,,,,50.1,56.0,45.0,,,,,,0.03
1993-07-29,,,,,49.6,59.0,44.0,,,,,,0.01
1993-07-30,,,,,63.6,75.0,53.0,,,,,,0.0
1993-07-31,,,,,66.2,81.0,54.0,,,,,,0.0
1993-08-01,,,,,70.7,84.0,58.0,,,,,,0.0
1993-08-02,,,,,74.4,86.0,63.0,,,,,,0.0
1993-08-03,,,,,76.1,90.0,66.0,,,,,,0.0
1993-08-04,,,,,74.2,89.0,62.0,,,,,,0.0
1993-08-05,,,,,71.0,84.0,59.0,,,,,,0.0
1993-08-06,,,,,65.0,81.0,56.0,,,,,,0.0
1993-08-07,,,,,58.5,68.0,49.0,,,,,,0.0
1993-08-08,,,,,58.9,73.0,49.0,,,,,,0.0
1993-08-09,,,,,58.8,75.0,47.0,,,,,,0.0
1993-08-10,,,,,56.8,72.0,47.0,,,,,,0.0
1993-08-11,,,,,56.9,72.0,48.0,,,,,,0.0
1993-08-12,,,,,57.7,73.0,50.0,,,,,,0.0
1993-08-13,,,,,55.3,66.0,47.0,,,,,,0.0
1993-08-14,,,,,52.2,64.0,47.0,,,,,,0.25
1993-08-15,,,,,48.6,55.0,45.0,,,,,,0.81
1993-08-16,,,,,50.8,62.0,45.0,,,,,,0.01
1993-08-17,,,,,59.3,71.0,49.0,,,,,,0.01
1993-08-18,,,,,62.0,76.0,53.0,,,,,,0.08
1993-08-19,,,,,53.7,65.0,51.0,,,,,,0.64
1993-08-20,,,,,51.5,54.0,50.0,,,,,,0.28
1993-08-21,,,,,58.3,71.0,50.0,,,,,,0.01
1993-08-22,,,,,64.4,80.0,52.0,,,,,,0.0
1993-08-23,,,,,52.2,64.0,44.0,,,,,,0.05
1993-08-24,,,,,48.4,60.0,41.0,,,,,,0.0
1993-08-25,,,,,49.0,63.0,40.0,,,,,,0.0
1993-08-26,,,,,57.8,70.0,43.0,,,,,,0.0
1993-08-27,,,,,59.0,75.0,47.0,,,,,,0.0
1993-08-28,,,,,53.4,68.0,44.0,,,,,,0.0
1993-08-29,,,,,60.0,75.0,45.0,,,,,,0.0
1993-08-30,,,,,67.5,82.0,54.0,,,,,,0.0
1993-08-31,,,,,71.0,86.0,59.0,,,,,,0.0
1993-09-01,,,,,70.7,82.0,62.0,,,,,,0.0
1993-09-02,,,,,72.0,85.0,63.0,,,,,,0.0
1993-09-03,,,,,70.7,85.0,61.0,,,,,,0.0
1993-09-04,,,,,66.8,80.0,55.0,,,,,,0.0
1993-09-05,,,,,61.5,76.0,53.0,,,,,,0.0
1993-09-06,,,,,67.2,79.0,55.0,,,,,,0.0
1993-09-07,,,,,69.0,83.0,60.0,,,,,,0.0
1993-09-08,,,,,76.1,90.0,64.0,,,,,,0.0
1993-09-09,,,,,77.8,88.0,68.0,,,,,,0.0
1993-09-10,,,,,72.0,85.0,59.0,,,,,,0.0
1993-09-11,,,,,59.2,71.0,46.0,,,,,,0.0
1993-09-12,,,,,51.2,66.0,42.0,,,,,,0.0
1993-09-13,,,,,59.6,75.0,45.0,,,,,,0.0
1993-09-14,,,,,57.1,70.0,43.0,,,,,,0.0
1993-09-15,,,,,51.0,64.0,43.0,,,,,,0.0
1993-09-16,,,,,51.8,66.0,44.0,,,,,,0.0
1993-09-17,,,,,54.3,68.0,45.0,,,,,,0.0
1993-09-18,,,,,51.0,63.0,40.0,,,,,,0.0
1993-09-19,,,,,44.1,59.0,38.0,,,,,,0.02
1993-09-20,,,,,44.0,59.0,34.0,,,,,,0.0
1993-09-21,,,,,47.6,61.0,35.0,,,,,,0.0
1993-09-22,,,,,55.5,69.0,46.0,,,,,,0.0
1993-09-23,,,,,60.2,74.0,50.0,,,,,,0.0
1993-09-24,,,,,64.0,77.0,54.0,,,,,,0.0
1993-09-25,,,,,63.7,76.0,54.0,,,,,,0.0
1993-09-26,,,,,71.4,89.0,60.0,,,,,,0.0
1993-09-27,,,,,69.1,82.0,62.0,,,,,,0.0
1993-09-28,,,,,68.8,80.0,61.0,,,,,,0.0
1993-09-29,,,,,73.0,89.0,63.0,,,,,,0.0
1993-09-30,,,,,70.2,82.0,61.0,,,,,,0.0
1993-10-01,,,,,67.8,81.0,62.0,,,,,,0.0
1993-10-02,,,,,69.4,84.0,63.0,,,,,,0.0
1993-10-03,,,,,70.3,83.0,63.0,,,,,,0.0
1993-10-04,,,,,63.0,75.0,56.0,,,,,,0.0
1993-10-05,,,,,57.4,69.0,48.0,,,,,,0.0
1993-10-06,,,,,49.5,57.0,41.0,,,,,,0.02
1993-10-07,,,,,45.8,59.0,38.0,,,,,,0.0
1993-10-08,,,,,50.2,67.0,39.0,,,,,,0.0
1993-10-09,,,,,55.8,70.0,45.0,,,,,,0.0
1993-10-10,,,,,54.1,67.0,47.0,,,,,,0.03
1993-10-11,,,,,50.0,56.0,47.0,,,,,,0.09
1993-10-12,,,,,50.4,60.0,46.0,,,,,,0.01
1993-10-13,,,,,49.7,60.0,46.0,,,,,,0.4
1993-10-14,,,,,48.1,56.0,45.0,,,,,,0.02
1993-10-15,,,,,43.8,49.0,39.0,,,,,,0.25
1993-10-16,,,,,40.5,48.0,37.0,,,,,,0.03
1993-10-17,,,,,41.4,51.0,38.0,,,,,,0.0
1993-10-18,,,,,46.1,58.0,38.0,,,,,,0.01
1993-10-19,,,,,51.5,64.0,40.0,,,,,,0.0
1993-10-20,,,,,55.7,63.0,49.0,,,,,,0.0
1993-10-21,,,,,53.0,65.0,47.0,,,,,,0.0
1993-10-22,,,,,54.1,67.0,47.0,,,,,,0.0
1993-10-23,,,,,53.5,64.0,49.0,,,,,,0.0
1993-10-24,,,,,49.6,61.0,45.0,,,,,,0.01
1993-10-25,,,,,59.0,70.0,49.0,,,,,,0.0
1993-10-26,,,,,61.8,75.0,51.0,,,,,,0.0
1993-10-27,,,,,65.4,82.0,57.0,,,,,,0.0
1993-10-28,,,,,58.0,69.0,49.0,,,,,,0.0
1993-10-29,,,,,58.8,72.0,49.0,,,,,,0.0
1993-10-30,,,,,59.0,70.0,50.0,,,,,,0.0
1993-10-31,,,,,43.4,49.0,36.0,,,,,,0.04
1993-11-01,,,,,44.9,56.0,34.0,,,,,,0.01
1993-11-02,,,,,56.2,69.0,49.0,,,,,,0.0
1993-11-03,,,,,44.7,51.0,38.0,,,,,,0.0
1993-11-04,,,,,37.4,45.0,34.0,,,,,,0.0
1993-11-05,,,,,45.0,58.0,35.0,,,,,,0.0
1993-11-06,,,,,49.0,61.0,42.0,,,,,,0.0
1993-11-07,,,,,49.3,60.0,43.0,,,,,,0.0
1993-11-08,,,,,50.4,62.0,43.0,,,,,,0.0
1993-11-09,,,,,45.0,52.0,37.0,,,,,,0.0
1993-11-10,,,,,41.2,52.0,36.0,,,,,,0.0
1993-11-11,,,,,34.2,41.0,31.0,,,,,,0.03
1993-11-12,,,,,32.2,35.0,31.0,,,,,,0.04
1993-11-13,,,,,32.8,37.0,29.0,,,,,,0.01
1993-11-14,,,,,38.8,52.0,29.0,,,,,,0.0
1993-11-15,,,,,43.4,53.0,39.0,,,,,,0.0
1993-11-16,,,,,38.8,46.0,30.0,,,,,,0.0
1993-11-17,,,,,34.1,37.0,32.0,,,,,,0.09
1993-11-18,,,,,33.8,45.0,27.0,,,,,,0.09
1993-11-19,,,,,43.8,56.0,33.0,,,,,,0.0
1993-11-20,,,,,48.5,57.0,42.0,,,,,,0.0
1993-11-21,,,,,38.9,42.0,32.0,,,,,,0.17
1993-11-22,,,,,26.1,30.0,22.0,,,,,,0.0
1993-11-23,,,,,22.9,26.0,16.0,,,,,,0.0
1993-11-24,,,,,25.9,36.0,16.0,,,,,,0.05
1993-11-25,,,,,39.0,47.0,30.0,,,,,,0.06
1993-11-26,,,,,48.6,53.0,44.0,,,,,,0.01
1993-11-27,,,,,48.5,53.0,41.0,,,,,,0.09
1993-11-28,,,,,41.7,48.0,37.0,,,,,,0.09
1993-11-29,,,,,37.5,40.0,32.0,,,,,,0.98
1993-11-30,,,,,32.7,37.0,29.0,,,,,,0.04
1993-12-01,,,,,39.2,46.0,34.0,,,,,,0.43
1993-12-02,,,,,40.9,48.0,34.0,,,,,,0.01
1993-12-03,,,,,41.8,45.0,35.0,,,,,,0.25
1993-12-04,,,,,31.3,33.0,28.0,,,,,,0.13
1993-12-05,,,,,30.2,34.0,26.0,,,,,,0.04
1993-12-06,,,,,32.0,35.0,28.0,,,,,,0.18
1993-12-07,,,,,36.3,38.0,34.0,,,,,,2.5
1993-12-08,,,,,34.1,40.0,32.0,,,,,,0.85
1993-12-09,,,,,39.2,45.0,34.0,,,,,,0.08
1993-12-10,,,,,46.0,48.0,43.0,,,,,,0.35
1993-12-11,,,,,32.2,42.0,29.0,,,,,,0.66
1993-12-12,,,,,28.3,30.0,26.0,,,,,,0.0
1993-12-13,,,,,32.2,39.0,30.0,,,,,,0.16
1993-12-14,,,,,32.0,34.0,31.0,,,,,,0.14
1993-12-15,,,,,32.1,35.0,29.0,,,,,,0.16
1993-12-16,,,,,31.5,35.0,29.0,,,,,,0.0
1993-12-17,,,,,30.5,39.0,25.0,,,,,,0.02
1993-12-18,,,,,32.9,44.0,24.0,,,,,,0.03
1993-12-19,,,,,43.1,54.0,36.0,,,,,,0.03
1993-12-20,,,,,44.5,56.0,38.0,,,,,,0.0
1993-12-21,,,,,44.5,54.0,40.0,,,,,,0.0
1993-12-22,,,,,42.7,49.0,38.0,,,,,,0.0
1993-12-23,,,,,46.8,57.0,39.0,,,,,,0.0
1993-12-24,,,,,48.8,58.0,41.0,,,,,,0.0
1993-12-25,,,,,48.0,55.0,44.0,,,,,,0.0
1993-12-26,,,,,44.3,52.0,41.0,,,,,,0.0
1993-12-27,,,,,,,,,,,,,
1993-12-28,,,,,33.3,39.0,20.0,,,,,,0.0
1993-12-29,,,,,38.8,45.0,30.0,,,,,,0.0
1993-12-30,,,,,37.0,42.0,35.0,,,,,,0.12
1993-12-31,,,,,36.0,38.0,35.0,,,,,,0.03
1994-01-01,,,,,40.0,47.0,36.0,,,,,,0.13
1994-01-02,,,,,42.5,44.0,39.0,,,,,,0.05
1994-01-03,,,,,43.1,49.0,39.0,,,,,,0.08
1994-01-04,,,,,37.2,41.0,31.0,,,,,,0.24
1994-01-05,,,,,31.2,32.0,30.0,,,,,,0.0
1994-01-06,,,,,33.4,38.0,30.0,,,,,,0.06
1994-01-07,,,,,36.2,38.0,35.0,,,,,,0.15
1994-01-08,,,,,35.5,37.0,34.0,,,,,,1.02
1994-01-09,,,,,35.8,40.0,34.0,,,,,,0.19
1994-01-10,,,,,33.8,36.0,32.0,,,,,,0.01
1994-01-11,,,,,,,,,,,,,
1994-01-12,,,,,34.5,39.0,30.0,,,,,,0.07
1994-01-13,,,,,49.4,64.0,30.0,,,,,,0.0
1994-01-14,,,,,51.7,56.0,46.0,,,,,,0.0
1994-01-15,,,,,37.2,49.0,33.0,,,,,,0.0
1994-01-16,,,,,46.7,56.0,36.0,,,,,,0.0
1994-01-17,,,,,57.5,72.0,45.0,,,,,,0.0
1994-01-18,,,,,59.0,71.0,50.0,,,,,,0.0
1994-01-19,,,,,59.6,70.0,52.0,,,,,,0.0
1994-01-20,,,,,53.2,63.0,47.0,,,,,,0.0
1994-01-21,,,,,44.4,47.0,40.0,,,,,,0.19
1994-01-22,,,,,42.7,48.0,39.0,,,,,,0.73
1994-01-23,,,,,38.0,40.0,33.0,,,,,,0.46
1994-01-24,,,,,31.4,35.0,30.0,,,,,,0.19
1994-01-25,,,,,35.8,46.0,30.0,,,,,,0.01
1994-01-26,,,,,33.8,39.0,30.0,,,,,,0.01
1994-01-27,,,,,29.9,41.0,26.0,,,,,,0.0
1994-01-28,,,,,35.0,48.0,23.0,,,,,,0.0
1994-01-29,,,,,43.7,57.0,37.0,,,,,,0.0
1994-01-30,,,,,41.4,53.0,31.0,,,,,,0.0
1994-01-31,,,,,39.9,54.0,29.0,,,,,,0.0
1994-02-01,,,,,42.2,55.0,35.0,,,,,,0.0
1994-02-02,,,,,43.2,53.0,36.0,,,,,,0.0
1994-02-03,,,,,39.8,48.0,34.0,,,,,,0.0
1994-02-04,,,,,40.8,51.0,36.0,,,,,,0.0
1994-02-05,,,,,41.1,48.0,34.0,,,,,,0.0
1994-02-06,,,,,35.2,39.0,32.0,,,,,,0.15
1994-02-07,,,,,31.9,34.0,29.0,,,,,,0.01
1994-02-08,,,,,32.8,38.0,20.0,,,,,,0.18
1994-02-09,,,,,33.3,37.0,30.0,,,,,,0.12
1994-02-10,,,,,28.9,31.0,27.0,,,,,,0.0
1994-02-11,,,,,30.1,40.0,26.0,,,,,,0.03
1994-02-12,,,,,30.2,34.0,26.0,,,,,,0.01
1994-02-13,,,,,32.0,35.0,30.0,,,,,,0.22
1994-02-14,,,,,34.0,37.0,31.0,,,,,,0.48
1994-02-15,,,,,36.4,41.0,32.0,,,,,,0.21
1994-02-16,,,,,39.2,44.0,36.0,,,,,,0.18
1994-02-17,,,,,33.1,35.0,31.0,,,,,,0.78
1994-02-18,,,,,28.8,32.0,27.0,,,,,,0.17
1994-02-19,,,,,30.0,38.0,26.0,,,,,,0.18
1994-02-20,,,,,30.4,34.0,29.0,,,,,,0.04
1994-02-21,,,,,29.0,29.0,29.0,,,,,,0.13
1994-02-22,,,,,32.2,33.0,32.0,,,,,,0.06
1994-02-23,,,,,34.0,38.0,31.0,,,,,,0.67
1994-02-24,,,,,38.9,44.0,36.0,,,,,,0.13
1994-02-25,,,,,36.8,39.0,34.0,,,,,,0.31
1994-02-26,,,,,37.0,40.0,34.0,,,,,,0.12
1994-02-27,,,,,38.7,41.0,35.0,,,,,,0.09
1994-02-28,,,,,46.8,53.0,41.0,,,,,,0.01
1994-03-01,,,,,51.2,54.0,49.0,,,,,,0.0
1994-03-02,,,,,47.2,53.0,43.0,,,,,,0.01
1994-03-03,,,,,46.0,54.0,42.0,,,,,,0.08
1994-03-04,,,,,40.4,46.0,34.0,,,,,,0.0
1994-03-05,,,,,31.9,41.0,28.0,,,,,,0.0
1994-03-06,,,,,41.9,58.0,29.0,,,,,,0.0
1994-03-07,,,,,49.4,62.0,41.0,,,,,,0.0
1994-03-08,,,,,52.7,66.0,44.0,,,,,,0.0
1994-03-09,,,,,48.9,59.0,40.0,,,,,,0.07
1994-03-10,,,,,39.4,46.0,33.0,,,,,,0.0
1994-03-11,,,,,40.9,54.0,30.0,,,,,,0.0
1994-03-12,,,,,54.5,67.0,39.0,,,,,,0.0
1994-03-13,,,,,57.9,66.0,51.0,,,,,,0.0
1994-03-14,,,,,55.5,68.0,43.0,,,,,,0.0
1994-03-15,,,,,45.2,58.0,37.0,,,,,,0.0
1994-03-16,,,,,33.4,40.0,30.0,,,,,,0.35
1994-03-17,,,,,37.5,47.0,29.0,,,,,,0.0
1994-03-18,,,,,31.0,35.0,26.0,,,,,,0.16
1994-03-19,,,,,30.5,43.0,23.0,,,,,,0.09
1994-03-20,,,,,35.5,48.0,30.0,,,,,,0.13
1994-03-21,,,,,28.5,34.0,23.0,,,,,,0.15
1994-03-22,,,,,25.2,32.0,22.0,,,,,,0.07
1994-03-23,,,,,29.6,35.0,23.0,,,,,,0.01
1994-03-24,,,,,42.0,59.0,32.0,,,,,,0.01
1994-03-25,,,,,47.6,61.0,37.0,,,,,,0.0
1994-03-26,,,,,54.9,69.0,44.0,,,,,,0.0
1994-03-27,,,,,60.5,76.0,51.0,,,,,,0.0
1994-03-28,,,,,55.6,67.0,47.0,,,,,,0.0
1994-03-29,,,,,50.0,58.0,41.0,,,,,,0.24
1994-03-30,,,,,39.5,46.0,34.0,,,,,,0.34
1994-03-31,,,,,38.6,48.0,33.0,,,,,,0.01
1994-04-01,,,,,45.5,59.0,36.0,,,,,,0.0
1994-04-02,,,,,43.7,52.0,39.0,,,,,,0.0
1994-04-03,,,,,38.9,50.0,30.0,,,,,,0.05
1994-04-04,,,,,38.7,53.0,30.0,,,,,,0.0
1994-04-05,,,,,37.7,43.0,34.0,,,,,,0.17
1994-04-06,,,,,35.2,41.0,31.0,,,,,,0.13
1994-04-07,,,,,34.6,39.0,31.0,,,,,,0.04
1994-04-08,,,,,36.0,39.0,34.0,,,,,,0.16
1994-04-09,,,,,35.7,40.0,32.0,,,,,,0.16
1994-04-10,,,,,41.1,54.0,33.0,,,,,,0.02
1994-04-11,,,,,50.8,66.0,41.0,,,,,,0.0
1994-04-12,,,,,43.8,56.0,36.0,,,,,,0.0
1994-04-13,,,,,41.2,54.0,33.0,,,,,,0.0
1994-04-14,,,,,44.4,58.0,32.0,,,,,,0.0
1994-04-15,,,,,60.3,76.0,46.0,,,,,,0.0
1994-04-16,,,,,59.8,70.0,51.0,,,,,,0.0
1994-04-17,,,,,58.8,74.0,50.0,,,,,,0.0
1994-04-18,,,,,55.1,64.0,45.0,,,,,,0.0
1994-04-19,,,,,45.6,55.0,41.0,,,,,,0.02
1994-04-20,,,,,51.5,67.0,40.0,,,,,,0.0
1994-04-21,,,,,44.0,56.0,38.0,,,,,,0.01
1994-04-22,,,,,42.9,52.0,37.0,,,,,,0.0
1994-04-23,,,,,36.1,41.0,32.0,,,,,,0.19
1994-04-24,,,,,36.8,50.0,31.0,,,,,,0.05
1994-04-25,,,,,36.1,45.0,32.0,,,,,,0.36
1994-04-26,,,,,37.4,45.0,34.0,,,,,,0.36
1994-04-27,,,,,39.9,49.0,34.0,,,,,,0.11
1994-04-28,,,,,48.4,61.0,38.0,,,,,,0.0
1994-04-29,,,,,44.2,54.0,34.0,,,,,,0.34
1994-04-30,,,,,39.9,55.0,33.0,,,,,,0.0
1994-05-01,,,,,44.4,54.0,35.0,,,,,,0.0
1994-05-02,,,,,45.6,55.0,39.0,,,,,,0.0
1994-05-03,,,,,44.2,50.0,40.0,,,,,,0.08
1994-05-04,,,,,47.1,54.0,45.0,,,,,,0.18
1994-05-05,,,,,52.1,62.0,43.0,,,,,,0.04
1994-05-06,,,,,61.5,75.0,51.0,,,,,,0.0
1994-05-07,,,,,57.0,71.0,44.0,,,,,,0.0
1994-05-08,,,,,57.1,72.0,43.0,,,,,,0.0
1994-05-09,,,,,62.2,75.0,49.0,,,,,,0.0
1994-05-10,,,,,64.1,80.0,53.0,,,,,,0.0
1994-05-11,,,,,54.1,68.0,44.0,,,,,,0.0
1994-05-12,,,,,47.1,62.0,38.0,,,,,,0.0
1994-05-13,,,,,48.2,63.0,36.0,,,,,,0.0
1994-05-14,,,,,47.4,63.0,38.0,,,,,,0.0
1994-05-15,,,,,37.0,42.0,34.0,,,,,,0.39
1994-05-16,,,,,39.1,53.0,34.0,,,,,,0.03
1994-05-17,,,,,40.1,49.0,36.0,,,,,,0.1
1994-05-18,,,,,45.4,58.0,37.0,,,,,,0.0
1994-05-19,,,,,44.9,58.0,40.0,,,,,,0.0
1994-05-20,,,,,44.6,56.0,39.0,,,,,,0.0
1994-05-21,,,,,46.5,62.0,41.0,,,,,,0.0
1994-05-22,,,,,53.0,70.0,41.0,,,,,,0.0
1994-05-23,,,,,58.8,73.0,48.0,,,,,,0.0
1994-05-24,,,,,60.2,75.0,45.0,,,,,,0.0
1994-05-25,,,,,51.5,69.0,43.0,,,,,,0.0
1994-05-26,,,,,43.9,54.0,38.0,,,,,,0.0
1994-05-27,,,,,46.6,61.0,36.0,,,,,,0.0
1994-05-28,,,,,46.6,59.0,38.0,,,,,,0.04
1994-05-29,,,,,45.6,57.0,39.0,,,,,,0.0
1994-05-30,,,,,56.5,74.0,39.0,,,,,,0.0
1994-05-31,,,,,49.1,58.0,41.0,,,,,,0.18
1994-06-01,,,,,47.6,62.0,38.0,,,,,,0.03
1994-06-02,,,,,53.9,66.0,45.0,,,,,,0.0
1994-06-03,,,,,49.6,62.0,44.0,,,,,,0.04
1994-06-04,,,,,50.0,61.0,44.0,,,,,,0.0
1994-06-05,,,,,45.3,57.0,37.0,,,,,,0.24
1994-06-06,,,,,39.8,44.0,37.0,,,,,,0.34
1994-06-07,,,,,46.0,59.0,35.0,,,,,,0.01
1994-06-08,,,,,54.7,72.0,44.0,,,,,,0.0
1994-06-09,,,,,61.4,76.0,47.0,,,,,,0.0
1994-06-10,,,,,63.3,79.0,53.0,,,,,,0.0
1994-06-11,,,,,60.5,74.0,50.0,,,,,,0.0
1994-06-12,,,,,58.4,72.0,48.0,,,,,,0.0
1994-06-13,,,,,44.5,54.0,35.0,,,,,,0.23
1994-06-14,,,,,40.8,52.0,34.0,,,,,,0.01
1994-06-15,,,,,43.4,56.0,35.0,,,,,,0.15
1994-06-16,,,,,48.8,64.0,39.0,,,,,,0.08
1994-06-17,,,,,44.2,49.0,41.0,,,,,,0.0
1994-06-18,,,,,49.1,63.0,38.0,,,,,,0.0
1994-06-19,,,,,57.5,73.0,43.0,,,,,,0.0
1994-06-20,,,,,55.1,67.0,47.0,,,,,,0.0
1994-06-21,,,,,53.4,66.0,47.0,,,,,,0.0
1994-06-22,,,,,52.5,68.0,43.0,,,,,,0.0
1994-06-23,,,,,48.0,65.0,41.0,,,,,,0.0
1994-06-24,,,,,49.8,70.0,42.0,,,,,,0.0
1994-06-25,,,,,47.7,61.0,42.0,,,,,,0.0
1994-06-26,,,,,57.4,70.0,42.0,,,,,,0.0
1994-06-27,,,,,67.1,79.0,52.0,,,,,,0.0
1994-06-28,,,,,68.1,80.0,51.0,,,,,,0.0
1994-06-29,,,,,62.5,77.0,50.0,,,,,,0.0
1994-06-30,,,,,57.5,71.0,49.0,,,,,,0.0
1994-07-01,,,,,60.4,76.0,48.0,,,,,,0.0
1994-07-02,,,,,55.2,68.0,43.0,,,,,,0.09
1994-07-03,,,,,55.9,72.0,41.0,,,,,,0.0
1994-07-04,,,,,52.4,69.0,43.0,,,,,,0.0
1994-07-05,,,,,50.9,67.0,40.0,,,,,,0.0
1994-07-06,,,,,59.8,78.0,45.0,,,,,,0.0
1994-07-07,,,,,70.3,85.0,55.0,,,,,,0.0
1994-07-08,,,,,69.3,86.0,56.0,,,,,,0.0
1994-07-09,,,,,66.0,83.0,52.0,,,,,,0.0
1994-07-10,,,,,66.3,82.0,54.0,,,,,,0.0
1994-07-11,,,,,70.6,84.0,53.0,,,,,,0.0
1994-07-12,,,,,67.2,82.0,51.0,,,,,,0.0
1994-07-13,,,,,64.0,82.0,49.0,,,,,,0.0
1994-07-14,,,,,62.6,81.0,47.0,,,,,,0.0
1994-07-15,,,,,63.9,79.0,50.0,,,,,,0.0
1994-07-16,,,,,66.2,85.0,53.0,,,,,,0.0
1994-07-17,,,,,68.7,88.0,55.0,,,,,,0.0
1994-07-18,,,,,67.4,83.0,53.0,,,,,,0.0
1994-07-19,,,,,77.1,95.0,62.0,,,,,,0.0
1994-07-20,,,,,76.5,89.0,70.0,,,,,,0.0
1994-07-21,,,,,78.1,88.0,70.0,,,,,,0.0
1994-07-22,,,,,68.2,76.0,63.0,,,,,,0.0
1994-07-23,,,,,72.5,88.0,58.0,,,,,,0.0
1994-07-24,,,,,60.2,70.0,52.0,,,,,,0.0
1994-07-25,,,,,67.2,83.0,58.0,,,,,,0.0
1994-07-26,,,,,68.8,85.0,58.0,,,,,,0.0
1994-07-27,,,,,70.9,87.0,58.0,,,,,,0.0
1994-07-28,,,,,63.4,81.0,55.0,,,,,,0.0
1994-07-29,,,,,58.1,70.0,49.0,,,,,,0.0
1994-07-30,,,,,57.9,77.0,50.0,,,,,,0.0
1994-07-31,,,,,62.9,80.0,52.0,,,,,,0.0
1994-08-01,,,,,65.3,83.0,53.0,,,,,,0.0
1994-08-02,,,,,64.9,81.0,55.0,,,,,,0.0
1994-08-03,,,,,63.4,81.0,53.0,,,,,,0.0
1994-08-04,,,,,56.4,76.0,49.0,,,,,,0.0
1994-08-05,,,,,57.0,76.0,44.0,,,,,,0.0
1994-08-06,,,,,62.9,81.0,49.0,,,,,,0.0
1994-08-07,,,,,51.3,60.0,43.0,,,,,,0.0
1994-08-08,,,,,51.8,66.0,42.0,,,,,,0.0
1994-08-09,,,,,61.2,79.0,47.0,,,,,,0.0
1994-08-10,,,,,61.3,80.0,55.0,,,,,,0.0
1994-08-11,,,,,62.0,80.0,53.0,,,,,,0.0
1994-08-12,,,,,63.3,78.0,52.0,,,,,,0.0
1994-08-13,,,,,65.0,82.0,54.0,,,,,,0.0
1994-08-14,,,,,57.5,78.0,50.0,,,,,,0.0
1994-08-15,,,,,57.7,78.0,49.0,,,,,,0.0
1994-08-16,,,,,59.8,78.0,48.0,,,,,,0.0
1994-08-17,,,,,59.9,77.0,49.0,,,,,,0.0
1994-08-18,,,,,55.8,74.0,48.0,,,,,,0.0
1994-08-19,,,,,56.5,74.0,48.0,,,,,,0.0
1994-08-20,,,,,53.1,71.0,48.0,,,,,,0.0
1994-08-21,,,,,53.8,67.0,48.0,,,,,,0.0
1994-08-22,,,,,58.8,75.0,47.0,,,,,,0.0
1994-08-23,,,,,59.9,78.0,52.0,,,,,,0.0
1994-08-24,,,,,59.6,76.0,50.0,,,,,,0.0
1994-08-25,,,,,64.4,81.0,53.0,,,,,,0.0
1994-08-26,,,,,64.3,81.0,51.0,,,,,,0.0
1994-08-27,,,,,62.3,83.0,53.0,,,,,,0.0
1994-08-28,,,,,57.2,69.0,47.0,,,,,,0.0
1994-08-29,,,,,56.0,76.0,46.0,,,,,,0.0
1994-08-30,,,,,57.1,77.0,49.0,,,,,,0.0
1994-08-31,,,,,56.5,72.0,47.0,,,,,,0.0
1994-09-01,,,,,49.5,56.0,43.0,,,,,,0.0
1994-09-02,,,,,53.4,70.0,42.0,,,,,,0.02
1994-09-03,,,,,49.6,55.0,47.0,,,,,,0.07
1994-09-04,,,,,57.8,74.0,45.0,,,,,,0.0
1994-09-05,,,,,69.0,85.0,56.0,,,,,,0.0
1994-09-06,,,,,66.8,83.0,58.0,,,,,,0.0
1994-09-07,,,,,63.3,82.0,53.0,,,,,,0.0
1994-09-08,,,,,49.4,57.0,44.0,,,,,,0.19
1994-09-09,,,,,45.0,50.0,42.0,,,,,,0.09
1994-09-10,,,,,44.5,52.0,42.0,,,,,,0.47
1994-09-11,,,,,47.5,58.0,42.0,,,,,,0.01
1994-09-12,,,,,48.6,64.0,44.0,,,,,,0.0
1994-09-13,,,,,52.7,70.0,45.0,,,,,,0.0
1994-09-14,,,,,58.5,75.0,50.0,,,,,,0.0
1994-09-15,,,,,64.2,77.0,51.0,,,,,,0.0
1994-09-16,,,,,74.4,90.0,61.0,,,,,,0.0
1994-09-17,,,,,69.8,85.0,60.0,,,,,,0.0
1994-09-18,,,,,62.9,73.0,57.0,,,,,,0.0
1994-09-19,,,,,65.1,78.0,55.0,,,,,,0.0
1994-09-20,,,,,64.2,81.0,53.0,,,,,,0.0
1994-09-21,,,,,75.0,91.0,62.0,,,,,,0.0
1994-09-22,,,,,77.7,95.0,68.0,,,,,,0.0
1994-09-23,,,,,72.0,86.0,56.0,,,,,,0.0
1994-09-24,,,,,65.1,79.0,55.0,,,,,,0.0
1994-09-25,,,,,68.6,83.0,58.0,,,,,,0.0
1994-09-26,,,,,72.5,88.0,59.0,,,,,,0.0
1994-09-27,,,,,73.1,87.0,63.0,,,,,,0.0
1994-09-28,,,,,57.7,68.0,50.0,,,,,,0.39
1994-09-29,,,,,49.8,53.0,47.0,,,,,,0.13
1994-09-30,,,,,54.3,67.0,47.0,,,,,,0.01
1994-10-01,,,,,56.5,67.0,50.0,,,,,,0.0
1994-10-02,,,,,52.7,67.0,42.0,,,,,,0.01
1994-10-03,,,,,47.3,60.0,41.0,,,,,,0.0
1994-10-04,,,,,50.4,64.0,39.0,,,,,,0.0
1994-10-05,,,,,51.4,61.0,41.0,,,,,,0.0
1994-10-06,,,,,46.0,60.0,39.0,,,,,,0.0
1994-10-07,,,,,59.6,76.0,45.0,,,,,,0.0
1994-10-08,,,,,65.5,79.0,59.0,,,,,,0.0
1994-10-09,,,,,58.5,69.0,48.0,,,,,,0.0
1994-10-10,,,,,43.8,47.0,36.0,,,,,,0.0
1994-10-11,,,,,43.1,56.0,33.0,,,,,,0.0
1994-10-12,,,,,43.0,53.0,35.0,,,,,,0.0
1994-10-13,,,,,44.0,52.0,35.0,,,,,,0.08
1994-10-14,,,,,40.2,47.0,37.0,,,,,,0.65
1994-10-15,,,,,38.8,48.0,35.0,,,,,,0.04
1994-10-16,,,,,44.5,57.0,35.0,,,,,,0.0
1994-10-17,,,,,48.7,59.0,43.0,,,,,,0.0
1994-10-18,,,,,49.5,63.0,39.0,,,,,,0.0
1994-10-19,,,,,43.4,54.0,38.0,,,,,,0.0
1994-10-20,,,,,46.6,58.0,40.0,,,,,,0.0
1994-10-21,,,,,43.4,48.0,39.0,,,,,,0.04
1994-10-22,,,,,47.4,58.0,36.0,,,,,,0.01
1994-10-23,,,,,54.7,65.0,45.0,,,,,,0.0
1994-10-24,,,,,55.5,67.0,50.0,,,,,,0.0
1994-10-25,,,,,50.7,54.0,48.0,,,,,,0.0
1994-10-26,,,,,48.8,52.0,47.0,,,,,,0.0
1994-10-27,,,,,47.4,50.0,40.0,,,,,,1.2
1994-10-28,,,,,39.3,50.0,35.0,,,,,,0.02
1994-10-29,,,,,37.9,51.0,32.0,,,,,,0.01
1994-10-30,,,,,39.7,45.0,35.0,,,,,,0.01
1994-10-31,,,,,45.1,52.0,38.0,,,,,,0.3
1994-11-01,,,,,32.2,36.0,29.0,,,,,,0.43
1994-11-02,,,,,29.7,33.0,27.0,,,,,,0.01
1994-11-03,,,,,29.1,33.0,23.0,,,,,,0.02
1994-11-04,,,,,33.8,38.0,29.0,,,,,,1.56
1994-11-05,,,,,34.9,38.0,33.0,,,,,,0.02
1994-11-06,,,,,33.4,35.0,31.0,,,,,,0.15
1994-11-07,,,,,35.5,45.0,29.0,,,,,,0.02
1994-11-08,,,,,33.0,36.0,31.0,,,,,,0.48
1994-11-09,,,,,31.4,34.0,29.0,,,,,,0.32
1994-11-10,,,,,30.7,36.0,28.0,,,,,,0.15
1994-11-11,,,,,33.4,41.0,28.0,,,,,,0.06
1994-11-12,,,,,31.7,36.0,29.0,,,,,,0.17
1994-11-13,,,,,33.9,45.0,29.0,,,,,,0.02
1994-11-14,,,,,35.3,40.0,32.0,,,,,,0.0
1994-11-15,,,,,31.9,35.0,29.0,,,,,,0.0
1994-11-16,,,,,28.7,30.0,27.0,,,,,,0.0
1994-11-17,,,,,,,,,,,,,
1994-11-18,,,,,28.0,37.0,22.0,,,,,,0.36
1994-11-19,,,,,30.7,36.0,25.0,,,,,,0.37
1994-11-20,,,,,30.7,39.0,26.0,,,,,,0.51
1994-11-21,,,,,28.3,42.0,22.0,,,,,,0.1
1994-11-22,,,,,34.6,42.0,25.0,,,,,,0.0
1994-11-23,,,,,34.6,37.0,32.0,,,,,,0.2
1994-11-24,,,,,34.5,38.0,30.0,,,,,,0.38
1994-11-25,,,,,28.8,30.0,27.0,,,,,,0.0
1994-11-26,,,,,27.3,30.0,26.0,,,,,,0.0
1994-11-27,,,,,30.5,32.0,27.0,,,,,,0.01
1994-11-28,,,,,31.0,35.0,28.0,,,,,,0.06
1994-11-29,,,,,37.4,43.0,32.0,,,,,,0.72
1994-11-30,,,,,40.6,42.0,40.0,,,,,,0.29
1994-12-01,,,,,35.7,39.0,29.0,,,,,,0.11
1994-12-02,,,,,30.4,32.0,29.0,,,,,,0.0
1994-12-03,,,,,25.2,29.0,21.0,,,,,,0.0
1994-12-04,,,,,23.3,34.0,18.0,,,,,,0.06
1994-12-05,,,,,26.8,29.0,23.0,,,,,,0.01
1994-12-06,,,,,26.6,28.0,25.0,,,,,,0.0
1994-12-07,,,,,26.3,30.0,23.0,,,,,,0.0
1994-12-08,,,,,27.6,37.0,23.0,,,,,,0.17
1994-12-09,,,,,33.5,44.0,27.0,,,,,,0.18
1994-12-10,,,,,31.1,34.0,29.0,,,,,,0.0
1994-12-11,,,,,29.7,31.0,29.0,,,,,,0.0
1994-12-12,,,,,30.6,33.0,29.0,,,,,,0.07
1994-12-13,,,,,29.0,32.0,27.0,,,,,,0.0
1994-12-14,,,,,30.3,34.0,29.0,,,,,,0.11
1994-12-15,,,,,31.5,37.0,28.0,,,,,,0.71
1994-12-16,,,,,41.3,43.0,38.0,,,,,,0.29
1994-12-17,,,,,41.7,45.0,34.0,,,,,,0.3
1994-12-18,,,,,33.7,36.0,32.0,,,,,,0.25
1994-12-19,,,,,41.2,47.0,36.0,,,,,,0.0
1994-12-20,,,,,44.5,50.0,41.0,,,,,,0.0
1994-12-21,,,,,42.7,48.0,40.0,,,,,,0.1
1994-12-22,,,,,47.7,53.0,44.0,,,,,,0.0
1994-12-23,,,,,43.3,49.0,41.0,,,,,,0.0
1994-12-24,,,,,33.4,39.0,32.0,,,,,,0.09
1994-12-25,,,,,31.6,36.0,29.0,,,,,,0.08
1994-12-26,,,,,40.0,43.0,35.0,,,,,,0.2
1994-12-27,,,,,36.6,42.0,31.0,,,,,,0.34
1994-12-28,,,,,30.4,35.0,26.0,,,,,,0.11
1994-12-29,,,,,30.8,43.0,22.0,,,,,,0.02
1994-12-30,,,,,36.5,47.0,29.0,,,,,,0.0
1994-12-31,,,,,36.1,40.0,34.0,,,,,,0.0
1995-01-01,,,,,,,,,,,,,
1995-01-02,,,,,,,,,,,,,
1995-01-03,,,,,36.9,42.0,32.0,,,,,,0.16
1995-01-04,,,,,36.4,48.0,32.0,,,,,,0.0
1995-01-05,,,,,33.4,37.0,32.0,,,,,,0.2
1995-01-06,,,,,33.8,38.0,32.0,,,,,,0.13
1995-01-07,,,,,36.4,38.0,35.0,,,,,,0.55
1995-01-08,,,,,38.0,40.0,36.0,,,,,,1.36
1995-01-09,,,,,41.0,44.0,36.0,,,,,,3.41
1995-01-10,,,,,35.6,44.0,33.0,,,,,,0.38
1995-01-11,,,,,33.9,35.0,32.0,,,,,,1.01
1995-01-12,,,,,36.7,39.0,34.0,,,,,,1.1
1995-01-13,,,,,43.4,45.0,40.0,,,,,,1.66
1995-01-14,,,,,34.6,39.0,32.0,,,,,,0.84
1995-01-15,,,,,30.2,32.0,27.0,,,,,,0.0
1995-01-16,,,,,28.8,36.0,26.0,,,,,,0.17
1995-01-17,,,,,29.1,32.0,27.0,,,,,,0.0
1995-01-18,,,,,33.8,34.0,33.0,,,,,,0.61
1995-01-19,,,,,38.0,44.0,32.0,,,,,,0.0
1995-01-20,,,,,40.0,43.0,37.0,,,,,,0.0
1995-01-21,,,,,38.4,49.0,34.0,,,,,,0.0
1995-01-22,,,,,39.4,47.0,36.0,,,,,,0.01
1995-01-23,,,,,39.0,50.0,34.0,,,,,,0.01
1995-01-24,,,,,40.4,50.0,36.0,,,,,,0.0
1995-01-25,,,,,38.0,47.0,34.0,,,,,,0.02
1995-01-26,,,,,33.2,34.0,32.0,,,,,,0.37
1995-01-27,,,,,35.1,39.0,32.0,,,,,,0.06
1995-01-28,,,,,42.4,45.0,39.0,,,,,,0.05
1995-01-29,,,,,45.0,47.0,41.0,,,,,,0.29
1995-01-30,,,,,47.0,49.0,44.0,,,,,,0.61
1995-01-31,,,,,47.9,49.0,47.0,,,,,,0.32
1995-02-01,,,,,45.8,49.0,42.0,,,,,,0.66
1995-02-02,,,,,50.8,58.0,42.0,,,,,,0.0
1995-02-03,,,,,58.7,65.0,54.0,,,,,,0.0
1995-02-04,,,,,57.5,67.0,51.0,,,,,,0.0
1995-02-05,,,,,50.8,58.0,45.0,,,,,,0.0
1995-02-06,,,,,48.4,57.0,40.0,,,,,,0.0
1995-02-07,,,,,36.9,43.0,35.0,,,,,,0.0
1995-02-08,,,,,44.6,56.0,31.0,,,,,,0.0
1995-02-09,,,,,49.0,60.0,41.0,,,,,,0.0
1995-02-10,,,,,48.0,64.0,39.0,,,,,,0.0
1995-02-11,,,,,38.0,46.0,31.0,,,,,,0.0
1995-02-12,,,,,29.9,33.0,26.0,,,,,,0.0
1995-02-13,,,,,25.3,31.0,22.0,,,,,,0.0
1995-02-14,,,,,23.7,30.0,20.0,,,,,,0.01
1995-02-15,,,,,27.4,34.0,22.0,,,,,,0.01
1995-02-16,,,,,31.6,36.0,28.0,,,,,,0.16
1995-02-17,,,,,41.0,43.0,36.0,,,,,,1.57
1995-02-18,,,,,51.8,50.0,43.0,,,,,,0.0
1995-02-19,,,,,133.7,,,,,,,,0.0
1995-02-20,,,,,138.2,,,,,,,,0.0
1995-02-21,,,,,,,,,,,,,0.0
1995-02-22,,,,,136.1,,,,,,,,0.0
1995-02-23,,,,,138.4,,,,,,,,0.0
1995-02-24,,,,,138.5,,,,,,,,0.0
1995-02-25,,,,,125.1,,,,,,,,0.0
1995-02-26,,,,,,,,,,,,,0.0
1995-02-27,,,,,,,,,,,,,0.0
1995-02-28,,,,,,,,,,,,,0.0
1995-03-01,,,,,,,,,,,,,0.0
1995-03-02,,,,,37.0,38.0,36.0,,,,,,0.15
1995-03-03,,,,,34.0,41.0,31.0,,,,,,0.05
1995-03-04,,,,,31.4,38.0,28.0,,,,,,0.15
1995-03-05,,,,,29.2,38.0,25.0,,,,,,0.3
1995-03-06,,,,,33.3,49.0,23.0,,,,,,0.07
1995-03-07,,,,,41.3,48.0,35.0,,,,,,0.0
1995-03-08,,,,,40.1,42.0,37.0,,,,,,0.89
1995-03-09,,,,,40.1,42.0,37.0,,,,,,1.42
1995-03-10,,,,,38.4,42.0,35.0,,,,,,0.49
1995-03-11,,,,,36.3,41.0,33.0,,,,,,0.25
1995-03-12,,,,,35.0,42.0,31.0,,,,,,0.18
1995-03-13,,,,,40.2,44.0,36.0,,,,,,0.7
1995-03-14,,,,,38.7,43.0,32.0,,,,,,0.77
1995-03-15,,,,,37.2,48.0,31.0,,,,,,0.04
1995-03-16,,,,,45.9,58.0,35.0,,,,,,0.0
1995-03-17,,,,,45.1,54.0,40.0,,,,,,0.16
1995-03-18,,,,,38.0,41.0,32.0,,,,,,0.5
1995-03-19,,,,,35.4,39.0,30.0,,,,,,0.79
1995-03-20,,,,,31.7,40.0,28.0,,,,,,1.11
1995-03-21,,,,,27.3,28.0,27.0,,,,,,0.0
1995-03-22,,,,,24.8,26.0,24.0,,,,,,0.01
1995-03-23,,,,,28.4,34.0,22.0,,,,,,0.1
1995-03-24,,,,,29.2,36.0,27.0,,,,,,0.15
1995-03-25,,,,,30.6,45.0,25.0,,,,,,0.24
1995-03-26,,,,,36.0,52.0,26.0,,,,,,0.27
1995-03-27,,,,,44.4,61.0,31.0,,,,,,0.0
1995-03-28,,,,,48.4,63.0,34.0,,,,,,0.0
1995-03-29,,,,,50.1,64.0,40.0,,,,,,0.0
1995-03-30,,,,,50.8,65.0,43.0,,,,,,0.0
1995-03-31,,,,,41.3,48.0,34.0,,,,,,0.07
1995-04-01,,,,,38.5,52.0,32.0,,,,,,0.0
1995-04-02,,,,,47.5,62.0,32.0,,,,,,0.0
1995-04-03,,,,,57.5,69.0,47.0,,,,,,0.0
1995-04-04,,,,,45.9,54.0,41.0,,,,,,0.1
1995-04-05,,,,,39.3,44.0,35.0,,,,,,0.11
1995-04-06,,,,,40.9,52.0,36.0,,,,,,0.41
1995-04-07,,,,,34.6,40.0,28.0,,,,,,0.51
1995-04-08,,,,,29.2,32.0,28.0,,,,,,0.0
1995-04-09,,,,,34.9,49.0,29.0,,,,,,0.75
1995-04-10,,,,,37.8,49.0,34.0,,,,,,0.19
1995-04-11,,,,,43.5,50.0,38.0,,,,,,0.06
1995-04-12,,,,,40.3,50.0,33.0,,,,,,0.55
1995-04-13,,,,,31.5,35.0,27.0,,,,,,0.24
1995-04-14,,,,,31.4,40.0,27.0,,,,,,0.21
1995-04-15,,,,,30.8,36.0,27.0,,,,,,0.03
1995-04-16,,,,,40.4,53.0,30.0,,,,,,0.0
1995-04-17,,,,,33.6,39.0,28.0,,,,,,0.13
1995-04-18,,,,,30.4,38.0,27.0,,,,,,0.19
1995-04-19,,,,,31.8,43.0,25.0,,,,,,0.03
1995-04-20,,,,,30.4,34.0,27.0,,,,,,0.27
1995-04-21,,,,,39.5,52.0,29.0,,,,,,0.32
1995-04-22,,,,,50.9,68.0,39.0,,,,,,0.0
1995-04-23,,,,,58.8,73.0,48.0,,,,,,0.0
1995-04-24,,,,,55.1,71.0,43.0,,,,,,0.0
1995-04-25,,,,,51.1,65.0,42.0,,,,,,0.0
1995-04-26,,,,,46.0,57.0,41.0,,,,,,0.0
1995-04-27,,,,,38.8,44.0,36.0,,,,,,0.43
1995-04-28,,,,,39.1,49.0,36.0,,,,,,0.28
1995-04-29,,,,,39.8,47.0,35.0,,,,,,0.31
1995-04-30,,,,,44.0,58.0,35.0,,,,,,0.28
1995-05-01,,,,,42.7,47.0,37.0,,,,,,0.4
1995-05-02,,,,,,,,,,,,,
1995-05-03,,,,,43.8,55.0,37.0,,,,,,0.01
1995-05-04,,,,,37.9,43.0,34.0,,,,,,0.25
1995-05-05,,,,,37.2,45.0,34.0,,,,,,0.35
1995-05-06,,,,,37.7,40.0,35.0,,,,,,0.13
1995-05-07,,,,,41.8,53.0,33.0,,,,,,0.0
1995-05-08,,,,,46.5,60.0,39.0,,,,,,0.0
1995-05-09,,,,,42.3,47.0,39.0,,,,,,0.27
1995-05-10,,,,,40.1,49.0,37.0,,,,,,0.09
1995-05-11,,,,,36.5,43.0,31.0,,,,,,0.07
1995-05-12,,,,,39.0,49.0,31.0,,,,,,0.0
1995-05-13,,,,,44.0,59.0,34.0,,,,,,0.0
1995-05-14,,,,,53.0,69.0,43.0,,,,,,0.0
1995-05-15,,,,,52.4,64.0,41.0,,,,,,0.0
1995-05-16,,,,,44.1,48.0,40.0,,,,,,0.01
1995-05-17,,,,,45.3,52.0,41.0,,,,,,0.0
1995-05-18,,,,,44.8,58.0,34.0,,,,,,0.0
1995-05-19,,,,,59.7,67.0,53.0,,,,,,0.0
1995-05-20,,,,,58.1,69.0,53.0,,,,,,0.0
1995-05-21,,,,,58.3,67.0,49.0,,,,,,0.0
1995-05-22,,,,,52.6,67.0,43.0,,,,,,0.0
1995-05-23,,,,,50.3,66.0,39.0,,,,,,0.0
1995-05-24,,,,,53.9,66.0,40.0,,,,,,0.0
1995-05-25,,,,,59.7,75.0,49.0,,,,,,0.0
1995-05-26,,,,,59.9,74.0,49.0,,,,,,0.0
1995-05-27,,,,,56.2,68.0,47.0,,,,,,0.0
1995-05-28,,,,,63.5,78.0,52.0,,,,,,0.0
1995-05-29,,,,,67.6,81.0,58.0,,,,,,0.0
1995-05-30,,,,,62.9,77.0,56.0,,,,,,0.0
1995-05-31,,,,,61.9,74.0,52.0,,,,,,0.0
1995-06-01,,,,,58.2,73.0,48.0,,,,,,0.0
1995-06-02,,,,,51.8,67.0,43.0,,,,,,0.0
1995-06-03,,,,,56.9,70.0,45.0,,,,,,0.0
1995-06-04,,,,,46.1,58.0,35.0,,,,,,0.09
1995-06-05,,,,,36.1,43.0,33.0,,,,,,0.13
1995-06-06,,,,,36.6,40.0,33.0,,,,,,0.24
1995-06-07,,,,,44.5,56.0,36.0,,,,,,0.16
1995-06-08,,,,,54.6,67.0,44.0,,,,,,0.0
1995-06-09,,,,,57.2,70.0,50.0,,,,,,0.0
1995-06-10,,,,,46.8,56.0,37.0,,,,,,0.19
1995-06-11,,,,,47.0,61.0,34.0,,,,,,0.0
1995-06-12,,,,,50.3,59.0,40.0,,,,,,0.0
1995-06-13,,,,,43.9,49.0,40.0,,,,,,0.15
1995-06-14,,,,,43.0,47.0,40.0,,,,,,0.95
1995-06-15,,,,,44.7,58.0,39.0,,,,,,0.36
1995-06-16,,,,,46.8,55.0,43.0,,,,,,0.01
1995-06-17,,,,,44.0,50.0,38.0,,,,,,0.08
1995-06-18,,,,,39.9,45.0,38.0,,,,,,0.24
1995-06-19,,,,,41.9,48.0,38.0,,,,,,0.37
1995-06-20,,,,,44.0,52.0,39.0,,,,,,0.0
1995-06-21,,,,,49.8,61.0,42.0,,,,,,0.0
1995-06-22,,,,,57.3,71.0,43.0,,,,,,0.0
1995-06-23,,,,,62.7,77.0,53.0,,,,,,0.0
1995-06-24,,,,,60.8,78.0,52.0,,,,,,0.0
1995-06-25,,,,,63.8,77.0,52.0,,,,,,0.0
1995-06-26,,,,,65.8,82.0,53.0,,,,,,0.0
1995-06-27,,,,,68.8,80.0,55.0,,,,,,0.0
1995-06-28,,,,,72.7,84.0,61.0,,,,,,0.0
1995-06-29,,,,,74.6,88.0,64.0,,,,,,0.0
1995-06-30,,,,,71.0,84.0,63.0,,,,,,0.0
1995-07-01,,,,,70.2,85.0,61.0,,,,,,0.0
1995-07-02,,,,,62.7,72.0,50.0,,,,,,0.0
1995-07-03,,,,,57.9,70.0,48.0,,,,,,0.0
1995-07-04,,,,,59.6,72.0,50.0,,,,,,0.0
1995-07-05,,,,,62.8,73.0,54.0,,,,,,0.0
1995-07-06,,,,,55.2,66.0,50.0,,,,,,0.1
1995-07-07,,,,,57.8,69.0,50.0,,,,,,0.0
1995-07-08,,,,,57.6,67.0,53.0,,,,,,0.24
1995-07-09,,,,,52.5,57.0,45.0,,,,,,0.06
1995-07-10,,,,,50.6,63.0,44.0,,,,,,0.0
1995-07-11,,,,,52.6,65.0,44.0,,,,,,0.0
1995-07-12,,,,,51.3,66.0,43.0,,,,,,0.0
1995-07-13,,,,,55.8,70.0,45.0,,,,,,0.0
1995-07-14,,,,,58.2,74.0,47.0,,,,,,0.0
1995-07-15,,,,,60.0,76.0,48.0,,,,,,0.0
1995-07-16,,,,,69.8,81.0,60.0,,,,,,0.0
1995-07-17,,,,,77.2,89.0,68.0,,,,,,0.0
1995-07-18,,,,,68.6,76.0,62.0,,,,,,0.0
1995-07-19,,,,,67.9,79.0,61.0,,,,,,0.01
1995-07-20,,,,,68.1,79.0,59.0,,,,,,0.02
1995-07-21,,,,,65.2,78.0,54.0,,,,,,0.0
1995-07-22,,,,,60.6,70.0,50.0,,,,,,0.0
1995-07-23,,,,,60.6,72.0,51.0,,,,,,0.0
1995-07-24,,,,,60.0,73.0,49.0,,,,,,0.0
1995-07-25,,,,,59.0,73.0,51.0,,,,,,0.0
1995-07-26,,,,,61.4,74.0,49.0,,,,,,0.0
1995-07-27,,,,,66.1,80.0,54.0,,,,,,0.0
1995-07-28,,,,,62.4,76.0,50.0,,,,,,0.0
1995-07-29,,,,,53.1,66.0,43.0,,,,,,0.0
1995-07-30,,,,,56.5,72.0,41.0,,,,,,0.0
1995-07-31,,,,,73.3,82.0,63.0,,,,,,0.0
1995-08-01,,,,,69.8,85.0,58.0,,,,,,0.0
1995-08-02,,,,,66.9,81.0,56.0,,,,,,0.0
1995-08-03,,,,,62.7,79.0,53.0,,,,,,0.0
1995-08-04,,,,,65.2,83.0,55.0,,,,,,0.0
1995-08-05,,,,,61.4,82.0,54.0,,,,,,0.0
1995-08-06,,,,,61.1,77.0,48.0,,,,,,0.04
1995-08-07,,,,,50.8,60.0,43.0,,,,,,0.02
1995-08-08,,,,,55.0,70.0,43.0,,,,,,0.0
1995-08-09,,,,,59.0,77.0,47.0,,,,,,0.0
1995-08-10,,,,,48.7,55.0,44.0,,,,,,0.07
1995-08-11,,,,,54.2,70.0,45.0,,,,,,0.0
1995-08-12,,,,,55.2,70.0,45.0,,,,,,0.0
1995-08-13,,,,,57.6,73.0,46.0,,,,,,0.0
1995-08-14,,,,,62.6,80.0,53.0,,,,,,0.0
1995-08-15,,,,,55.0,70.0,43.0,,,,,,0.0
1995-08-16,,,,,45.9,56.0,40.0,,,,,,0.04
1995-08-17,,,,,47.2,55.0,41.0,,,,,,0.02
1995-08-18,,,,,55.2,72.0,45.0,,,,,,0.0
1995-08-19,,,,,65.6,80.0,56.0,,,,,,0.0
1995-08-20,,,,,66.6,84.0,57.0,,,,,,0.0
1995-08-21,,,,,68.0,81.0,59.0,,,,,,0.0
1995-08-22,,,,,67.4,81.0,58.0,,,,,,0.0
1995-08-23,,,,,52.6,68.0,45.0,,,,,,0.0
1995-08-24,,,,,53.5,68.0,45.0,,,,,,0.0
1995-08-25,,,,,54.3,70.0,45.0,,,,,,0.0
1995-08-26,,,,,55.6,72.0,45.0,,,,,,0.0
1995-08-27,,,,,55.2,72.0,47.0,,,,,,0.0
1995-08-28,,,,,53.3,70.0,45.0,,,,,,0.02
1995-08-29,,,,,54.3,68.0,45.0,,,,,,0.0
1995-08-30,,,,,55.8,69.0,49.0,,,,,,0.0
1995-08-31,,,,,61.7,74.0,54.0,,,,,,0.0
1995-09-01,,,,,66.7,82.0,57.0,,,,,,0.0
1995-09-02,,,,,61.7,75.0,52.0,,,,,,0.0
1995-09-03,,,,,53.1,64.0,49.0,,,,,,0.0
1995-09-04,,,,,55.1,66.0,47.0,,,,,,0.0
1995-09-05,,,,,54.5,68.0,48.0,,,,,,0.0
1995-09-06,,,,,56.3,68.0,50.0,,,,,,0.0
1995-09-07,,,,,53.7,67.0,48.0,,,,,,0.0
1995-09-08,,,,,60.0,76.0,47.0,,,,,,0.0
1995-09-09,,,,,67.8,86.0,58.0,,,,,,0.0
1995-09-10,,,,,65.9,79.0,58.0,,,,,,0.0
1995-09-11,,,,,68.5,79.0,59.0,,,,,,0.0
1995-09-12,,,,,72.4,83.0,62.0,,,,,,0.0
1995-09-13,,,,,73.2,86.0,64.0,,,,,,0.0
1995-09-14,,,,,70.1,80.0,63.0,,,,,,0.0
1995-09-15,,,,,66.4,77.0,60.0,,,,,,0.0
1995-09-16,,,,,58.4,73.0,50.0,,,,,,0.0
1995-09-17,,,,,57.0,72.0,49.0,,,,,,0.0
1995-09-18,,,,,62.2,73.0,48.0,,,,,,0.0
1995-09-19,,,,,63.9,77.0,57.0,,,,,,0.0
1995-09-20,,,,,63.6,75.0,55.0,,,,,,0.0
1995-09-21,,,,,70.2,84.0,60.0,,,,,,0.0
1995-09-22,,,,,67.7,84.0,63.0,,,,,,0.0
1995-09-23,,,,,63.9,79.0,57.0,,,,,,0.0
1995-09-24,,,,,59.6,74.0,49.0,,,,,,0.24
1995-09-25,,,,,48.5,55.0,45.0,,,,,,0.23
1995-09-26,,,,,47.1,51.0,45.0,,,,,,0.05
1995-09-27,,,,,47.4,51.0,44.0,,,,,,0.15
1995-09-28,,,,,44.8,52.0,41.0,,,,,,0.12
1995-09-29,,,,,46.1,52.0,42.0,,,,,,0.3
1995-09-30,,,,,47.4,52.0,43.0,,,,,,0.12
1995-10-01,,,,,47.8,58.0,41.0,,,,,,0.0
1995-10-02,,,,,55.9,66.0,52.0,,,,,,0.0
1995-10-03,,,,,46.8,52.0,40.0,,,,,,0.16
1995-10-04,,,,,45.5,54.0,38.0,,,,,,0.0
1995-10-05,,,,,53.7,69.0,46.0,,,,,,0.0
1995-10-06,,,,,45.8,55.0,41.0,,,,,,0.0
1995-10-07,,,,,44.7,56.0,40.0,,,,,,0.0
1995-10-08,,,,,48.2,57.0,40.0,,,,,,0.0
1995-10-09,,,,,52.6,65.0,43.0,,,,,,0.0
1995-10-10,,,,,54.2,64.0,50.0,,,,,,0.0
1995-10-11,,,,,43.0,50.0,36.0,,,,,,0.9
1995-10-12,,,,,41.2,50.0,34.0,,,,,,0.01
1995-10-13,,,,,56.0,68.0,45.0,,,,,,0.0
1995-10-14,,,,,65.1,75.0,57.0,,,,,,0.0
1995-10-15,,,,,59.5,73.0,46.0,,,,,,0.0
1995-10-16,,,,,50.2,60.0,45.0,,,,,,0.0
1995-10-17,,,,,50.7,56.0,47.0,,,,,,0.29
1995-10-18,,,,,46.7,53.0,40.0,,,,,,0.09
1995-10-19,,,,,59.0,70.0,49.0,,,,,,0.0
1995-10-20,,,,,45.3,55.0,36.0,,,,,,0.05
1995-10-21,,,,,38.8,47.0,35.0,,,,,,0.16
1995-10-22,,,,,41.8,51.0,33.0,,,,,,0.01
1995-10-23,,,,,45.6,53.0,43.0,,,,,,0.0
1995-10-24,,,,,48.8,59.0,43.0,,,,,,0.0
1995-10-25,,,,,44.6,48.0,41.0,,,,,,0.24
1995-10-26,,,,,47.8,52.0,43.0,,,,,,0.02
1995-10-27,,,,,51.7,61.0,41.0,,,,,,0.01
1995-10-28,,,,,47.4,52.0,44.0,,,,,,0.0
1995-10-29,,,,,49.4,54.0,45.0,,,,,,0.0
1995-10-30,,,,,50.1,53.0,47.0,,,,,,0.0
1995-10-31,,,,,47.6,57.0,39.0,,,,,,0.0
1995-11-01,,,,,47.1,57.0,44.0,,,,,,0.0
1995-11-02,,,,,40.7,51.0,31.0,,,,,,0.0
1995-11-03,,,,,49.5,59.0,38.0,,,,,,0.0
1995-11-04,,,,,47.1,51.0,40.0,,,,,,0.0
1995-11-05,,,,,36.6,42.0,34.0,,,,,,0.01
1995-11-06,,,,,38.7,44.0,35.0,,,,,,0.04
1995-11-07,,,,,47.2,55.0,42.0,,,,,,0.01
1995-11-08,,,,,46.5,48.0,42.0,,,,,,0.27
1995-11-09,,,,,35.5,41.0,33.0,,,,,,0.17
1995-11-10,,,,,38.4,44.0,34.0,,,,,,0.05
1995-11-11,,,,,46.1,48.0,43.0,,,,,,0.51
1995-11-12,,,,,49.3,51.0,48.0,,,,,,0.13
1995-11-13,,,,,56.6,66.0,50.0,,,,,,0.01
1995-11-14,,,,,57.8,64.0,53.0,,,,,,0.0
1995-11-15,,,,,47.7,52.0,45.0,,,,,,0.07
1995-11-16,,,,,48.5,53.0,45.0,,,,,,0.01
1995-11-17,,,,,47.2,52.0,44.0,,,,,,0.26
1995-11-18,,,,,42.0,48.0,38.0,,,,,,0.01
1995-11-19,,,,,46.2,51.0,40.0,,,,,,0.0
1995-11-20,,,,,53.6,61.0,49.0,,,,,,0.0
1995-11-21,,,,,46.3,53.0,43.0,,,,,,0.08
1995-11-22,,,,,45.4,48.0,44.0,,,,,,0.01
1995-11-23,,,,,48.2,51.0,46.0,,,,,,0.0
1995-11-24,,,,,48.0,50.0,46.0,,,,,,0.1
1995-11-25,,,,,40.6,45.0,34.0,,,,,,0.69
1995-11-26,,,,,34.7,37.0,33.0,,,,,,0.09
1995-11-27,,,,,38.5,45.0,34.0,,,,,,0.22
1995-11-28,,,,,43.8,47.0,42.0,,,,,,0.01
1995-11-29,,,,,44.0,46.0,41.0,,,,,,0.42
1995-11-30,,,,,45.7,49.0,42.0,,,,,,0.96
1995-12-01,,,,,36.4,44.0,33.0,,,,,,0.22
1995-12-02,,,,,34.7,39.0,33.0,,,,,,0.06
1995-12-03,,,,,36.7,43.0,32.0,,,,,,0.28
1995-12-04,,,,,36.4,42.0,34.0,,,,,,0.21
1995-12-05,,,,,42.6,47.0,38.0,,,,,,1.05
1995-12-06,,,,,42.2,44.0,41.0,,,,,,0.13
1995-12-07,,,,,40.3,43.0,37.0,,,,,,0.04
1995-12-08,,,,,43.1,46.0,40.0,,,,,,0.46
1995-12-09,,,,,46.7,48.0,45.0,,,,,,0.09
1995-12-10,,,,,44.4,47.0,40.0,,,,,,0.88
1995-12-11,,,,,43.5,47.0,41.0,,,,,,1.77
1995-12-12,,,,,39.9,45.0,33.0,,,,,,2.76
1995-12-13,,,,,32.2,34.0,31.0,,,,,,0.2
1995-12-14,,,,,35.8,40.0,32.0,,,,,,1.85
1995-12-15,,,,,32.7,34.0,31.0,,,,,,0.16
1995-12-16,,,,,32.3,37.0,29.0,,,,,,0.01
1995-12-17,,,,,39.0,43.0,36.0,,,,,,0.05
1995-12-18,,,,,36.6,39.0,36.0,,,,,,0.29
1995-12-19,,,,,36.6,39.0,35.0,,,,,,0.01
1995-12-20,,,,,36.9,44.0,34.0,,,,,,0.0
1995-12-21,,,,,36.8,40.0,33.0,,,,,,0.0
1995-12-22,,,,,37.1,45.0,32.0,,,,,,0.0
1995-12-23,,,,,36.1,47.0,28.0,,,,,,0.0
1995-12-24,,,,,37.7,46.0,33.0,,,,,,0.0
1995-12-25,,,,,41.0,49.0,35.0,,,,,,0.0
1995-12-26,,,,,42.5,46.0,39.0,,,,,,0.0
1995-12-27,,,,,38.6,42.0,34.0,,,,,,0.11
1995-12-28,,,,,35.4,40.0,32.0,,,,,,0.56
1995-12-29,,,,,44.5,46.0,41.0,,,,,,0.68
1995-12-30,,,,,46.1,48.0,40.0,,,,,,0.31
1995-12-31,,,,,40.0,43.0,39.0,,,,,,0.0
1996-01-01,,,,,48.5,58.0,39.0,,,,,,0.0
1996-01-02,,,,,50.8,60.0,41.0,,,,,,0.0
1996-01-03,,,,,38.5,41.0,34.0,,,,,,0.07
1996-01-04,,,,,31.7,36.0,29.0,,,,,,0.03
1996-01-05,,,,,34.5,39.0,31.0,,,,,,0.06
1996-01-06,,,,,40.8,47.0,38.0,,,,,,0.0
1996-01-07,,,,,40.7,43.0,39.0,,,,,,0.26
1996-01-08,,,,,42.2,48.0,39.0,,,,,,0.4
1996-01-09,,,,,39.4,42.0,35.0,,,,,,0.88
1996-01-10,,,,,42.2,50.0,34.0,,,,,,0.01
1996-01-11,,,,,52.9,64.0,45.0,,,,,,0.0
1996-01-12,,,,,50.0,57.0,45.0,,,,,,0.0
1996-01-13,,,,,47.0,52.0,44.0,,,,,,0.0
1996-01-14,,,,,43.0,49.0,37.0,,,,,,0.15
1996-01-15,,,,,39.1,42.0,37.0,,,,,,0.6
1996-01-16,,,,,32.8,37.0,28.0,,,,,,0.4
1996-01-17,,,,,28.7,33.0,27.0,,,,,,0.0
1996-01-18,,,,,30.9,35.0,27.0,,,,,,0.24
1996-01-19,,,,,31.0,32.0,29.0,,,,,,0.02
1996-01-20,,,,,30.9,35.0,28.0,,,,,,0.66
1996-01-21,,,,,27.0,30.0,24.0,,,,,,0.01
1996-01-22,,,,,26.2,30.0,22.0,,,,,,0.0
1996-01-23,,,,,29.9,31.0,29.0,,,,,,0.0
1996-01-24,,,,,27.1,32.0,25.0,,,,,,0.0
1996-01-25,,,,,26.6,30.0,25.0,,,,,,0.0
1996-01-26,,,,,28.1,32.0,26.0,,,,,,0.0
1996-01-27,,,,,29.7,32.0,26.0,,,,,,0.0
1996-01-28,,,,,28.8,31.0,26.0,,,,,,0.0
1996-01-29,,,,,29.6,32.0,28.0,,,,,,0.01
1996-01-30,,,,,32.3,34.0,29.0,,,,,,0.45
1996-01-31,,,,,38.0,49.0,33.0,,,,,,1.13
1996-02-01,,,,,37.4,48.0,33.0,,,,,,0.08
1996-02-02,,,,,35.9,44.0,30.0,,,,,,0.0
1996-02-03,,,,,39.5,50.0,35.0,,,,,,0.0
1996-02-04,,,,,,,,,,,,,
1996-02-05,,,,,43.0,43.0,43.0,,,,,,1.18
1996-02-06,,,,,44.0,45.0,43.0,,,,,,0.22
1996-02-07,,,,,46.5,48.0,45.0,,,,,,0.04
1996-02-08,,,,,47.1,50.0,42.0,,,,,,1.02
1996-02-09,,,,,39.0,42.0,37.0,,,,,,0.48
1996-02-10,,,,,50.0,63.0,43.0,,,,,,0.0
1996-02-11,,,,,54.4,62.0,44.0,,,,,,0.0
1996-02-12,,,,,57.8,69.0,50.0,,,,,,0.0
1996-02-13,,,,,57.5,67.0,52.0,,,,,,0.0
1996-02-14,,,,,59.8,69.0,55.0,,,,,,0.0
1996-02-15,,,,,56.6,67.0,47.0,,,,,,0.0
1996-02-16,,,,,48.3,56.0,43.0,,,,,,0.29
1996-02-17,,,,,43.0,45.0,40.0,,,,,,0.98
1996-02-18,,,,,38.4,43.0,34.0,,,,,,1.15
1996-02-19,,,,,34.8,38.0,31.0,,,,,,0.36
1996-02-20,,,,,30.8,36.0,28.0,,,,,,0.23
1996-02-21,,,,,27.4,32.0,24.0,,,,,,0.0
1996-02-22,,,,,28.3,33.0,24.0,,,,,,0.01
1996-02-23,,,,,27.5,32.0,22.0,,,,,,0.07
1996-02-24,,,,,25.6,40.0,20.0,,,,,,0.18
1996-02-25,,,,,25.4,37.0,20.0,,,,,,0.25
1996-02-26,,,,,24.7,37.0,19.0,,,,,,0.13
1996-02-27,,,,,26.7,32.0,22.0,,,,,,0.0
1996-02-28,,,,,29.5,33.0,26.0,,,,,,0.14
1996-02-29,,,,,38.6,51.0,31.0,,,,,,0.56
1996-03-01,,,,,44.8,56.0,35.0,,,,,,0.01
1996-03-02,,,,,44.2,50.0,40.0,,,,,,0.01
1996-03-03,,,,,40.2,46.0,37.0,,,,,,0.03
1996-03-04,,,,,33.2,36.0,31.0,,,,,,0.35
1996-03-05,,,,,29.9,33.0,26.0,,,,,,0.17
1996-03-06,,,,,38.5,46.0,30.0,,,,,,0.0
1996-03-07,,,,,45.7,52.0,41.0,,,,,,0.0
1996-03-08,,,,,53.5,63.0,47.0,,,,,,0.0
1996-03-09,,,,,51.6,58.0,47.0,,,,,,0.0
1996-03-10,,,,,42.7,47.0,39.0,,,,,,0.34
1996-03-11,,,,,38.3,41.0,35.0,,,,,,0.45
1996-03-12,,,,,35.7,40.0,32.0,,,,,,0.02
1996-03-13,,,,,35.7,44.0,31.0,,,,,,0.05
1996-03-14,,,,,48.4,61.0,37.0,,,,,,0.0
1996-03-15,,,,,39.4,49.0,34.0,,,,,,0.0
1996-03-16,,,,,45.7,60.0,35.0,,,,,,0.0
1996-03-17,,,,,49.0,57.0,40.0,,,,,,0.0
1996-03-18,,,,,54.6,67.0,38.0,,,,,,0.0
1996-03-19,,,,,39.6,53.0,33.0,,,,,,0.0
1996-03-20,,,,,37.7,48.0,31.0,,,,,,0.0
1996-03-21,,,,,42.9,59.0,33.0,,,,,,0.0
1996-03-22,,,,,29.4,32.0,27.0,,,,,,0.03
1996-03-23,,,,,33.4,43.0,28.0,,,,,,0.25
1996-03-24,,,,,33.4,45.0,29.0,,,,,,0.01
1996-03-25,,,,,38.3,52.0,23.0,,,,,,0.0
1996-03-26,,,,,43.1,54.0,30.0,,,,,,0.0
1996-03-27,,,,,30.2,34.0,26.0,,,,,,0.12
1996-03-28,,,,,30.2,40.0,26.0,,,,,,0.33
1996-03-29,,,,,31.4,43.0,25.0,,,,,,0.12
1996-03-30,,,,,38.5,50.0,28.0,,,,,,0.0
1996-03-31,,,,,41.2,43.0,39.0,,,,,,1.86
1996-04-01,,,,,39.6,49.0,36.0,,,,,,0.37
1996-04-02,,,,,36.4,41.0,31.0,,,,,,0.14
1996-04-03,,,,,41.3,54.0,31.0,,,,,,0.0
1996-04-04,,,,,50.8,62.0,41.0,,,,,,0.0
1996-04-05,,,,,55.7,68.0,49.0,,,,,,0.0
1996-04-06,,,,,60.6,71.0,52.0,,,,,,0.0
1996-04-07,,,,,60.4,73.0,50.0,,,,,,0.0
1996-04-08,,,,,54.6,67.0,43.0,,,,,,0.0
1996-04-09,,,,,40.2,47.0,34.0,,,,,,0.45
1996-04-10,,,,,36.0,40.0,32.0,,,,,,0.03
1996-04-11,,,,,34.0,41.0,30.0,,,,,,0.08
1996-04-12,,,,,32.5,40.0,29.0,,,,,,0.45
1996-04-13,,,,,42.1,56.0,29.0,,,,,,0.05
1996-04-14,,,,,48.0,59.0,43.0,,,,,,0.0
1996-04-15,,,,,41.9,50.0,35.0,,,,,,0.2
1996-04-16,,,,,32.3,36.0,30.0,,,,,,0.45
1996-04-17,,,,,31.5,38.0,29.0,,,,,,0.01
1996-04-18,,,,,31.8,39.0,28.0,,,,,,0.04
1996-04-19,,,,,32.3,39.0,29.0,,,,,,0.12
1996-04-20,,,,,33.7,40.0,30.0,,,,,,0.21
1996-04-21,,,,,37.5,46.0,32.0,,,,,,0.17
1996-04-22,,,,,40.8,44.0,38.0,,,,,,0.1
1996-04-23,,,,,45.5,50.0,41.0,,,,,,1.33
1996-04-24,,,,,39.4,47.0,36.0,,,,,,0.21
1996-04-25,,,,,43.2,58.0,36.0,,,,,,0.0
1996-04-26,,,,,43.3,55.0,33.0,,,,,,0.0
1996-04-27,,,,,40.6,53.0,32.0,,,,,,0.0
1996-04-28,,,,,52.8,67.0,38.0,,,,,,0.0
1996-04-29,,,,,54.5,67.0,47.0,,,,,,0.0
1996-04-30,,,,,52.1,68.0,40.0,,,,,,0.0
1996-05-01,,,,,48.5,62.0,39.0,,,,,,0.0
1996-05-02,,,,,39.6,51.0,30.0,,,,,,0.0
1996-05-03,,,,,33.0,40.0,28.0,,,,,,0.13
1996-05-04,,,,,38.9,50.0,29.0,,,,,,0.0
1996-05-05,,,,,39.0,55.0,31.0,,,,,,0.0
1996-05-06,,,,,42.5,60.0,32.0,,,,,,0.0
1996-05-07,,,,,39.3,54.0,30.0,,,,,,0.0
1996-05-08,,,,,39.7,54.0,31.0,,,,,,0.0
1996-05-09,,,,,41.3,55.0,31.0,,,,,,0.0
1996-05-10,,,,,46.2,64.0,32.0,,,,,,0.0
1996-05-11,,,,,61.2,79.0,52.0,,,,,,0.0
1996-05-12,,,,,61.1,75.0,52.0,,,,,,0.0
1996-05-13,,,,,51.4,56.0,48.0,,,,,,0.74
1996-05-14,,,,,49.4,54.0,46.0,,,,,,0.76
1996-05-15,,,,,45.9,52.0,43.0,,,,,,0.54
1996-05-16,,,,,46.5,56.0,41.0,,,,,,0.16
1996-05-17,,,,,72.1,,,,,,,,1.14
1996-05-18,,,,,123.1,,,,,,,,0.56
1996-05-19,,,,,138.0,,,,,,,,0.49
1996-05-20,,,,,98.6,,,,,,,,0.02
1996-05-21,,,,,61.4,,,,,,,,1.05
1996-05-22,,,,,,,,,,,,,0.13
1996-05-23,,,,,,,,,,,,,0.02
1996-05-24,,,,,62.6,,,,,,,,0.0
1996-05-25,,,,,58.0,71.0,47.0,,,,,,0.0
1996-05-26,,,,,44.3,49.0,39.0,,,,,,0.0
1996-05-27,,,,,40.4,55.0,36.0,,,,,,0.0
1996-05-28,,,,,40.3,50.0,34.0,,,,,,0.0
1996-05-29,,,,,42.8,55.0,33.0,,,,,,0.0
1996-05-30,,,,,44.1,58.0,35.0,,,,,,0.0
1996-05-31,,,,,53.8,67.0,45.0,,,,,,0.0
1996-06-01,,,,,63.1,78.0,49.0,,,,,,0.0
1996-06-02,,,,,70.2,86.0,59.0,,,,,,0.0
1996-06-03,,,,,63.0,75.0,47.0,,,,,,0.0
1996-06-04,,,,,53.8,67.0,45.0,,,,,,0.0
1996-06-05,,,,,60.8,73.0,44.0,,,,,,0.0
1996-06-06,,,,,67.0,79.0,57.0,,,,,,0.0
1996-06-07,,,,,57.0,67.0,49.0,,,,,,0.0
1996-06-08,,,,,51.0,62.0,40.0,,,,,,0.0
1996-06-09,,,,,49.8,61.0,38.0,,,,,,0.0
1996-06-10,,,,,52.7,66.0,41.0,,,,,,0.0
1996-06-11,,,,,51.5,67.0,40.0,,,,,,0.0
1996-06-12,,,,,57.5,71.0,46.0,,,,,,0.0
1996-06-13,,,,,47.7,54.0,42.0,,,,,,0.0
1996-06-14,,,,,51.9,69.0,41.0,,,,,,0.0
1996-06-15,,,,,50.8,66.0,41.0,,,,,,0.0
1996-06-16,,,,,46.3,59.0,38.0,,,,,,0.0
1996-06-17,,,,,42.6,56.0,33.0,,,,,,0.0
1996-06-18,,,,,46.7,61.0,34.0,,,,,,0.0
1996-06-19,,,,,55.0,65.0,47.0,,,,,,0.0
1996-06-20,,,,,53.4,67.0,40.0,,,,,,0.0
1996-06-21,,,,,45.9,62.0,40.0,,,,,,0.0
1996-06-22,,,,,53.5,67.0,42.0,,,,,,0.0
1996-06-23,,,,,47.0,52.0,42.0,,,,,,0.1
1996-06-24,,,,,45.0,54.0,41.0,,,,,,1.26
1996-06-25,,,,,49.4,63.0,42.0,,,,,,0.0
1996-06-26,,,,,51.5,68.0,45.0,,,,,,1.76
1996-06-27,,,,,48.0,55.0,43.0,,,,,,0.01
1996-06-28,,,,,51.3,65.0,42.0,,,,,,0.0
1996-06-29,,,,,56.4,70.0,46.0,,,,,,0.0
1996-06-30,,,,,62.5,76.0,49.0,,,,,,0.01
1996-07-01,,,,,66.9,80.0,57.0,,,,,,0.0
1996-07-02,,,,,67.8,80.0,56.0,,,,,,0.0
1996-07-03,,,,,57.9,70.0,46.0,,,,,,0.0
1996-07-04,,,,,49.5,62.0,43.0,,,,,,0.04
1996-07-05,,,,,49.6,60.0,41.0,,,,,,0.0
1996-07-06,,,,,62.7,76.0,50.0,,,,,,0.0
1996-07-07,,,,,70.6,82.0,61.0,,,,,,0.0
1996-07-08,,,,,60.5,77.0,48.0,,,,,,0.0
1996-07-09,,,,,54.0,69.0,47.0,,,,,,0.0
1996-07-10,,,,,58.9,74.0,46.0,,,,,,0.0
1996-07-11,,,,,68.4,81.0,56.0,,,,,,0.0
1996-07-12,,,,,72.3,86.0,62.0,,,,,,0.0
1996-07-13,,,,,80.6,91.0,69.0,,,,,,0.0
1996-07-14,,,,,77.3,89.0,68.0,,,,,,0.0
1996-07-15,,,,,67.9,79.0,52.0,,,,,,0.0
1996-07-16,,,,,59.2,74.0,48.0,,,,,,0.0
1996-07-17,,,,,45.9,50.0,40.0,,,,,,0.2
1996-07-18,,,,,47.7,58.0,38.0,,,,,,0.01
1996-07-19,,,,,55.2,70.0,42.0,,,,,,0.0
1996-07-20,,,,,61.5,76.0,51.0,,,,,,0.0
1996-07-21,,,,,64.1,76.0,54.0,,,,,,0.0
1996-07-22,,,,,77.0,87.0,64.0,,,,,,0.0
1996-07-23,,,,,75.2,89.0,67.0,,,,,,0.0
1996-07-24,,,,,74.1,90.0,66.0,,,,,,0.0
1996-07-25,,,,,75.9,88.0,66.0,,,,,,0.0
1996-07-26,,,,,80.8,92.0,71.0,,,,,,0.0
1996-07-27,,,,,77.3,88.0,70.0,,,,,,0.0
1996-07-28,,,,,73.6,84.0,67.0,,,,,,0.0
1996-07-29,,,,,75.9,90.0,66.0,,,,,,0.0
1996-07-30,,,,,67.3,82.0,59.0,,,,,,0.0
1996-07-31,,,,,66.8,81.0,56.0,,,,,,0.0
1996-08-01,,,,,57.7,74.0,47.0,,,,,,0.0
1996-08-02,,,,,51.0,59.0,45.0,,,,,,0.0
1996-08-03,,,,,51.5,67.0,43.0,,,,,,0.0
1996-08-04,,,,,58.9,75.0,48.0,,,,,,0.0
1996-08-05,,,,,51.5,64.0,44.0,,,,,,0.01
1996-08-06,,,,,62.5,77.0,46.0,,,,,,0.0
1996-08-07,,,,,74.1,90.0,63.0,,,,,,0.0
1996-08-08,,,,,75.0,89.0,63.0,,,,,,0.0
1996-08-09,,,,,77.5,92.0,68.0,,,,,,0.0
1996-08-10,,,,,79.8,96.0,64.0,,,,,,0.0
1996-08-11,,,,,64.3,75.0,55.0,,,,,,0.0
1996-08-12,,,,,72.9,83.0,59.0,,,,,,0.0
1996-08-13,,,,,77.4,91.0,65.0,,,,,,0.0
1996-08-14,,,,,68.0,82.0,56.0,,,,,,0.0
1996-08-15,,,,,66.4,82.0,58.0,,,,,,0.0
1996-08-16,,,,,62.2,80.0,48.0,,,,,,0.0
1996-08-17,,,,,52.4,68.0,42.0,,,,,,0.0
1996-08-18,,,,,52.5,68.0,41.0,,,,,,0.0
1996-08-19,,,,,53.9,71.0,43.0,,,,,,0.0
1996-08-20,,,,,57.8,72.0,49.0,,,,,,0.0
1996-08-21,,,,,62.2,78.0,50.0,,,,,,0.0
1996-08-22,,,,,71.2,85.0,59.0,,,,,,0.0
1996-08-23,,,,,77.6,90.0,69.0,,,,,,0.0
1996-08-24,,,,,81.8,94.0,73.0,,,,,,0.0
1996-08-25,,,,,74.0,85.0,62.0,,,,,,0.0
1996-08-26,,,,,64.4,77.0,49.0,,,,,,0.0
1996-08-27,,,,,58.5,73.0,49.0,,,,,,0.0
1996-08-28,,,,,68.5,84.0,57.0,,,,,,0.0
1996-08-29,,,,,74.0,89.0,61.0,,,,,,0.0
1996-08-30,,,,,61.6,78.0,49.0,,,,,,0.0
1996-08-31,,,,,54.9,70.0,47.0,,,,,,0.0
1996-09-01,,,,,55.3,74.0,44.0,,,,,,0.0
1996-09-02,,,,,59.5,77.0,48.0,,,,,,0.0
1996-09-03,,,,,55.5,66.0,43.0,,,,,,0.0
1996-09-04,,,,,44.5,56.0,39.0,,,,,,0.21
1996-09-05,,,,,48.5,63.0,39.0,,,,,,0.01
1996-09-06,,,,,55.6,70.0,46.0,,,,,,0.0
1996-09-07,,,,,62.0,76.0,51.0,,,,,,0.0
1996-09-08,,,,,64.6,80.0,55.0,,,,,,0.0
1996-09-09,,,,,62.9,73.0,52.0,,,,,,0.0
1996-09-10,,,,,70.4,86.0,64.0,,,,,,0.0
1996-09-11,,,,,63.4,77.0,47.0,,,,,,0.0
1996-09-12,,,,,52.6,64.0,46.0,,,,,,0.0
1996-09-13,,,,,48.0,52.0,46.0,,,,,,0.1
1996-09-14,,,,,48.5,54.0,44.0,,,,,,0.59
1996-09-15,,,,,46.2,50.0,42.0,,,,,,0.16
1996-09-16,,,,,45.1,50.0,42.0,,,,,,0.28
1996-09-17,,,,,46.9,55.0,42.0,,,,,,0.0
1996-09-18,,,,,52.8,64.0,43.0,,,,,,0.02
1996-09-19,,,,,47.7,54.0,43.0,,,,,,0.02
1996-09-20,,,,,48.4,60.0,42.0,,,,,,0.01
1996-09-21,,,,,45.7,56.0,39.0,,,,,,0.0
1996-09-22,,,,,42.9,58.0,36.0,,,,,,0.0
1996-09-23,,,,,57.1,69.0,46.0,,,,,,0.0
1996-09-24,,,,,59.0,70.0,51.0,,,,,,0.0
1996-09-25,,,,,56.7,68.0,50.0,,,,,,0.0
1996-09-26,,,,,62.2,74.0,52.0,,,,,,0.0
1996-09-27,,,,,71.5,83.0,60.0,,,,,,0.0
1996-09-28,,,,,73.2,85.0,64.0,,,,,,0.0
1996-09-29,,,,,69.5,81.0,61.0,,,,,,0.0
1996-09-30,,,,,62.4,73.0,51.0,,,,,,0.0
1996-10-01,,,,,64.6,75.0,50.0,,,,,,0.0
1996-10-02,,,,,64.0,75.0,57.0,,,,,,0.0
1996-10-03,,,,,59.1,70.0,54.0,,,,,,0.0
1996-10-04,,,,,57.0,65.0,52.0,,,,,,0.0
1996-10-05,,,,,58.7,69.0,52.0,,,,,,0.0
1996-10-06,,,,,64.6,76.0,56.0,,,,,,0.0
1996-10-07,,,,,68.6,77.0,61.0,,,,,,0.0
1996-10-08,,,,,75.4,89.0,68.0,,,,,,0.0
1996-10-09,,,,,73.2,84.0,62.0,,,,,,0.0
1996-10-10,,,,,54.4,64.0,43.0,,,,,,0.0
1996-10-11,,,,,50.1,61.0,45.0,,,,,,0.0
1996-10-12,,,,,48.7,56.0,45.0,,,,,,0.03
1996-10-13,,,,,42.5,48.0,38.0,,,,,,0.5
1996-10-14,,,,,44.7,55.0,38.0,,,,,,0.1
1996-10-15,,,,,39.5,47.0,35.0,,,,,,0.46
1996-10-16,,,,,38.0,46.0,33.0,,,,,,0.0
1996-10-17,,,,,43.1,49.0,39.0,,,,,,0.4
1996-10-18,,,,,36.6,44.0,30.0,,,,,,0.46
1996-10-19,,,,,31.0,34.0,29.0,,,,,,0.07
1996-10-20,,,,,36.3,50.0,29.0,,,,,,0.35
1996-10-21,,,,,42.6,47.0,37.0,,,,,,0.03
1996-10-22,,,,,43.0,47.0,38.0,,,,,,0.07
1996-10-23,,,,,44.0,49.0,40.0,,,,,,0.3
1996-10-24,,,,,39.5,46.0,32.0,,,,,,0.37
1996-10-25,,,,,32.6,34.0,32.0,,,,,,0.35
1996-10-26,,,,,34.9,39.0,32.0,,,,,,0.14
1996-10-27,,,,,46.3,55.0,39.0,,,,,,0.0
1996-10-28,,,,,45.2,53.0,36.0,,,,,,0.66
1996-10-29,,,,,38.2,43.0,33.0,,,,,,0.0
1996-10-30,,,,,43.6,51.0,38.0,,,,,,0.0
1996-10-31,,,,,47.5,57.0,39.0,,,,,,0.0
1996-11-01,,,,,52.7,62.0,47.0,,,,,,0.0
1996-11-02,,,,,51.5,61.0,39.0,,,,,,0.0
1996-11-03,,,,,37.2,43.0,33.0,,,,,,0.0
1996-11-04,,,,,33.9,39.0,31.0,,,,,,0.01
1996-11-05,,,,,34.8,43.0,29.0,,,,,,0.0
1996-11-06,,,,,38.8,41.0,34.0,,,,,,0.16
1996-11-07,,,,,45.0,53.0,40.0,,,,,,0.01
1996-11-08,,,,,55.4,63.0,48.0,,,,,,0.0
1996-11-09,,,,,61.3,69.0,56.0,,,,,,0.0
1996-11-10,,,,,60.2,64.0,57.0,,,,,,0.0
1996-11-11,,,,,54.9,63.0,48.0,,,,,,0.0
1996-11-12,,,,,47.2,52.0,43.0,,,,,,0.14
1996-11-13,,,,,40.2,44.0,36.0,,,,,,0.2
1996-11-14,,,,,35.2,39.0,33.0,,,,,,0.22
1996-11-15,,,,,33.4,36.0,31.0,,,,,,0.11
1996-11-16,,,,,32.8,35.0,31.0,,,,,,0.04
1996-11-17,,,,,35.7,42.0,33.0,,,,,,0.07
1996-11-18,,,,,47.7,50.0,43.0,,,,,,4.08
1996-11-19,,,,,41.0,48.0,29.0,,,,,,1.61
1996-11-20,,,,,34.3,42.0,27.0,,,,,,0.03
1996-11-21,,,,,41.8,44.0,40.0,,,,,,0.3
1996-11-22,,,,,40.0,42.0,38.0,,,,,,0.19
1996-11-23,,,,,39.4,42.0,38.0,,,,,,0.0
1996-11-24,,,,,41.5,47.0,38.0,,,,,,0.2
1996-11-25,,,,,36.5,41.0,33.0,,,,,,0.0
1996-11-26,,,,,43.1,48.0,36.0,,,,,,0.0
1996-11-27,,,,,43.0,47.0,38.0,,,,,,0.48
1996-11-28,,,,,32.2,34.0,31.0,,,,,,0.17
1996-11-29,,,,,32.3,35.0,31.0,,,,,,0.23
1996-11-30,,,,,38.9,43.0,34.0,,,,,,0.49
1996-12-01,,,,,28.4,33.0,26.0,,,,,,0.02
1996-12-02,,,,,30.7,31.0,30.0,,,,,,0.0
1996-12-03,,,,,31.3,32.0,30.0,,,,,,0.0
1996-12-04,,,,,34.9,38.0,32.0,,,,,,1.4664576457645766
1996-12-05,,,,,32.2,33.0,32.0,,,,,,0.9284048404840486
1996-12-06,,,,,,,,,,,,,0.1793509350935094
1996-12-07,,,,,,,,,,,,,2.901265126512652
1996-12-08,,,,,,,,,,,,,2.1311111111111116
1996-12-09,,,,,,,,,,,,,0.7174037403740376
1996-12-10,,,,,,,,,,,,,0.47475247524752484
1996-12-11,,,,,,,,,,,,,0.09495049504950497
1996-12-12,,,,,37.0,39.0,36.0,,,,,,0.5486028602860288
1996-12-13,,,,,32.5,34.0,32.0,,,,,,0.14770077007700774
1996-12-14,,,,,34.7,41.0,21.0,,,,,,0.14
1996-12-15,,,,,50.6,65.0,44.0,,,,,,0.02
1996-12-16,,,,,47.4,57.0,41.0,,,,,,0.0
1996-12-17,,,,,41.0,48.0,38.0,,,,,,0.0
1996-12-18,,,,,49.7,61.0,40.0,,,,,,0.0
1996-12-19,,,,,45.1,50.0,39.0,,,,,,0.0
1996-12-20,,,,,33.4,40.0,28.0,,,,,,0.35
1996-12-21,,,,,27.1,28.0,27.0,,,,,,0.0
1996-12-22,,,,,28.2,32.0,26.0,,,,,,0.0
1996-12-23,,,,,31.2,35.0,28.0,,,,,,0.06
1996-12-24,,,,,35.9,38.0,35.0,,,,,,0.58
1996-12-25,,,,,42.1,44.0,38.0,,,,,,0.4
1996-12-26,,,,,40.0,43.0,35.0,,,,,,0.57
1996-12-27,,,,,34.9,40.0,32.0,,,,,,0.26
1996-12-28,,,,,37.2,44.0,32.0,,,,,,0.48
1996-12-29,,,,,42.7,45.0,40.0,,,,,,1.91
1996-12-30,,,,,41.4,43.0,39.0,,,,,,1.91
1996-12-31,,,,,43.2,49.0,38.0,,,,,,2.34
1997-01-01,,,,,40.9,42.0,39.0,,,,,,1.24
1997-01-02,,,,,39.1,42.0,33.0,,,,,,0.71
1997-01-03,,,,,29.0,32.0,26.0,,,,,,0.01
1997-01-04,,,,,27.7,36.0,24.0,,,,,,0.0
1997-01-05,,,,,27.0,31.0,24.0,,,,,,0.0
1997-01-06,,,,,33.0,40.0,27.0,,,,,,0.1
1997-01-07,,,,,37.6,44.0,32.0,,,,,,0.06
1997-01-08,,,,,48.0,55.0,43.0,,,,,,0.0
1997-01-09,,,,,44.6,51.0,39.0,,,,,,0.0
1997-01-10,,,,,42.4,52.0,38.0,,,,,,0.0
1997-01-11,,,,,42.5,52.0,34.0,,,,,,0.0
1997-01-12,,,,,29.2,40.0,18.0,,,,,,0.0
1997-01-13,,,,,20.6,28.0,13.0,,,,,,0.0
1997-01-14,,,,,31.5,41.0,23.0,,,,,,0.0
1997-01-15,,,,,37.8,42.0,34.0,,,,,,0.0
1997-01-16,,,,,39.1,42.0,36.0,,,,,,0.0
1997-01-17,,,,,45.3,48.0,40.0,,,,,,0.1
1997-01-18,,,,,49.3,56.0,44.0,,,,,,0.0
1997-01-19,,,,,40.9,47.0,37.0,,,,,,0.08
1997-01-20,,,,,33.1,37.0,30.0,,,,,,0.11
1997-01-21,,,,,28.5,30.0,25.0,,,,,,0.0
1997-01-22,,,,,29.5,35.0,26.0,,,,,,0.01
1997-01-23,,,,,27.9,36.0,23.0,,,,,,0.04
1997-01-24,,,,,32.2,36.0,27.0,,,,,,0.0
1997-01-25,,,,,35.5,39.0,32.0,,,,,,1.58
1997-01-26,,,,,40.1,46.0,37.0,,,,,,0.22
1997-01-27,,,,,38.9,41.0,38.0,,,,,,0.32
1997-01-28,,,,,43.0,48.0,40.0,,,,,,0.11
1997-01-29,,,,,46.9,52.0,43.0,,,,,,0.0
1997-01-30,,,,,45.0,48.0,44.0,,,,,,0.03
1997-01-31,,,,,42.6,46.0,38.0,,,,,,0.55
1997-02-01,,,,,36.2,40.0,32.0,,,,,,0.01
1997-02-02,,,,,33.1,41.0,28.0,,,,,,0.03
1997-02-03,,,,,37.5,41.0,34.0,,,,,,0.0
1997-02-04,,,,,37.3,45.0,33.0,,,,,,0.0
1997-02-05,,,,,38.5,50.0,34.0,,,,,,0.0
1997-02-06,,,,,41.4,47.0,36.0,,,,,,0.07
1997-02-07,,,,,34.5,37.0,32.0,,,,,,0.14
1997-02-08,,,,,33.4,39.0,30.0,,,,,,0.12
1997-02-09,,,,,35.6,40.0,33.0,,,,,,0.07
1997-02-10,,,,,37.4,44.0,32.0,,,,,,0.01
1997-02-11,,,,,35.5,40.0,32.0,,,,,,0.07
1997-02-12,,,,,30.1,33.0,28.0,,,,,,0.0
1997-02-13,,,,,38.7,44.0,30.0,,,,,,0.21
1997-02-14,,,,,46.4,56.0,38.0,,,,,,0.0
1997-02-15,,,,,55.0,62.0,50.0,,,,,,0.0
1997-02-16,,,,,46.3,57.0,36.0,,,,,,0.03
1997-02-17,,,,,34.4,41.0,32.0,,,,,,0.2
1997-02-18,,,,,37.0,44.0,32.0,,,,,,0.06
1997-02-19,,,,,33.1,38.0,28.0,,,,,,0.39
1997-02-20,,,,,32.1,40.0,27.0,,,,,,0.1
1997-02-21,,,,,34.4,41.0,30.0,,,,,,0.08
1997-02-22,,,,,38.7,49.0,31.0,,,,,,0.0
1997-02-23,,,,,38.1,48.0,30.0,,,,,,0.0
1997-02-24,,,,,43.1,55.0,33.0,,,,,,0.0
1997-02-25,,,,,42.9,54.0,34.0,,,,,,0.0
1997-02-26,,,,,33.5,37.0,29.0,,,,,,0.04
1997-02-27,,,,,29.9,33.0,27.0,,,,,,0.0
1997-02-28,,,,,31.0,41.0,24.0,,,,,,0.04
1997-03-01,,,,,32.7,37.0,30.0,,,,,,0.76
1997-03-02,,,,,28.5,32.0,25.0,,,,,,0.0
1997-03-03,,,,,27.8,34.0,24.0,,,,,,0.0
1997-03-04,,,,,31.7,42.0,21.0,,,,,,0.16
1997-03-05,,,,,36.0,44.0,34.0,,,,,,0.41
1997-03-06,,,,,36.0,44.0,33.0,,,,,,0.09
1997-03-07,,,,,36.3,42.0,31.0,,,,,,0.13
1997-03-08,,,,,36.7,50.0,26.0,,,,,,0.0
1997-03-09,,,,,41.5,49.0,37.0,,,,,,0.0
1997-03-10,,,,,40.9,47.0,36.0,,,,,,0.14
1997-03-11,,,,,34.1,40.0,29.0,,,,,,0.02
1997-03-12,,,,,30.6,41.0,26.0,,,,,,0.05
1997-03-13,,,,,33.2,43.0,25.0,,,,,,0.0
1997-03-14,,,,,38.8,46.0,33.0,,,,,,0.14
1997-03-15,,,,,41.9,44.0,41.0,,,,,,0.08
1997-03-16,,,,,39.8,43.0,34.0,,,,,,0.9
1997-03-17,,,,,40.8,49.0,32.0,,,,,,0.01
1997-03-18,,,,,50.8,59.0,43.0,,,,,,0.0
1997-03-19,,,,,50.9,61.0,42.0,,,,,,0.0
1997-03-20,,,,,39.4,47.0,34.0,,,,,,0.07
1997-03-21,,,,,45.2,56.0,35.0,,,,,,0.0
1997-03-22,,,,,47.1,57.0,39.0,,,,,,0.0
1997-03-23,,,,,46.4,56.0,38.0,,,,,,0.0
1997-03-24,,,,,50.3,61.0,41.0,,,,,,0.0
1997-03-25,,,,,57.3,69.0,43.0,,,,,,0.0
1997-03-26,,,,,40.3,49.0,33.0,,,,,,0.0
1997-03-27,,,,,37.4,49.0,30.0,,,,,,0.12
1997-03-28,,,,,34.3,45.0,27.0,,,,,,0.0
1997-03-29,,,,,44.9,54.0,35.0,,,,,,0.0
1997-03-30,,,,,35.1,45.0,26.0,,,,,,0.08
1997-03-31,,,,,28.4,32.0,25.0,,,,,,0.05
1997-04-01,,,,,32.3,41.0,27.0,,,,,,0.33
1997-04-02,,,,,37.2,50.0,25.0,,,,,,0.03
1997-04-03,,,,,37.9,48.0,29.0,,,,,,0.0
1997-04-04,,,,,34.2,47.0,26.0,,,,,,0.0
1997-04-05,,,,,47.7,55.0,41.0,,,,,,0.0
1997-04-06,,,,,38.0,48.0,33.0,,,,,,0.02
1997-04-07,,,,,37.0,43.0,33.0,,,,,,0.1
1997-04-08,,,,,34.2,39.0,29.0,,,,,,0.04
1997-04-09,,,,,33.8,44.0,28.0,,,,,,0.04
1997-04-10,,,,,35.1,46.0,29.0,,,,,,0.11
1997-04-11,,,,,42.7,53.0,32.0,,,,,,0.0
1997-04-12,,,,,42.6,56.0,35.0,,,,,,0.01
1997-04-13,,,,,37.0,41.0,32.0,,,,,,0.09
1997-04-14,,,,,43.8,52.0,38.0,,,,,,0.0
1997-04-15,,,,,54.7,71.0,46.0,,,,,,0.0
1997-04-16,,,,,47.8,58.0,42.0,,,,,,0.0
1997-04-17,,,,,48.9,61.0,40.0,,,,,,0.0
1997-04-18,,,,,43.6,48.0,40.0,,,,,,0.32
1997-04-19,,,,,46.2,49.0,43.0,,,,,,0.44
1997-04-20,,,,,42.3,50.0,37.0,,,,,,0.18
1997-04-21,,,,,44.1,51.0,38.0,,,,,,0.37
1997-04-22,,,,,42.6,47.0,36.0,,,,,,0.37
1997-04-23,,,,,36.9,46.0,33.0,,,,,,0.14
1997-04-24,,,,,40.5,52.0,30.0,,,,,,0.02
1997-04-25,,,,,60.8,68.0,52.0,,,,,,0.0
1997-04-26,,,,,54.7,67.0,39.0,,,,,,0.16
1997-04-27,,,,,40.3,52.0,34.0,,,,,,0.01
1997-04-28,,,,,37.4,42.0,33.0,,,,,,0.15
1997-04-29,,,,,40.4,50.0,36.0,,,,,,0.1
1997-04-30,,,,,36.7,41.0,30.0,,,,,,0.04
1997-05-01,,,,,37.9,52.0,28.0,,,,,,0.0
1997-05-02,,,,,46.2,59.0,39.0,,,,,,0.18
1997-05-03,,,,,42.4,52.0,38.0,,,,,,0.03
1997-05-04,,,,,47.8,60.0,36.0,,,,,,0.0
1997-05-05,,,,,49.7,64.0,40.0,,,,,,0.0
1997-05-06,,,,,46.9,59.0,40.0,,,,,,0.0
1997-05-07,,,,,53.5,67.0,42.0,,,,,,0.0
1997-05-08,,,,,57.3,71.0,47.0,,,,,,0.0
1997-05-09,,,,,56.8,69.0,46.0,,,,,,0.0
1997-05-10,,,,,63.1,74.0,49.0,,,,,,0.0
1997-05-11,,,,,72.5,86.0,62.0,,,,,,0.0
1997-05-12,,,,,65.2,77.0,56.0,,,,,,0.0
1997-05-13,,,,,64.2,77.0,56.0,,,,,,0.0
1997-05-14,,,,,58.3,69.0,52.0,,,,,,0.0
1997-05-15,,,,,55.7,70.0,50.0,,,,,,0.0
1997-05-16,,,,,62.0,75.0,51.0,,,,,,0.0
1997-05-17,,,,,58.7,62.0,57.0,,,,,,0.0
1997-05-18,,,,,66.3,75.0,58.0,,,,,,0.0
1997-05-19,,,,,57.9,74.0,46.0,,,,,,0.0
1997-05-20,,,,,52.7,65.0,41.0,,,,,,0.0
1997-05-21,,,,,52.8,67.0,41.0,,,,,,0.0
1997-05-22,,,,,50.6,65.0,40.0,,,,,,0.25
1997-05-23,,,,,44.0,50.0,40.0,,,,,,0.45
1997-05-24,,,,,39.8,44.0,37.0,,,,,,0.16
1997-05-25,,,,,49.1,61.0,36.0,,,,,,0.0
1997-05-26,,,,,49.8,55.0,45.0,,,,,,0.1
1997-05-27,,,,,53.5,61.0,50.0,,,,,,0.29
1997-05-28,,,,,54.1,60.0,50.0,,,,,,0.32
1997-05-29,,,,,59.4,70.0,50.0,,,,,,0.0
1997-05-30,,,,,63.0,75.0,54.0,,,,,,0.0
1997-05-31,,,,,51.3,58.0,43.0,,,,,,0.23
1997-06-01,,,,,48.8,59.0,41.0,,,,,,0.0
1997-06-02,,,,,51.6,66.0,43.0,,,,,,0.04
1997-06-03,,,,,46.1,54.0,42.0,,,,,,0.37
1997-06-04,,,,,44.9,56.0,41.0,,,,,,0.35
1997-06-05,,,,,48.5,61.0,41.0,,,,,,0.03
1997-06-06,,,,,52.4,68.0,42.0,,,,,,0.0
1997-06-07,,,,,46.9,54.0,43.0,,,,,,0.13
1997-06-08,,,,,47.1,64.0,40.0,,,,,,0.07
1997-06-09,,,,,58.0,70.0,43.0,,,,,,0.0
1997-06-10,,,,,59.8,72.0,50.0,,,,,,0.0
1997-06-11,,,,,51.7,59.0,43.0,,,,,,0.08
1997-06-12,,,,,43.7,47.0,40.0,,,,,,0.56
1997-06-13,,,,,49.0,58.0,43.0,,,,,,0.0
1997-06-14,,,,,56.7,70.0,48.0,,,,,,0.01
1997-06-15,,,,,64.0,78.0,52.0,,,,,,0.0
1997-06-16,,,,,66.1,78.0,56.0,,,,,,0.0
1997-06-17,,,,,57.8,69.0,46.0,,,,,,0.0
1997-06-18,,,,,53.7,68.0,43.0,,,,,,0.0
1997-06-19,,,,,53.5,67.0,43.0,,,,,,0.0
1997-06-20,,,,,54.2,71.0,43.0,,,,,,0.0
1997-06-21,,,,,46.0,55.0,39.0,,,,,,0.04
1997-06-22,,,,,46.6,59.0,38.0,,,,,,0.0
1997-06-23,,,,,49.0,62.0,40.0,,,,,,0.0
1997-06-24,,,,,50.4,62.0,43.0,,,,,,0.0
1997-06-25,,,,,54.3,67.0,43.0,,,,,,0.0
1997-06-26,,,,,51.5,65.0,41.0,,,,,,0.0
1997-06-27,,,,,49.2,63.0,42.0,,,,,,0.0
1997-06-28,,,,,46.6,54.0,42.0,,,,,,0.36
1997-06-29,,,,,48.1,61.0,41.0,,,,,,0.76
1997-06-30,,,,,46.6,50.0,44.0,,,,,,0.64
1997-07-01,,,,,53.7,65.0,44.0,,,,,,0.1
1997-07-02,,,,,60.4,75.0,47.0,,,,,,0.0
1997-07-03,,,,,71.2,82.0,60.0,,,,,,0.0
1997-07-04,,,,,72.0,84.0,58.0,,,,,,0.0
1997-07-05,,,,,64.2,76.0,55.0,,,,,,0.0
1997-07-06,,,,,69.8,83.0,54.0,,,,,,0.0
1997-07-07,,,,,76.8,90.0,57.0,,,,,,0.0
1997-07-08,,,,,76.8,85.0,67.0,,,,,,0.0
1997-07-09,,,,,65.2,70.0,61.0,,,,,,0.09
1997-07-10,,,,,64.1,73.0,57.0,,,,,,0.0
1997-07-11,,,,,60.9,70.0,56.0,,,,,,0.0
1997-07-12,,,,,62.0,76.0,55.0,,,,,,0.0
1997-07-13,,,,,64.1,75.0,55.0,,,,,,0.0
1997-07-14,,,,,61.9,75.0,51.0,,,,,,0.0
1997-07-15,,,,,65.4,76.0,54.0,,,,,,0.0
1997-07-16,,,,,64.0,76.0,56.0,,,,,,0.0
1997-07-17,,,,,51.0,55.0,48.0,,,,,,0.02
1997-07-18,,,,,56.4,70.0,49.0,,,,,,0.0
1997-07-19,,,,,69.3,81.0,57.0,,,,,,0.0
1997-07-20,,,,,70.6,79.0,61.0,,,,,,0.0
1997-07-21,,,,,66.7,74.0,59.0,,,,,,0.0
1997-07-22,,,,,66.2,73.0,63.0,,,,,,0.0
1997-07-23,,,,,64.2,75.0,55.0,,,,,,0.0
1997-07-24,,,,,66.9,79.0,55.0,,,,,,0.0
1997-07-25,,,,,65.7,78.0,58.0,,,,,,0.0
1997-07-26,,,,,64.5,79.0,51.0,,,,,,0.0
1997-07-27,,,,,65.9,81.0,56.0,,,,,,0.0
1997-07-28,,,,,66.2,83.0,57.0,,,,,,0.0
1997-07-29,,,,,63.5,70.0,54.0,,,,,,0.0
1997-07-30,,,,,57.5,70.0,50.0,,,,,,0.0
1997-07-31,,,,,60.3,74.0,51.0,,,,,,0.0
1997-08-01,,,,,62.5,76.0,52.0,,,,,,0.0
1997-08-02,,,,,61.4,78.0,50.0,,,,,,0.0
1997-08-03,,,,,62.5,77.0,56.0,,,,,,0.0
1997-08-04,,,,,65.8,79.0,57.0,,,,,,0.0
1997-08-05,,,,,68.5,84.0,62.0,,,,,,0.0
1997-08-06,,,,,68.2,84.0,56.0,,,,,,0.0
1997-08-07,,,,,63.8,81.0,50.0,,,,,,0.0
1997-08-08,,,,,62.4,79.0,50.0,,,,,,0.0
1997-08-09,,,,,65.4,80.0,55.0,,,,,,0.0
1997-08-10,,,,,67.8,82.0,57.0,,,,,,0.0
1997-08-11,,,,,68.8,83.0,58.0,,,,,,0.0
1997-08-12,,,,,72.4,88.0,62.0,,,,,,0.0
1997-08-13,,,,,72.3,87.0,64.0,,,,,,0.0
1997-08-14,,,,,74.3,88.0,63.0,,,,,,0.0
1997-08-15,,,,,64.6,78.0,51.0,,,,,,0.0
1997-08-16,,,,,65.2,82.0,55.0,,,,,,0.0
1997-08-17,,,,,58.6,70.0,51.0,,,,,,0.0
1997-08-18,,,,,58.8,72.0,50.0,,,,,,0.0
1997-08-19,,,,,68.0,85.0,58.0,,,,,,0.0
1997-08-20,,,,,54.5,57.0,50.0,,,,,,0.35
1997-08-21,,,,,60.2,77.0,50.0,,,,,,0.0
1997-08-22,,,,,61.9,76.0,52.0,,,,,,0.0
1997-08-23,,,,,59.0,76.0,50.0,,,,,,0.47
1997-08-24,,,,,54.8,67.0,49.0,,,,,,0.01
1997-08-25,,,,,56.7,67.0,50.0,,,,,,0.0
1997-08-26,,,,,51.8,58.0,49.0,,,,,,0.22
1997-08-27,,,,,54.7,64.0,48.0,,,,,,0.0
1997-08-28,,,,,54.7,62.0,49.0,,,,,,0.0
1997-08-29,,,,,56.5,70.0,49.0,,,,,,0.0
1997-08-30,,,,,58.7,74.0,48.0,,,,,,0.0
1997-08-31,,,,,58.5,75.0,49.0,,,,,,0.0
1997-09-01,,,,,53.6,58.0,52.0,,,,,,0.0
1997-09-02,,,,,,,,,,,,,
1997-09-03,,,,,,,,,,,,,
1997-09-04,,,,,61.5,72.0,51.0,,,,,,0.02
1997-09-05,,,,,54.1,65.0,47.0,,,,,,0.0
1997-09-06,,,,,56.7,70.0,47.0,,,,,,0.0
1997-09-07,,,,,62.4,76.0,53.0,,,,,,0.0
1997-09-08,,,,,65.8,75.0,59.0,,,,,,0.0
1997-09-09,,,,,63.0,72.0,56.0,,,,,,0.03
1997-09-10,,,,,,,,,,,,,
1997-09-11,,,,,,,,,,,,,
1997-09-12,,,,,,,,,,,,,
1997-09-13,,,,,,,,,,,,,
1997-09-14,,,,,,,,,,,,,
1997-09-15,,,,,,,,,,,,,
1997-09-16,,,,,,,,,,,,,
1997-09-17,,,,,44.0,48.0,42.0,,,,,,0.0
1997-09-18,,,,,45.9,57.0,41.0,,,,,,0.12
1997-09-19,,,,,54.5,67.0,41.0,,,,,,0.0
1997-09-20,,,,,63.6,76.0,53.0,,,,,,0.0
1997-09-21,,,,,67.0,79.0,59.0,,,,,,0.0
1997-09-22,,,,,67.4,78.0,61.0,,,,,,0.0
1997-09-23,,,,,73.3,85.0,63.0,,,,,,0.0
1997-09-24,,,,,73.6,83.0,68.0,,,,,,0.0
1997-09-25,,,,,67.5,78.0,51.0,,,,,,0.0
1997-09-26,,,,,47.1,54.0,43.0,,,,,,0.04
1997-09-27,,,,,51.6,62.0,41.0,,,,,,0.0
1997-09-28,,,,,62.3,74.0,53.0,,,,,,0.0
1997-09-29,,,,,68.9,82.0,63.0,,,,,,0.0
1997-09-30,,,,,59.1,63.0,57.0,,,,,,0.0
1997-10-01,,,,,48.1,61.0,39.0,,,,,,1.77
1997-10-02,,,,,44.8,50.0,42.0,,,,,,0.26
1997-10-03,,,,,47.4,53.0,44.0,,,,,,0.0
1997-10-04,,,,,46.0,54.0,43.0,,,,,,0.15
1997-10-05,,,,,43.2,54.0,40.0,,,,,,0.03
1997-10-06,,,,,39.0,45.0,37.0,,,,,,0.0
1997-10-07,,,,,39.3,46.0,36.0,,,,,,0.06
1997-10-08,,,,,40.5,46.0,37.0,,,,,,0.84
1997-10-09,,,,,34.7,38.0,32.0,,,,,,0.73
1997-10-10,,,,,35.6,42.0,33.0,,,,,,0.13
1997-10-11,,,,,37.2,40.0,34.0,,,,,,0.14
1997-10-12,,,,,41.5,47.0,38.0,,,,,,0.04
1997-10-13,,,,,55.4,67.0,43.0,,,,,,0.0
1997-10-14,,,,,60.5,69.0,52.0,,,,,,0.0
1997-10-15,,,,,66.1,77.0,59.0,,,,,,0.0
1997-10-16,,,,,64.6,76.0,56.0,,,,,,0.0
1997-10-17,,,,,50.0,56.0,44.0,,,,,,0.0
1997-10-18,,,,,43.1,49.0,37.0,,,,,,0.0
1997-10-19,,,,,40.6,44.0,38.0,,,,,,0.0
1997-10-20,,,,,53.7,67.0,39.0,,,,,,0.0
1997-10-21,,,,,54.6,67.0,42.0,,,,,,0.0
1997-10-22,,,,,47.8,58.0,43.0,,,,,,0.0
1997-10-23,,,,,40.6,48.0,37.0,,,,,,0.12
1997-10-24,,,,,40.5,50.0,34.0,,,,,,0.0
1997-10-25,,,,,51.0,64.0,40.0,,,,,,0.0
1997-10-26,,,,,47.8,53.0,42.0,,,,,,0.0
1997-10-27,,,,,48.5,57.0,41.0,,,,,,0.0
1997-10-28,,,,,43.5,49.0,40.0,,,,,,0.05
1997-10-29,,,,,45.9,48.0,43.0,,,,,,0.05
1997-10-30,,,,,48.2,52.0,44.0,,,,,,1.15
1997-10-31,,,,,45.5,50.0,43.0,,,,,,0.02
1997-11-01,,,,,52.9,61.0,44.0,,,,,,0.0
1997-11-02,,,,,59.6,69.0,54.0,,,,,,0.0
1997-11-03,,,,,55.9,64.0,50.0,,,,,,0.0
1997-11-04,,,,,57.2,62.0,52.0,,,,,,0.0
1997-11-05,,,,,56.0,65.0,45.0,,,,,,0.04
1997-11-06,,,,,46.6,49.0,41.0,,,,,,0.47
1997-11-07,,,,,37.2,40.0,34.0,,,,,,0.12
1997-11-08,,,,,39.2,48.0,33.0,,,,,,0.01
1997-11-09,,,,,44.9,49.0,39.0,,,,,,0.0
1997-11-10,,,,,43.5,48.0,40.0,,,,,,0.0
1997-11-11,,,,,40.0,41.0,39.0,,,,,,0.07
1997-11-12,,,,,42.0,50.0,38.0,,,,,,0.0
1997-11-13,,,,,39.1,43.0,37.0,,,,,,0.05
1997-11-14,,,,,41.6,50.0,36.0,,,,,,0.0
1997-11-15,,,,,38.3,42.0,35.0,,,,,,0.02
1997-11-16,,,,,37.3,41.0,36.0,,,,,,0.53
1997-11-17,,,,,36.9,38.0,36.0,,,,,,0.02
1997-11-18,,,,,37.2,39.0,35.0,,,,,,0.69
1997-11-19,,,,,35.6,37.0,35.0,,,,,,0.51
1997-11-20,,,,,36.8,42.0,34.0,,,,,,0.04
1997-11-21,,,,,39.6,47.0,34.0,,,,,,0.0
1997-11-22,,,,,43.5,49.0,41.0,,,,,,0.3
1997-11-23,,,,,41.8,47.0,40.0,,,,,,0.44
1997-11-24,,,,,37.6,40.0,34.0,,,,,,0.63
1997-11-25,,,,,37.4,42.0,33.0,,,,,,0.0
1997-11-26,,,,,39.5,41.0,37.0,,,,,,0.39
1997-11-27,,,,,37.0,39.0,34.0,,,,,,0.01
1997-11-28,,,,,39.6,44.0,38.0,,,,,,0.0
1997-11-29,,,,,35.5,39.0,32.0,,,,,,0.47
1997-11-30,,,,,34.2,40.0,30.0,,,,,,0.01
1997-12-01,,,,,37.9,49.0,32.0,,,,,,0.0
1997-12-02,,,,,39.4,46.0,35.0,,,,,,0.0
1997-12-03,,,,,41.1,48.0,36.0,,,,,,0.0
1997-12-04,,,,,44.9,53.0,40.0,,,,,,0.0
1997-12-05,,,,,41.6,47.0,36.0,,,,,,0.06
1997-12-06,,,,,41.0,47.0,38.0,,,,,,0.04
1997-12-07,,,,,33.6,39.0,29.0,,,,,,0.33
1997-12-08,,,,,29.8,32.0,26.0,,,,,,0.01
1997-12-09,,,,,30.3,34.0,27.0,,,,,,0.0
1997-12-10,,,,,37.4,44.0,30.0,,,,,,0.09
1997-12-11,,,,,41.8,50.0,36.0,,,,,,0.1
1997-12-12,,,,,44.7,48.0,42.0,,,,,,0.0
1997-12-13,,,,,44.7,48.0,42.0,,,,,,0.0
1997-12-14,,,,,33.6,36.0,31.0,,,,,,0.16
1997-12-15,,,,,32.8,38.0,29.0,,,,,,0.2
1997-12-16,,,,,40.0,43.0,33.0,,,,,,0.89
1997-12-17,,,,,32.4,36.0,31.0,,,,,,0.15
1997-12-18,,,,,32.7,40.0,27.0,,,,,,0.0
1997-12-19,,,,,39.5,45.0,34.0,,,,,,0.0
1997-12-20,,,,,31.8,37.0,29.0,,,,,,0.03
1997-12-21,,,,,27.9,31.0,25.0,,,,,,0.0
1997-12-22,,,,,31.1,41.0,23.0,,,,,,0.06
1997-12-23,,,,,32.2,33.0,31.0,,,,,,0.08
1997-12-24,,,,,30.9,34.0,27.0,,,,,,0.08
1997-12-25,,,,,36.4,50.0,25.0,,,,,,0.16
1997-12-26,,,,,43.3,49.0,35.0,,,,,,0.08
1997-12-27,,,,,37.5,44.0,34.0,,,,,,0.07
1997-12-28,,,,,48.3,58.0,44.0,,,,,,0.0
1997-12-29,,,,,54.0,62.0,48.0,,,,,,0.0
1997-12-30,,,,,52.6,60.0,48.0,,,,,,0.0
1997-12-31,,,,,46.5,57.0,38.0,,,,,,0.0
1998-01-01,,,,,37.4,41.0,35.0,,,,,,0.46
1998-01-02,,,,,32.3,36.0,27.0,,,,,,0.13
1998-01-03,,,,,28.9,31.0,27.0,,,,,,0.0
1998-01-04,,,,,29.1,33.0,28.0,,,,,,0.0
1998-01-05,,,,,28.0,28.0,28.0,,,,,,0.0
1998-01-06,,,,,32.1,33.0,31.0,,,,,,0.07
1998-01-07,,,,,36.5,41.0,34.0,,,,,,0.41
1998-01-08,,,,,36.6,43.0,34.0,,,,,,0.0
1998-01-09,,,,,37.8,39.0,36.0,,,,,,0.09
1998-01-10,,,,,39.1,41.0,38.0,,,,,,0.5
1998-01-11,,,,,36.0,40.0,34.0,,,,,,0.27
1998-01-12,,,,,35.0,39.0,32.0,,,,,,0.67
1998-01-13,,,,,34.5,36.0,32.0,,,,,,0.22
1998-01-14,,,,,38.1,43.0,35.0,,,,,,0.84
1998-01-15,,,,,37.4,40.0,34.0,,,,,,0.1
1998-01-16,,,,,44.2,46.0,40.0,,,,,,0.75
1998-01-17,,,,,40.7,44.0,38.0,,,,,,0.02
1998-01-18,,,,,37.0,43.0,30.0,,,,,,0.43
1998-01-19,,,,,30.2,31.0,29.0,,,,,,0.0
1998-01-20,,,,,31.1,33.0,30.0,,,,,,0.07
1998-01-21,,,,,31.5,34.0,30.0,,,,,,0.12
1998-01-22,,,,,38.0,41.0,34.0,,,,,,0.1
1998-01-23,,,,,37.9,44.0,35.0,,,,,,0.37
1998-01-24,,,,,36.8,38.0,33.0,,,,,,0.24
1998-01-25,,,,,39.8,43.0,36.0,,,,,,0.71
1998-01-26,,,,,40.4,42.0,37.0,,,,,,0.48
1998-01-27,,,,,38.9,41.0,37.0,,,,,,0.02
1998-01-28,,,,,45.9,53.0,42.0,,,,,,0.0
1998-01-29,,,,,35.0,40.0,33.0,,,,,,0.34
1998-01-30,,,,,37.0,45.0,31.0,,,,,,0.0
1998-01-31,,,,,39.8,43.0,35.0,,,,,,0.0
1998-02-01,,,,,34.1,37.0,32.0,,,,,,0.46
1998-02-02,,,,,34.8,41.0,31.0,,,,,,0.19
1998-02-03,,,,,40.2,48.0,36.0,,,,,,0.42
1998-02-04,,,,,35.0,39.0,32.0,,,,,,0.07
1998-02-05,,,,,35.9,40.0,33.0,,,,,,0.34
1998-02-06,,,,,39.8,46.0,35.0,,,,,,0.01
1998-02-07,,,,,36.5,42.0,33.0,,,,,,0.01
1998-02-08,,,,,30.9,33.0,28.0,,,,,,0.07
1998-02-09,,,,,30.8,36.0,26.0,,,,,,0.06
1998-02-10,,,,,32.9,35.0,30.0,,,,,,0.21
1998-02-11,,,,,33.6,36.0,31.0,,,,,,0.12
1998-02-12,,,,,37.2,50.0,31.0,,,,,,0.82
1998-02-13,,,,,,,,,,,,,
1998-02-14,,,,,,,,,,,,,
1998-02-15,,,,,,,,,,,,,
1998-02-16,,,,,,,,,,,,,
1998-02-17,,,,,,,,,,,,,
1998-02-18,,,,,,,,,,,,,
1998-02-19,,,,,,,,,,,,,
1998-02-20,,,,,,,,,,,,,
1998-02-21,,,,,,,,,,,,,
1998-02-22,,,,,,,,,,,,,
1998-02-23,,,,,,,,,,,,,
1998-02-24,,,,,,,,,,,,,
1998-02-25,,,,,,,,,,,,,
1998-02-26,,,,,34.9,54.0,31.0,,,,,,0.22
1998-02-27,,,,,35.7,44.0,31.0,,,,,,0.49
1998-02-28,,,,,38.0,41.0,36.0,,,,,,0.06
1998-03-01,,,,,36.8,38.0,35.0,,,,,,0.28
1998-03-02,,,,,32.3,37.0,24.0,,,,,,0.24
1998-03-03,,,,,27.9,32.0,25.0,,,,,,0.07
1998-03-04,,,,,30.2,39.0,26.0,,,,,,0.03
1998-03-05,,,,,31.3,44.0,24.0,,,,,,0.01
1998-03-06,,,,,31.8,42.0,24.0,,,,,,0.04
1998-03-07,,,,,32.0,37.0,29.0,,,,,,0.0
1998-03-08,,,,,32.7,38.0,29.0,,,,,,0.11
1998-03-09,,,,,40.9,52.0,32.0,,,,,,0.0
1998-03-10,,,,,41.2,43.0,39.0,,,,,,0.0
1998-03-11,,,,,50.0,59.0,43.0,,,,,,0.0
1998-03-12,,,,,43.8,47.0,38.0,,,,,,0.39
1998-03-13,,,,,43.9,55.0,37.0,,,,,,0.05
1998-03-14,,,,,47.7,58.0,41.0,,,,,,0.03
1998-03-15,,,,,44.3,48.0,42.0,,,,,,0.16
1998-03-16,,,,,39.1,45.0,33.0,,,,,,0.09
1998-03-17,,,,,37.5,48.0,30.0,,,,,,0.0
1998-03-18,,,,,49.3,59.0,38.0,,,,,,0.0
1998-03-19,,,,,53.8,65.0,48.0,,,,,,0.0
1998-03-20,,,,,53.7,65.0,47.0,,,,,,0.0
1998-03-21,,,,,45.0,47.0,42.0,,,,,,0.87
1998-03-22,,,,,44.6,47.0,43.0,,,,,,1.81
1998-03-23,,,,,42.3,47.0,37.0,,,,,,1.11
1998-03-24,,,,,38.8,45.0,35.0,,,,,,0.34
1998-03-25,,,,,36.7,43.0,30.0,,,,,,0.37
1998-03-26,,,,,31.6,37.0,27.0,,,,,,0.09
1998-03-27,,,,,27.8,34.0,25.0,,,,,,0.03
1998-03-28,,,,,28.5,39.0,24.0,,,,,,0.01
1998-03-29,,,,,32.5,43.0,26.0,,,,,,0.1
1998-03-30,,,,,32.3,37.0,30.0,,,,,,0.0
1998-03-31,,,,,33.2,39.0,30.0,,,,,,0.37
1998-04-01,,,,,33.6,37.0,31.0,,,,,,0.01
1998-04-02,,,,,34.6,41.0,31.0,,,,,,0.0
1998-04-03,,,,,34.7,44.0,31.0,,,,,,0.17
1998-04-04,,,,,35.2,45.0,32.0,,,,,,0.03
1998-04-05,,,,,34.0,42.0,31.0,,,,,,0.21
1998-04-06,,,,,33.9,43.0,29.0,,,,,,0.23
1998-04-07,,,,,32.1,39.0,28.0,,,,,,0.09
1998-04-08,,,,,35.3,45.0,29.0,,,,,,0.1
1998-04-09,,,,,37.1,44.0,34.0,,,,,,0.09
1998-04-10,,,,,34.5,42.0,31.0,,,,,,0.33
1998-04-11,,,,,31.2,37.0,26.0,,,,,,0.26
1998-04-12,,,,,29.4,37.0,25.0,,,,,,0.0
1998-04-13,,,,,30.5,37.0,26.0,,,,,,0.1
1998-04-14,,,,,32.4,39.0,28.0,,,,,,0.0
1998-04-15,,,,,35.6,43.0,30.0,,,,,,0.11
1998-04-16,,,,,40.5,53.0,31.0,,,,,,0.0
1998-04-17,,,,,44.7,58.0,33.0,,,,,,0.0
1998-04-18,,,,,44.0,54.0,38.0,,,,,,0.02
1998-04-19,,,,,43.2,54.0,34.0,,,,,,0.11
1998-04-20,,,,,52.8,67.0,45.0,,,,,,0.0
1998-04-21,,,,,53.5,67.0,43.0,,,,,,0.0
1998-04-22,,,,,58.5,68.0,49.0,,,,,,0.17
1998-04-23,,,,,39.6,49.0,33.0,,,,,,0.82
1998-04-24,,,,,34.8,41.0,32.0,,,,,,0.08
1998-04-25,,,,,39.9,51.0,31.0,,,,,,0.16
1998-04-26,,,,,46.7,59.0,38.0,,,,,,0.0
1998-04-27,,,,,58.9,71.0,47.0,,,,,,0.0
1998-04-28,,,,,67.3,80.0,57.0,,,,,,0.0
1998-04-29,,,,,68.1,81.0,58.0,,,,,,0.0
1998-04-30,,,,,63.1,77.0,56.0,,,,,,0.0
1998-05-01,,,,,56.0,70.0,44.0,,,,,,0.3
1998-05-02,,,,,44.3,50.0,39.0,,,,,,0.18
1998-05-03,,,,,50.8,64.0,41.0,,,,,,0.0
1998-05-04,,,,,48.0,58.0,43.0,,,,,,0.0
1998-05-05,,,,,49.5,58.0,42.0,,,,,,0.01
1998-05-06,,,,,49.3,55.0,46.0,,,,,,0.0
1998-05-07,,,,,50.0,61.0,43.0,,,,,,0.0
1998-05-08,,,,,38.3,44.0,34.0,,,,,,0.16
1998-05-09,,,,,36.8,42.0,33.0,,,,,,0.07
1998-05-10,,,,,39.3,43.0,37.0,,,,,,0.31
1998-05-11,,,,,37.8,40.0,33.0,,,,,,0.41
1998-05-12,,,,,34.9,40.0,32.0,,,,,,0.66
1998-05-13,,,,,37.5,42.0,34.0,,,,,,0.13
1998-05-14,,,,,36.4,41.0,33.0,,,,,,0.13
1998-05-15,,,,,33.8,42.0,31.0,,,,,,0.1
1998-05-16,,,,,33.7,41.0,29.0,,,,,,0.24
1998-05-17,,,,,36.0,43.0,32.0,,,,,,0.13
1998-05-18,,,,,43.0,58.0,34.0,,,,,,0.01
1998-05-19,,,,,39.5,44.0,37.0,,,,,,0.69
1998-05-20,,,,,35.6,37.0,32.0,,,,,,1.06
1998-05-21,,,,,38.5,44.0,34.0,,,,,,0.1
1998-05-22,,,,,45.5,55.0,37.0,,,,,,0.0
1998-05-23,,,,,47.0,57.0,41.0,,,,,,0.03
1998-05-24,,,,,40.3,45.0,34.0,,,,,,0.58
1998-05-25,,,,,36.1,42.0,32.0,,,,,,0.16
1998-05-26,,,,,35.7,45.0,30.0,,,,,,0.03
1998-05-27,,,,,42.5,51.0,35.0,,,,,,0.11
1998-05-28,,,,,43.8,54.0,39.0,,,,,,0.05
1998-05-29,,,,,39.7,41.0,39.0,,,,,,0.58
1998-05-30,,,,,55.2,63.0,45.0,,,,,,0.42
1998-05-31,,,,,65.7,72.0,56.0,,,,,,0.0
1998-06-01,,,,,63.2,75.0,50.0,,,,,,0.0
1998-06-02,,,,,52.3,63.0,42.0,,,,,,0.0
1998-06-03,,,,,53.3,68.0,40.0,,,,,,0.0
1998-06-04,,,,,50.0,57.0,45.0,,,,,,0.0
1998-06-05,,,,,56.4,72.0,45.0,,,,,,0.0
1998-06-06,,,,,61.6,74.0,49.0,,,,,,0.0
1998-06-07,,,,,57.0,67.0,48.0,,,,,,0.0
1998-06-08,,,,,55.7,66.0,46.0,,,,,,0.0
1998-06-09,,,,,63.5,71.0,49.0,,,,,,0.01
1998-06-10,,,,,45.8,48.0,44.0,,,,,,0.28
1998-06-11,,,,,55.2,63.0,46.0,,,,,,0.15
1998-06-12,,,,,55.1,69.0,47.0,,,,,,0.0
1998-06-13,,,,,54.5,67.0,45.0,,,,,,0.0
1998-06-14,,,,,63.0,69.0,53.0,,,,,,0.0
1998-06-15,,,,,49.0,50.0,48.0,,,,,,0.0
1998-06-16,,,,,47.0,59.0,36.0,,,,,,0.0
1998-06-17,,,,,58.0,74.0,45.0,,,,,,0.0
1998-06-18,,,,,48.4,62.0,40.0,,,,,,0.0
1998-06-19,,,,,49.4,65.0,39.0,,,,,,0.01
1998-06-20,,,,,58.4,72.0,43.0,,,,,,0.0
1998-06-21,,,,,59.8,75.0,49.0,,,,,,0.0
1998-06-22,,,,,57.2,67.0,46.0,,,,,,0.0
1998-06-23,,,,,53.7,64.0,47.0,,,,,,0.0
1998-06-24,,,,,49.5,56.0,44.0,,,,,,0.14
1998-06-25,,,,,44.0,49.0,41.0,,,,,,0.01
1998-06-26,,,,,47.4,61.0,39.0,,,,,,0.01
1998-06-27,,,,,55.9,67.0,44.0,,,,,,0.0
1998-06-28,,,,,61.9,76.0,49.0,,,,,,0.0
1998-06-29,,,,,61.5,70.0,49.0,,,,,,0.0
1998-06-30,,,,,51.2,57.0,46.0,,,,,,0.0
1998-07-01,,,,,51.4,58.0,47.0,,,,,,0.0
1998-07-02,,,,,54.7,67.0,49.0,,,,,,0.01
1998-07-03,,,,,52.1,58.0,48.0,,,,,,0.0
1998-07-04,,,,,55.6,69.0,48.0,,,,,,0.01
1998-07-05,,,,,59.9,75.0,50.0,,,,,,0.0
1998-07-06,,,,,66.3,80.0,55.0,,,,,,0.0
1998-07-07,,,,,62.0,70.0,54.0,,,,,,0.0
1998-07-08,,,,,62.3,75.0,55.0,,,,,,0.0
1998-07-09,,,,,63.7,75.0,53.0,,,,,,0.0
1998-07-10,,,,,55.8,66.0,47.0,,,,,,0.0
1998-07-11,,,,,55.0,68.0,46.0,,,,,,0.0
1998-07-12,,,,,60.7,73.0,51.0,,,,,,0.0
1998-07-13,,,,,63.0,78.0,51.0,,,,,,0.0
1998-07-14,,,,,65.2,80.0,53.0,,,,,,0.0
1998-07-15,,,,,69.4,84.0,58.0,,,,,,0.0
1998-07-16,,,,,72.9,89.0,58.0,,,,,,0.0
1998-07-17,,,,,68.5,84.0,57.0,,,,,,0.0
1998-07-18,,,,,67.4,82.0,55.0,,,,,,0.0
1998-07-19,,,,,61.1,72.0,50.0,,,,,,0.0
1998-07-20,,,,,67.0,79.0,56.0,,,,,,0.0
1998-07-21,,,,,73.9,86.0,63.0,,,,,,0.0
1998-07-22,,,,,70.8,84.0,60.0,,,,,,0.0
1998-07-23,,,,,65.6,79.0,55.0,,,,,,0.0
1998-07-24,,,,,64.5,79.0,54.0,,,,,,0.0
1998-07-25,,,,,74.0,87.0,61.0,,,,,,0.0
1998-07-26,,,,,79.7,94.0,71.0,,,,,,0.0
1998-07-27,,,,,78.9,95.0,68.0,,,,,,0.0
1998-07-28,,,,,76.0,92.0,61.0,,,,,,0.0
1998-07-29,,,,,67.3,81.0,54.0,,,,,,0.0
1998-07-30,,,,,60.8,74.0,52.0,,,,,,0.0
1998-07-31,,,,,58.0,75.0,50.0,,,,,,0.0
1998-08-01,,,,,64.6,76.0,49.0,,,,,,0.0
1998-08-02,,,,,73.8,86.0,61.0,,,,,,0.0
1998-08-03,,,,,74.4,87.0,65.0,,,,,,0.0
1998-08-04,,,,,77.0,90.0,65.0,,,,,,0.0
1998-08-05,,,,,68.6,84.0,55.0,,,,,,0.0
1998-08-06,,,,,55.5,67.0,49.0,,,,,,0.0
1998-08-07,,,,,59.2,75.0,48.0,,,,,,0.0
1998-08-08,,,,,62.5,79.0,48.0,,,,,,0.0
1998-08-09,,,,,63.2,77.0,52.0,,,,,,0.0
1998-08-10,,,,,66.0,81.0,56.0,,,,,,0.0
1998-08-11,,,,,68.3,84.0,58.0,,,,,,0.0
1998-08-12,,,,,70.0,85.0,57.0,,,,,,0.0
1998-08-13,,,,,75.4,88.0,65.0,,,,,,0.0
1998-08-14,,,,,70.2,88.0,55.0,,,,,,0.0
1998-08-15,,,,,54.8,64.0,47.0,,,,,,0.0
1998-08-16,,,,,54.1,70.0,43.0,,,,,,0.0
1998-08-17,,,,,55.1,70.0,45.0,,,,,,0.0
1998-08-18,,,,,55.7,72.0,45.0,,,,,,0.0
1998-08-19,,,,,61.0,77.0,50.0,,,,,,0.0
1998-08-20,,,,,57.6,74.0,48.0,,,,,,0.0
1998-08-21,,,,,58.1,73.0,47.0,,,,,,0.0
1998-08-22,,,,,58.0,70.0,48.0,,,,,,0.0
1998-08-23,,,,,51.0,63.0,47.0,,,,,,0.2
1998-08-24,,,,,55.3,69.0,46.0,,,,,,0.01
1998-08-25,,,,,59.0,77.0,49.0,,,,,,0.0
1998-08-26,,,,,62.3,78.0,49.0,,,,,,0.0
1998-08-27,,,,,72.9,87.0,60.0,,,,,,0.0
1998-08-28,,,,,74.5,90.0,63.0,,,,,,0.0
1998-08-29,,,,,70.5,85.0,60.0,,,,,,0.0
1998-08-30,,,,,69.0,84.0,56.0,,,,,,0.0
1998-08-31,,,,,80.3,94.0,69.0,,,,,,0.0
1998-09-01,,,,,79.8,91.0,68.0,,,,,,0.0
1998-09-02,,,,,73.8,86.0,66.0,,,,,,0.0
1998-09-03,,,,,74.9,88.0,64.0,,,,,,0.0
1998-09-04,,,,,70.0,85.0,61.0,,,,,,0.0
1998-09-05,,,,,71.8,85.0,61.0,,,,,,0.0
1998-09-06,,,,,72.7,85.0,61.0,,,,,,0.0
1998-09-07,,,,,65.3,79.0,51.0,,,,,,0.0
1998-09-08,,,,,48.7,53.0,43.0,,,,,,0.05
1998-09-09,,,,,48.6,63.0,40.0,,,,,,0.0
1998-09-10,,,,,53.1,69.0,41.0,,,,,,0.0
1998-09-11,,,,,59.6,76.0,48.0,,,,,,0.0
1998-09-12,,,,,65.2,80.0,54.0,,,,,,0.0
1998-09-13,,,,,65.3,78.0,53.0,,,,,,0.0
1998-09-14,,,,,71.7,82.0,64.0,,,,,,0.0
1998-09-15,,,,,73.0,85.0,58.0,,,,,,0.0
1998-09-16,,,,,62.8,79.0,54.0,,,,,,0.0
1998-09-17,,,,,55.0,67.0,46.0,,,,,,0.0
1998-09-18,,,,,47.1,52.0,45.0,,,,,,0.08
1998-09-19,,,,,49.0,60.0,45.0,,,,,,0.0
1998-09-20,,,,,50.2,63.0,44.0,,,,,,0.0
1998-09-21,,,,,57.3,71.0,47.0,,,,,,0.0
1998-09-22,,,,,63.0,77.0,55.0,,,,,,0.0
1998-09-23,,,,,60.6,74.0,51.0,,,,,,0.0
1998-09-24,,,,,56.3,69.0,50.0,,,,,,0.0
1998-09-25,,,,,46.7,51.0,40.0,,,,,,0.16
1998-09-26,,,,,48.2,59.0,40.0,,,,,,0.01
1998-09-27,,,,,60.2,72.0,51.0,,,,,,0.0
1998-09-28,,,,,60.4,73.0,52.0,,,,,,0.0
1998-09-29,,,,,57.6,68.0,49.0,,,,,,0.0
1998-09-30,,,,,65.6,79.0,53.0,,,,,,0.0
1998-10-01,,,,,50.0,63.0,38.0,,,,,,0.19
1998-10-02,,,,,41.2,47.0,37.0,,,,,,0.04
1998-10-03,,,,,41.0,49.0,36.0,,,,,,0.05
1998-10-04,,,,,45.2,56.0,38.0,,,,,,0.01
1998-10-05,,,,,58.6,73.0,45.0,,,,,,0.0
1998-10-06,,,,,62.5,73.0,56.0,,,,,,0.0
1998-10-07,,,,,54.0,65.0,44.0,,,,,,0.44
1998-10-08,,,,,42.3,47.0,39.0,,,,,,0.28
1998-10-09,,,,,39.8,43.0,38.0,,,,,,0.12
1998-10-10,,,,,42.1,53.0,34.0,,,,,,0.0
1998-10-11,,,,,48.3,58.0,43.0,,,,,,0.02
1998-10-12,,,,,48.3,57.0,42.0,,,,,,0.41
1998-10-13,,,,,42.8,46.0,39.0,,,,,,0.18
1998-10-14,,,,,39.9,46.0,37.0,,,,,,0.12
1998-10-15,,,,,37.8,44.0,34.0,,,,,,0.09
1998-10-16,,,,,42.6,53.0,34.0,,,,,,0.0
1998-10-17,,,,,49.0,58.0,43.0,,,,,,0.0
1998-10-18,,,,,44.5,53.0,38.0,,,,,,0.02
1998-10-19,,,,,55.8,68.0,45.0,,,,,,0.0
1998-10-20,,,,,60.7,73.0,49.0,,,,,,0.0
1998-10-21,,,,,63.5,75.0,52.0,,,,,,0.0
1998-10-22,,,,,61.5,73.0,54.0,,,,,,0.0
1998-10-23,,,,,56.7,66.0,50.0,,,,,,0.0
1998-10-24,,,,,42.2,49.0,40.0,,,,,,0.4
1998-10-25,,,,,43.2,49.0,41.0,,,,,,0.09
1998-10-26,,,,,56.0,70.0,41.0,,,,,,0.0
1998-10-27,,,,,48.5,56.0,38.0,,,,,,0.19
1998-10-28,,,,,37.9,46.0,34.0,,,,,,0.04
1998-10-29,,,,,39.2,50.0,32.0,,,,,,0.0
1998-10-30,,,,,45.7,52.0,38.0,,,,,,0.0
1998-10-31,,,,,42.2,48.0,37.0,,,,,,0.23
1998-11-01,,,,,38.8,43.0,36.0,,,,,,0.11
1998-11-02,,,,,39.5,47.0,35.0,,,,,,0.01
1998-11-03,,,,,40.8,45.0,38.0,,,,,,0.11
1998-11-04,,,,,40.5,43.0,35.0,,,,,,0.49
1998-11-05,,,,,34.0,40.0,32.0,,,,,,0.19
1998-11-06,,,,,31.6,32.0,30.0,,,,,,0.03
1998-11-07,,,,,32.4,35.0,31.0,,,,,,0.23
1998-11-08,,,,,33.6,42.0,32.0,,,,,,0.25
1998-11-09,,,,,32.3,34.0,30.0,,,,,,0.07
1998-11-10,,,,,33.4,36.0,30.0,,,,,,0.28
1998-11-11,,,,,37.8,45.0,32.0,,,,,,0.0
1998-11-12,,,,,43.7,47.0,39.0,,,,,,0.0
1998-11-13,,,,,46.0,49.0,45.0,,,,,,0.0
1998-11-14,,,,,41.7,46.0,38.0,,,,,,0.0
1998-11-15,,,,,43.0,46.0,40.0,,,,,,0.28
1998-11-16,,,,,40.7,44.0,39.0,,,,,,0.06
1998-11-17,,,,,36.5,41.0,34.0,,,,,,0.52
1998-11-18,,,,,36.2,41.0,34.0,,,,,,0.08
1998-11-19,,,,,34.9,37.0,32.0,,,,,,0.0
1998-11-20,,,,,41.0,45.0,37.0,,,,,,1.94
1998-11-21,,,,,38.6,46.0,32.0,,,,,,2.39
1998-11-22,,,,,34.1,36.0,32.0,,,,,,0.34
1998-11-23,,,,,35.9,40.0,31.0,,,,,,1.37
1998-11-24,,,,,32.8,38.0,30.0,,,,,,0.84
1998-11-25,,,,,43.6,47.0,39.0,,,,,,0.63
1998-11-26,,,,,36.4,45.0,34.0,,,,,,0.52
1998-11-27,,,,,33.2,40.0,30.0,,,,,,0.01
1998-11-28,,,,,29.2,31.0,28.0,,,,,,0.0
1998-11-29,,,,,33.0,36.0,31.0,,,,,,0.24
1998-11-30,,,,,35.6,39.0,31.0,,,,,,1.8
1998-12-01,,,,,34.4,40.0,32.0,,,,,,0.38
1998-12-02,,,,,36.6,43.0,29.0,,,,,,0.83
1998-12-03,,,,,28.8,36.0,24.0,,,,,,0.06
1998-12-04,,,,,27.5,38.0,24.0,,,,,,0.07
1998-12-05,,,,,25.3,28.0,22.0,,,,,,0.0
1998-12-06,,,,,27.6,30.0,26.0,,,,,,0.0
1998-12-07,,,,,30.2,33.0,26.0,,,,,,0.11
1998-12-08,,,,,28.9,33.0,26.0,,,,,,0.01
1998-12-09,,,,,36.0,43.0,28.0,,,,,,0.09
1998-12-10,,,,,41.6,46.0,38.0,,,,,,0.4
1998-12-11,,,,,38.8,41.0,36.0,,,,,,0.03
1998-12-12,,,,,43.6,46.0,41.0,,,,,,0.06
1998-12-13,,,,,35.9,42.0,31.0,,,,,,0.01
1998-12-14,,,,,32.4,39.0,29.0,,,,,,0.1
1998-12-15,,,,,48.1,60.0,36.0,,,,,,0.12
1998-12-16,,,,,59.0,72.0,50.0,,,,,,0.0
1998-12-17,,,,,42.2,58.0,29.0,,,,,,0.0
1998-12-18,,,,,26.8,32.0,23.0,,,,,,0.0
1998-12-19,,,,,22.0,30.0,18.0,,,,,,0.0
1998-12-20,,,,,10.0,15.0,5.0,,,,,,0.0
1998-12-21,,,,,20.4,29.0,11.0,,,,,,0.0
1998-12-22,,,,,25.0,35.0,21.0,,,,,,0.01
1998-12-23,,,,,28.8,41.0,23.0,,,,,,0.0
1998-12-24,,,,,27.9,31.0,25.0,,,,,,0.0
1998-12-25,,,,,34.9,37.0,32.0,,,,,,0.22
1998-12-26,,,,,35.2,37.0,34.0,,,,,,0.08
1998-12-27,,,,,38.0,41.0,34.0,,,,,,0.24
1998-12-28,,,,,38.2,40.0,37.0,,,,,,0.57
1998-12-29,,,,,39.3,42.0,37.0,,,,,,0.0
1998-12-30,,,,,43.5,52.0,39.0,,,,,,0.02
1998-12-31,,,,,33.9,39.0,31.0,,,,,,0.2
1999-01-01,,,,,43.1,58.0,29.0,,,,,,0.0
1999-01-02,,,,,49.9,59.0,42.0,,,,,,0.0
1999-01-03,,,,,48.4,53.0,41.0,,,,,,0.0
1999-01-04,,,,,50.2,57.0,47.0,,,,,,0.0
1999-01-05,,,,,51.3,60.0,47.0,,,,,,0.0
1999-01-06,,,,,38.2,45.0,31.0,,,,,,0.0
1999-01-07,,,,,33.5,38.0,31.0,,,,,,0.0
1999-01-08,,,,,46.5,57.0,34.0,,,,,,0.0
1999-01-09,,,,,52.8,62.0,48.0,,,,,,0.0
1999-01-10,,,,,53.4,62.0,46.0,,,,,,0.0
1999-01-11,,,,,39.5,45.0,36.0,,,,,,0.04
1999-01-12,,,,,37.3,41.0,36.0,,,,,,0.02
1999-01-13,,,,,40.4,44.0,35.0,,,,,,0.0
1999-01-14,,,,,41.2,45.0,39.0,,,,,,0.49
1999-01-15,,,,,38.1,40.0,33.0,,,,,,0.34
1999-01-16,,,,,31.3,32.0,29.0,,,,,,0.0
1999-01-17,,,,,36.8,42.0,32.0,,,,,,2.06
1999-01-18,,,,,34.0,35.0,32.0,,,,,,0.4
1999-01-19,,,,,33.1,34.0,32.0,,,,,,0.35
1999-01-20,,,,,33.2,36.0,31.0,,,,,,0.33
1999-01-21,,,,,31.5,33.0,30.0,,,,,,0.01
1999-01-22,,,,,31.5,36.0,28.0,,,,,,0.63
1999-01-23,,,,,26.3,30.0,22.0,,,,,,0.0
1999-01-24,,,,,27.0,37.0,23.0,,,,,,0.08
1999-01-25,,,,,31.9,44.0,25.0,,,,,,0.07
1999-01-26,,,,,26.8,30.0,25.0,,,,,,0.0
1999-01-27,,,,,28.1,38.0,23.0,,,,,,0.05
1999-01-28,,,,,31.5,33.0,29.0,,,,,,0.03
1999-01-29,,,,,35.8,40.0,31.0,,,,,,0.0
1999-01-30,,,,,35.5,45.0,31.0,,,,,,0.0
1999-01-31,,,,,27.7,32.0,22.0,,,,,,0.0
1999-02-01,,,,,29.3,40.0,23.0,,,,,,0.01
1999-02-02,,,,,32.5,37.0,27.0,,,,,,0.34
1999-02-03,,,,,34.2,42.0,28.0,,,,,,0.04
1999-02-04,,,,,29.2,40.0,26.0,,,,,,0.09
1999-02-05,,,,,27.8,31.0,25.0,,,,,,0.0
1999-02-06,,,,,32.5,35.0,30.0,,,,,,1.2
1999-02-07,,,,,29.7,34.0,24.0,,,,,,0.3
1999-02-08,,,,,26.6,30.0,24.0,,,,,,0.0
1999-02-09,,,,,23.3,30.0,21.0,,,,,,0.0
1999-02-10,,,,,24.2,29.0,21.0,,,,,,0.0
1999-02-11,,,,,28.4,34.0,23.0,,,,,,0.0
1999-02-12,,,,,38.8,49.0,31.0,,,,,,0.44
1999-02-13,,,,,33.5,36.0,32.0,,,,,,0.25
1999-02-14,,,,,32.8,40.0,30.0,,,,,,0.09
1999-02-15,,,,,32.5,37.0,29.0,,,,,,0.1
1999-02-16,,,,,34.6,38.0,32.0,,,,,,0.39
1999-02-17,,,,,32.3,39.0,28.0,,,,,,0.2
1999-02-18,,,,,32.3,36.0,31.0,,,,,,0.89
1999-02-19,,,,,34.7,46.0,29.0,,,,,,0.29
1999-02-20,,,,,32.2,38.0,27.0,,,,,,0.11
1999-02-21,,,,,28.9,31.0,26.0,,,,,,0.0
1999-02-22,,,,,33.5,36.0,31.0,,,,,,0.61
1999-02-23,,,,,37.6,41.0,36.0,,,,,,0.46
1999-02-24,,,,,35.1,39.0,30.0,,,,,,0.47
1999-02-25,,,,,28.9,33.0,27.0,,,,,,0.0
1999-02-26,,,,,28.7,32.0,26.0,,,,,,0.0
1999-02-27,,,,,39.4,42.0,33.0,,,,,,2.2
1999-02-28,,,,,35.9,40.0,31.0,,,,,,0.45
1999-03-01,,,,,31.8,42.0,29.0,,,,,,0.11
1999-03-02,,,,,35.5,47.0,29.0,,,,,,0.48
1999-03-03,,,,,28.6,33.0,25.0,,,,,,0.01
1999-03-04,,,,,25.5,34.0,21.0,,,,,,0.0
1999-03-05,,,,,28.5,47.0,19.0,,,,,,0.21
1999-03-06,,,,,30.8,40.0,26.0,,,,,,0.15
1999-03-07,,,,,30.3,42.0,24.0,,,,,,0.09
1999-03-08,,,,,28.5,31.0,26.0,,,,,,0.0
1999-03-09,,,,,26.5,34.0,20.0,,,,,,0.03
1999-03-10,,,,,31.4,49.0,24.0,,,,,,0.17
1999-03-11,,,,,38.6,49.0,31.0,,,,,,0.16
1999-03-12,,,,,35.0,38.0,32.0,,,,,,0.27
1999-03-13,,,,,39.1,50.0,33.0,,,,,,0.0
1999-03-14,,,,,32.1,36.0,30.0,,,,,,0.29
1999-03-15,,,,,33.3,39.0,30.0,,,,,,0.02
1999-03-16,,,,,36.8,48.0,27.0,,,,,,0.04
1999-03-17,,,,,40.7,53.0,35.0,,,,,,0.0
1999-03-18,,,,,46.0,58.0,36.0,,,,,,0.0
1999-03-19,,,,,51.2,61.0,43.0,,,,,,0.0
1999-03-20,,,,,38.7,44.0,34.0,,,,,,0.0
1999-03-21,,,,,37.9,46.0,33.0,,,,,,0.0
1999-03-22,,,,,36.7,47.0,31.0,,,,,,0.0
1999-03-23,,,,,37.5,45.0,31.0,,,,,,0.09
1999-03-24,,,,,35.3,39.0,32.0,,,,,,0.72
1999-03-25,,,,,34.4,39.0,31.0,,,,,,0.02
1999-03-26,,,,,31.1,38.0,26.0,,,,,,0.08
1999-03-27,,,,,29.8,40.0,25.0,,,,,,0.24
1999-03-28,,,,,29.8,34.0,25.0,,,,,,0.02
1999-03-29,,,,,29.7,35.0,26.0,,,,,,0.02
1999-03-30,,,,,26.3,30.0,24.0,,,,,,0.0
1999-03-31,,,,,29.5,33.0,26.0,,,,,,0.0
1999-04-01,,,,,32.2,47.0,27.0,,,,,,0.24
1999-04-02,,,,,35.5,49.0,29.0,,,,,,0.42
1999-04-03,,,,,25.8,30.0,23.0,,,,,,0.0
1999-04-04,,,,,27.8,35.0,25.0,,,,,,0.02
1999-04-05,,,,,31.4,43.0,25.0,,,,,,0.28
1999-04-06,,,,,35.8,48.0,29.0,,,,,,0.34
1999-04-07,,,,,37.1,50.0,30.0,,,,,,0.0
1999-04-08,,,,,27.6,34.0,23.0,,,,,,0.18
1999-04-09,,,,,27.6,38.0,22.0,,,,,,0.14
1999-04-10,,,,,31.3,36.0,27.0,,,,,,0.12
1999-04-11,,,,,45.8,58.0,31.0,,,,,,0.01
1999-04-12,,,,,46.4,56.0,36.0,,,,,,0.0
1999-04-13,,,,,42.5,57.0,34.0,,,,,,0.0
1999-04-14,,,,,51.1,64.0,35.0,,,,,,0.0
1999-04-15,,,,,60.9,76.0,45.0,,,,,,0.0
1999-04-16,,,,,62.4,76.0,54.0,,,,,,0.0
1999-04-17,,,,,57.3,67.0,49.0,,,,,,0.0
1999-04-18,,,,,49.3,58.0,44.0,,,,,,0.0
1999-04-19,,,,,44.4,54.0,39.0,,,,,,0.0
1999-04-20,,,,,38.0,49.0,34.0,,,,,,0.01
1999-04-21,,,,,35.0,40.0,31.0,,,,,,0.33
1999-04-22,,,,,34.0,41.0,28.0,,,,,,0.15
1999-04-23,,,,,46.4,65.0,34.0,,,,,,0.0
1999-04-24,,,,,57.6,71.0,48.0,,,,,,0.0
1999-04-25,,,,,44.8,54.0,36.0,,,,,,0.0
1999-04-26,,,,,33.5,41.0,29.0,,,,,,0.05
1999-04-27,,,,,30.4,38.0,27.0,,,,,,0.0
1999-04-28,,,,,31.8,38.0,27.0,,,,,,0.21
1999-04-29,,,,,42.0,57.0,32.0,,,,,,0.0
1999-04-30,,,,,49.1,62.0,36.0,,,,,,0.0
1999-05-01,,,,,40.1,47.0,32.0,,,,,,0.0
1999-05-02,,,,,34.0,39.0,31.0,,,,,,0.3
1999-05-03,,,,,32.6,38.0,29.0,,,,,,0.21
1999-05-04,,,,,33.2,41.0,29.0,,,,,,0.06
1999-05-05,,,,,48.5,66.0,30.0,,,,,,0.0
1999-05-06,,,,,43.6,57.0,27.0,,,,,,0.06
1999-05-07,,,,,30.5,39.0,25.0,,,,,,0.05
1999-05-08,,,,,31.2,40.0,27.0,,,,,,0.01
1999-05-09,,,,,35.2,49.0,25.0,,,,,,0.0
1999-05-10,,,,,37.2,41.0,33.0,,,,,,0.03
1999-05-11,,,,,44.5,49.0,40.0,,,,,,0.16
1999-05-12,,,,,35.5,41.0,30.0,,,,,,0.15
1999-05-13,,,,,32.5,38.0,29.0,,,,,,0.14
1999-05-14,,,,,33.6,42.0,30.0,,,,,,0.11
1999-05-15,,,,,38.5,52.0,29.0,,,,,,0.0
1999-05-16,,,,,46.5,59.0,37.0,,,,,,0.0
1999-05-17,,,,,45.9,55.0,41.0,,,,,,0.04
1999-05-18,,,,,43.4,48.0,38.0,,,,,,0.01
1999-05-19,,,,,43.5,56.0,37.0,,,,,,0.0
1999-05-20,,,,,39.7,48.0,36.0,,,,,,0.02
1999-05-21,,,,,47.8,63.0,35.0,,,,,,0.0
1999-05-22,,,,,56.1,71.0,40.0,,,,,,0.0
1999-05-23,,,,,69.9,85.0,56.0,,,,,,0.0
1999-05-24,,,,,65.0,75.0,48.0,,,,,,0.0
1999-05-25,,,,,46.6,55.0,41.0,,,,,,0.0
1999-05-26,,,,,55.6,69.0,41.0,,,,,,0.0
1999-05-27,,,,,57.0,70.0,44.0,,,,,,0.0
1999-05-28,,,,,49.5,63.0,41.0,,,,,,0.0
1999-05-29,,,,,49.6,64.0,38.0,,,,,,0.0
1999-05-30,,,,,51.2,68.0,37.0,,,,,,0.0
1999-05-31,,,,,56.4,72.0,46.0,,,,,,0.0
1999-06-01,,,,,44.5,56.0,33.0,,,,,,0.0
1999-06-02,,,,,39.2,51.0,31.0,,,,,,0.01
1999-06-03,,,,,43.5,55.0,35.0,,,,,,0.0
1999-06-04,,,,,50.8,61.0,37.0,,,,,,0.0
1999-06-05,,,,,45.3,60.0,34.0,,,,,,0.0
1999-06-06,,,,,36.9,46.0,31.0,,,,,,0.0
1999-06-07,,,,,37.7,48.0,32.0,,,,,,0.0
1999-06-08,,,,,43.3,55.0,32.0,,,,,,0.0
1999-06-09,,,,,48.0,61.0,36.0,,,,,,0.0
1999-06-10,,,,,54.0,70.0,41.0,,,,,,0.0
1999-06-11,,,,,61.5,77.0,48.0,,,,,,0.0
1999-06-12,,,,,62.2,75.0,54.0,,,,,,0.0
1999-06-13,,,,,63.5,78.0,54.0,,,,,,0.0
1999-06-14,,,,,65.2,78.0,54.0,,,,,,0.0
1999-06-15,,,,,53.9,65.0,45.0,,,,,,0.0
1999-06-16,,,,,57.5,71.0,45.0,,,,,,0.0
1999-06-17,,,,,56.9,68.0,48.0,,,,,,0.0
1999-06-18,,,,,54.0,68.0,44.0,,,,,,0.0
1999-06-19,,,,,49.9,66.0,41.0,,,,,,0.0
1999-06-20,,,,,53.7,66.0,46.0,,,,,,0.04
1999-06-21,,,,,50.6,62.0,45.0,,,,,,0.02
1999-06-22,,,,,56.9,73.0,46.0,,,,,,0.0
1999-06-23,,,,,63.5,79.0,50.0,,,,,,0.0
1999-06-24,,,,,47.9,57.0,36.0,,,,,,0.15
1999-06-25,,,,,45.8,59.0,36.0,,,,,,0.01
1999-06-26,,,,,45.5,57.0,38.0,,,,,,0.0
1999-06-27,,,,,50.5,66.0,38.0,,,,,,0.0
1999-06-28,,,,,62.2,79.0,48.0,,,,,,0.0
1999-06-29,,,,,65.9,80.0,53.0,,,,,,0.0
1999-06-30,,,,,60.3,75.0,48.0,,,,,,0.0
1999-07-01,,,,,53.0,68.0,40.0,,,,,,0.0
1999-07-02,,,,,44.6,57.0,37.0,,,,,,0.0
1999-07-03,,,,,43.2,52.0,37.0,,,,,,0.01
1999-07-04,,,,,48.4,61.0,38.0,,,,,,0.0
1999-07-05,,,,,61.4,77.0,45.0,,,,,,0.0
1999-07-06,,,,,52.8,61.0,43.0,,,,,,0.0
1999-07-07,,,,,52.4,67.0,41.0,,,,,,0.0
1999-07-08,,,,,64.2,76.0,50.0,,,,,,0.0
1999-07-09,,,,,72.2,86.0,62.0,,,,,,0.0
1999-07-10,,,,,68.7,84.0,55.0,,,,,,0.0
1999-07-11,,,,,67.6,85.0,54.0,,,,,,0.0
1999-07-12,,,,,68.8,86.0,58.0,,,,,,0.0
1999-07-13,,,,,65.5,84.0,52.0,,,,,,0.0
1999-07-14,,,,,55.6,72.0,44.0,,,,,,0.0
1999-07-15,,,,,59.5,76.0,45.0,,,,,,0.0
1999-07-16,,,,,56.0,67.0,42.0,,,,,,0.0
1999-07-17,,,,,51.2,67.0,41.0,,,,,,0.0
1999-07-18,,,,,62.3,78.0,47.0,,,,,,0.0
1999-07-19,,,,,66.7,83.0,56.0,,,,,,0.0
1999-07-20,,,,,61.3,75.0,50.0,,,,,,0.0
1999-07-21,,,,,60.9,75.0,50.0,,,,,,0.0
1999-07-22,,,,,69.0,83.0,57.0,,,,,,0.0
1999-07-23,,,,,64.3,78.0,50.0,,,,,,0.0
1999-07-24,,,,,53.0,68.0,44.0,,,,,,0.0
1999-07-25,,,,,59.3,75.0,46.0,,,,,,0.0
1999-07-26,,,,,68.3,83.0,59.0,,,,,,0.0
1999-07-27,,,,,70.2,85.0,61.0,,,,,,0.0
1999-07-28,,,,,70.3,83.0,61.0,,,,,,0.0
1999-07-29,,,,,67.8,77.0,57.0,,,,,,0.0
1999-07-30,,,,,67.4,80.0,60.0,,,,,,0.0
1999-07-31,,,,,66.0,80.0,57.0,,,,,,0.0
1999-08-01,,,,,64.5,75.0,57.0,,,,,,0.0
1999-08-02,,,,,65.8,79.0,55.0,,,,,,0.0
1999-08-03,,,,,64.0,83.0,54.0,,,,,,0.0
1999-08-04,,,,,60.1,76.0,49.0,,,,,,0.0
1999-08-05,,,,,53.3,61.0,48.0,,,,,,0.0
1999-08-06,,,,,51.8,54.0,50.0,,,,,,0.37
1999-08-07,,,,,49.2,51.0,48.0,,,,,,0.03
1999-08-08,,,,,58.6,71.0,48.0,,,,,,0.0
1999-08-09,,,,,63.0,79.0,51.0,,,,,,0.01
1999-08-10,,,,,64.2,80.0,54.0,,,,,,0.0
1999-08-11,,,,,54.1,59.0,48.0,,,,,,0.0
1999-08-12,,,,,54.0,68.0,47.0,,,,,,0.0
1999-08-13,,,,,49.9,55.0,45.0,,,,,,0.05
1999-08-14,,,,,49.7,62.0,43.0,,,,,,0.0
1999-08-15,,,,,59.9,76.0,46.0,,,,,,0.0
1999-08-16,,,,,68.8,84.0,57.0,,,,,,0.0
1999-08-17,,,,,69.5,83.0,60.0,,,,,,0.0
1999-08-18,,,,,64.0,74.0,51.0,,,,,,0.0
1999-08-19,,,,,63.7,78.0,51.0,,,,,,0.0
1999-08-20,,,,,63.6,76.0,50.0,,,,,,0.0
1999-08-21,,,,,61.7,76.0,49.0,,,,,,0.0
1999-08-22,,,,,70.8,84.0,55.0,,,,,,0.0
1999-08-23,,,,,74.5,85.0,67.0,,,,,,0.0
1999-08-24,,,,,72.6,87.0,61.0,,,,,,0.0
1999-08-25,,,,,70.2,85.0,58.0,,,,,,0.0
1999-08-26,,,,,73.0,83.0,65.0,,,,,,0.0
1999-08-27,,,,,75.2,82.0,69.0,,,,,,0.0
1999-08-28,,,,,69.3,83.0,56.0,,,,,,0.0
1999-08-29,,,,,54.3,69.0,46.0,,,,,,0.17
1999-08-30,,,,,43.8,48.0,39.0,,,,,,0.22
1999-08-31,,,,,48.9,62.0,38.0,,,,,,0.0
1999-09-01,,,,,53.4,67.0,43.0,,,,,,0.0
1999-09-02,,,,,56.5,71.0,47.0,,,,,,0.0
1999-09-03,,,,,60.1,73.0,50.0,,,,,,0.0
1999-09-04,,,,,65.5,78.0,56.0,,,,,,0.0
1999-09-05,,,,,63.6,77.0,49.0,,,,,,0.0
1999-09-06,,,,,52.7,69.0,45.0,,,,,,0.0
1999-09-07,,,,,61.5,73.0,45.0,,,,,,0.0
1999-09-08,,,,,73.0,87.0,65.0,,,,,,0.0
1999-09-09,,,,,61.0,72.0,47.0,,,,,,0.0
1999-09-10,,,,,54.2,71.0,44.0,,,,,,0.0
1999-09-11,,,,,65.2,79.0,53.0,,,,,,0.0
1999-09-12,,,,,75.0,91.0,63.0,,,,,,0.0
1999-09-13,,,,,77.6,90.0,66.0,,,,,,0.0
1999-09-14,,,,,75.0,87.0,64.0,,,,,,0.0
1999-09-15,,,,,62.0,72.0,49.0,,,,,,0.0
1999-09-16,,,,,56.5,69.0,48.0,,,,,,0.0
1999-09-17,,,,,59.3,73.0,48.0,,,,,,0.0
1999-09-18,,,,,71.8,88.0,61.0,,,,,,0.0
1999-09-19,,,,,68.8,80.0,59.0,,,,,,0.0
1999-09-20,,,,,70.5,83.0,60.0,,,,,,0.0
1999-09-21,,,,,71.6,84.0,63.0,,,,,,0.0
1999-09-22,,,,,72.7,86.0,63.0,,,,,,0.0
1999-09-23,,,,,63.4,77.0,50.0,,,,,,0.02
1999-09-24,,,,,55.0,69.0,44.0,,,,,,0.04
1999-09-25,,,,,49.3,61.0,38.0,,,,,,0.01
1999-09-26,,,,,44.0,59.0,34.0,,,,,,0.0
1999-09-27,,,,,45.7,59.0,36.0,,,,,,0.0
1999-09-28,,,,,60.5,75.0,46.0,,,,,,0.0
1999-09-29,,,,,66.5,77.0,57.0,,,,,,0.0
1999-09-30,,,,,61.5,75.0,46.0,,,,,,0.0
1999-10-01,,,,,58.5,72.0,50.0,,,,,,0.0
1999-10-02,,,,,60.9,72.0,53.0,,,,,,0.0
1999-10-03,,,,,65.0,80.0,57.0,,,,,,0.0
1999-10-04,,,,,56.6,69.0,43.0,,,,,,0.0
1999-10-05,,,,,46.1,53.0,41.0,,,,,,0.04
1999-10-06,,,,,44.1,51.0,41.0,,,,,,0.16
1999-10-07,,,,,53.1,66.0,43.0,,,,,,0.01
1999-10-08,,,,,55.2,67.0,48.0,,,,,,0.0
1999-10-09,,,,,48.5,60.0,41.0,,,,,,0.01
1999-10-10,,,,,59.5,76.0,45.0,,,,,,0.0
1999-10-11,,,,,62.8,78.0,56.0,,,,,,0.0
1999-10-12,,,,,62.0,75.0,55.0,,,,,,0.0
1999-10-13,,,,,60.1,73.0,49.0,,,,,,0.0
1999-10-14,,,,,44.1,55.0,32.0,,,,,,0.0
1999-10-15,,,,,36.8,50.0,29.0,,,,,,0.0
1999-10-16,,,,,52.2,69.0,38.0,,,,,,0.0
1999-10-17,,,,,59.5,73.0,50.0,,,,,,0.0
1999-10-18,,,,,64.2,76.0,57.0,,,,,,0.0
1999-10-19,,,,,66.4,80.0,58.0,,,,,,0.0
1999-10-20,,,,,67.5,79.0,62.0,,,,,,0.0
1999-10-21,,,,,67.1,79.0,63.0,,,,,,0.0
1999-10-22,,,,,66.5,76.0,62.0,,,,,,0.0
1999-10-23,,,,,54.2,63.0,44.0,,,,,,0.0
1999-10-24,,,,,50.1,63.0,42.0,,,,,,0.0
1999-10-25,,,,,50.3,62.0,47.0,,,,,,0.09
1999-10-26,,,,,38.1,47.0,35.0,,,,,,1.19
1999-10-27,,,,,42.6,46.0,39.0,,,,,,1.63
1999-10-28,,,,,37.8,40.0,35.0,,,,,,1.02
1999-10-29,,,,,43.6,56.0,34.0,,,,,,0.01
1999-10-30,,,,,54.2,65.0,46.0,,,,,,0.0
1999-10-31,,,,,40.1,46.0,36.0,,,,,,0.02
1999-11-01,,,,,51.3,64.0,38.0,,,,,,0.0
1999-11-02,,,,,56.0,67.0,50.0,,,,,,0.0
1999-11-03,,,,,49.0,54.0,44.0,,,,,,0.0
1999-11-04,,,,,40.2,43.0,37.0,,,,,,0.05
1999-11-05,,,,,45.4,49.0,40.0,,,,,,0.23
1999-11-06,,,,,52.0,64.0,45.0,,,,,,0.0
1999-11-07,,,,,48.1,59.0,42.0,,,,,,0.0
1999-11-08,,,,,38.7,41.0,38.0,,,,,,0.34
1999-11-09,,,,,40.5,43.0,39.0,,,,,,0.74
1999-11-10,,,,,40.1,43.0,37.0,,,,,,0.77
1999-11-11,,,,,48.4,52.0,43.0,,,,,,0.17
1999-11-12,,,,,52.6,56.0,50.0,,,,,,0.3
1999-11-13,,,,,56.4,64.0,51.0,,,,,,0.0
1999-11-14,,,,,58.4,65.0,54.0,,,,,,0.0
1999-11-15,,,,,49.5,58.0,44.0,,,,,,0.11
1999-11-16,,,,,38.4,48.0,32.0,,,,,,0.68
1999-11-17,,,,,34.5,37.0,33.0,,,,,,0.03
1999-11-18,,,,,37.2,41.0,33.0,,,,,,0.01
1999-11-19,,,,,38.2,41.0,36.0,,,,,,1.3
1999-11-20,,,,,34.2,39.0,32.0,,,,,,0.09
1999-11-21,,,,,30.2,33.0,28.0,,,,,,0.0
1999-11-22,,,,,29.9,32.0,29.0,,,,,,0.0
1999-11-23,,,,,33.6,37.0,31.0,,,,,,0.51
1999-11-24,,,,,37.1,42.0,35.0,,,,,,0.55
1999-11-25,,,,,42.9,44.0,42.0,,,,,,0.06
1999-11-26,,,,,40.0,43.0,36.0,,,,,,0.42
1999-11-27,,,,,37.0,41.0,34.0,,,,,,0.01
1999-11-28,,,,,41.8,51.0,37.0,,,,,,0.0
1999-11-29,,,,,39.9,46.0,32.0,,,,,,0.39
1999-11-30,,,,,32.0,37.0,29.0,,,,,,0.09
1999-12-01,,,,,32.9,36.0,29.0,,,,,,0.16
1999-12-02,,,,,31.6,38.0,28.0,,,,,,0.36
1999-12-03,,,,,32.7,42.0,27.0,,,,,,0.16
1999-12-04,,,,,39.8,45.0,34.0,,,,,,0.08
1999-12-05,,,,,33.6,38.0,31.0,,,,,,0.06
1999-12-06,,,,,34.0,38.0,31.0,,,,,,0.2
1999-12-07,,,,,29.3,32.0,27.0,,,,,,0.0
1999-12-08,,,,,29.4,32.0,28.0,,,,,,0.0
1999-12-09,,,,,29.4,31.0,27.0,,,,,,0.0
1999-12-10,,,,,29.3,32.0,28.0,,,,,,0.0
1999-12-11,,,,,35.8,41.0,32.0,,,,,,0.78
1999-12-12,,,,,34.4,38.0,28.0,,,,,,0.21
1999-12-13,,,,,27.8,32.0,26.0,,,,,,0.01
1999-12-14,,,,,29.1,32.0,26.0,,,,,,0.0
1999-12-15,,,,,34.6,36.0,32.0,,,,,,0.14
1999-12-16,,,,,39.8,42.0,36.0,,,,,,0.01
1999-12-17,,,,,41.7,44.0,36.0,,,,,,0.09
1999-12-18,,,,,35.2,39.0,34.0,,,,,,0.0
1999-12-19,,,,,41.5,50.0,32.0,,,,,,0.0
1999-12-20,,,,,49.1,58.0,41.0,,,,,,0.0
1999-12-21,,,,,49.0,60.0,43.0,,,,,,0.0
1999-12-22,,,,,52.2,62.0,44.0,,,,,,0.0
1999-12-23,,,,,53.2,61.0,50.0,,,,,,0.0
1999-12-24,,,,,53.7,61.0,49.0,,,,,,0.0
1999-12-25,,,,,53.9,67.0,47.0,,,,,,0.0
1999-12-26,,,,,54.2,65.0,48.0,,,,,,0.0
1999-12-27,,,,,51.1,62.0,44.0,,,,,,0.0
1999-12-28,,,,,50.2,61.0,43.0,,,,,,0.0
1999-12-29,,,,,46.2,54.0,40.0,,,,,,0.0
1999-12-30,,,,,47.6,61.0,41.0,,,,,,0.0
1999-12-31,,,,,36.2,43.0,31.0,,,,,,0.0
2000-01-01,,,,,29.8,32.0,28.0,,,,,,0.0
2000-01-02,,,,,28.7,30.0,28.0,,,,,,0.0
2000-01-03,,,,,33.5,36.0,31.0,,,,,,0.65
2000-01-04,,,,,32.7,36.0,30.0,,,,,,0.18
2000-01-05,,,,,31.6,39.0,29.0,,,,,,0.04
2000-01-06,,,,,37.3,42.0,32.0,,,,,,0.0
2000-01-07,,,,,36.5,40.0,34.0,,,,,,0.01
2000-01-08,,,,,34.4,38.0,32.0,,,,,,0.08
2000-01-09,,,,,33.0,37.0,31.0,,,,,,0.02
2000-01-10,,,,,35.4,41.0,30.0,,,,,,1.56
2000-01-11,,,,,29.2,35.0,23.0,,,,,,0.07
2000-01-12,,,,,27.1,29.0,23.0,,,,,,0.0
2000-01-13,,,,,32.1,35.0,29.0,,,,,,0.89
2000-01-14,,,,,33.9,37.0,29.0,,,,,,1.55
2000-01-15,,,,,34.2,38.0,29.0,,,,,,0.43
2000-01-16,,,,,31.6,38.0,30.0,,,,,,0.34
2000-01-17,,,,,35.2,46.0,28.0,,,,,,0.2
2000-01-18,,,,,39.1,48.0,34.0,,,,,,0.24
2000-01-19,,,,,38.2,43.0,34.0,,,,,,0.17
2000-01-20,,,,,34.0,39.0,31.0,,,,,,0.01
2000-01-21,,,,,32.4,40.0,30.0,,,,,,0.04
2000-01-22,,,,,33.4,39.0,31.0,,,,,,0.21
2000-01-23,,,,,36.2,41.0,32.0,,,,,,0.13
2000-01-24,,,,,37.9,40.0,36.0,,,,,,0.57
2000-01-25,,,,,34.5,38.0,29.0,,,,,,0.35
2000-01-26,,,,,28.2,31.0,25.0,,,,,,0.0
2000-01-27,,,,,36.2,47.0,27.0,,,,,,0.02
2000-01-28,,,,,37.2,43.0,31.0,,,,,,0.0
2000-01-29,,,,,41.5,50.0,38.0,,,,,,0.0
2000-01-30,,,,,34.1,39.0,29.0,,,,,,0.08
2000-01-31,,,,,33.4,41.0,29.0,,,,,,0.08
2000-02-01,,,,,43.8,45.0,41.0,,,,,,0.41
2000-02-02,,,,,44.6,51.0,40.0,,,,,,0.07
2000-02-03,,,,,46.5,51.0,36.0,,,,,,0.22
2000-02-04,,,,,38.1,46.0,32.0,,,,,,0.05
2000-02-05,,,,,38.1,41.0,37.0,,,,,,0.22
2000-02-06,,,,,40.7,46.0,36.0,,,,,,0.01
2000-02-07,,,,,45.1,51.0,41.0,,,,,,0.0
2000-02-08,,,,,40.5,42.0,39.0,,,,,,0.11
2000-02-09,,,,,42.2,49.0,38.0,,,,,,0.0
2000-02-10,,,,,41.7,48.0,35.0,,,,,,0.26
2000-02-11,,,,,36.4,38.0,35.0,,,,,,0.15
2000-02-12,,,,,32.6,38.0,30.0,,,,,,0.21
2000-02-13,,,,,35.5,41.0,31.0,,,,,,0.63
2000-02-14,,,,,34.6,40.0,31.0,,,,,,1.34
2000-02-15,,,,,35.6,43.0,32.0,,,,,,0.05
2000-02-16,,,,,37.9,44.0,33.0,,,,,,0.0
2000-02-17,,,,,38.3,47.0,32.0,,,,,,0.0
2000-02-18,,,,,41.2,51.0,35.0,,,,,,0.0
2000-02-19,,,,,43.0,52.0,37.0,,,,,,0.0
2000-02-20,,,,,42.1,49.0,36.0,,,,,,0.05
2000-02-21,,,,,40.1,45.0,36.0,,,,,,0.04
2000-02-22,,,,,34.2,38.0,31.0,,,,,,0.53
2000-02-23,,,,,30.1,33.0,26.0,,,,,,0.0
2000-02-24,,,,,29.1,34.0,25.0,,,,,,0.08
2000-02-25,,,,,32.1,35.0,29.0,,,,,,0.56
2000-02-26,,,,,36.9,40.0,32.0,,,,,,1.22
2000-02-27,,,,,34.6,41.0,32.0,,,,,,0.43
2000-02-28,,,,,32.5,35.0,31.0,,,,,,0.11
2000-02-29,,,,,31.6,35.0,29.0,,,,,,0.25
2000-03-01,,,,,33.6,38.0,29.0,,,,,,0.0
2000-03-02,,,,,34.8,45.0,32.0,,,,,,0.02
2000-03-03,,,,,41.8,54.0,31.0,,,,,,0.01
2000-03-04,,,,,34.0,43.0,28.0,,,,,,0.13
2000-03-05,,,,,26.1,27.0,25.0,,,,,,0.0
2000-03-06,,,,,30.2,41.0,26.0,,,,,,0.14
2000-03-07,,,,,32.3,38.0,28.0,,,,,,0.22
2000-03-08,,,,,33.2,43.0,28.0,,,,,,0.14
2000-03-09,,,,,31.6,36.0,29.0,,,,,,0.13
2000-03-10,,,,,33.7,41.0,30.0,,,,,,0.19
2000-03-11,,,,,33.2,40.0,27.0,,,,,,0.02
2000-03-12,,,,,40.4,53.0,31.0,,,,,,0.0
2000-03-13,,,,,41.3,43.0,38.0,,,,,,0.16
2000-03-14,,,,,39.6,54.0,31.0,,,,,,0.0
2000-03-15,,,,,44.1,56.0,31.0,,,,,,0.02
2000-03-16,,,,,34.0,43.0,27.0,,,,,,0.06
2000-03-17,,,,,35.0,45.0,26.0,,,,,,0.0
2000-03-18,,,,,39.2,43.0,35.0,,,,,,0.24
2000-03-19,,,,,29.7,32.0,27.0,,,,,,0.05
2000-03-20,,,,,35.8,45.0,28.0,,,,,,0.07
2000-03-21,,,,,48.7,62.0,35.0,,,,,,0.0
2000-03-22,,,,,44.6,54.0,31.0,,,,,,0.12
2000-03-23,,,,,33.1,44.0,26.0,,,,,,0.1
2000-03-24,,,,,43.2,59.0,33.0,,,,,,0.0
2000-03-25,,,,,36.2,45.0,32.0,,,,,,0.0
2000-03-26,,,,,47.5,62.0,39.0,,,,,,0.0
2000-03-27,,,,,33.7,38.0,28.0,,,,,,0.03
2000-03-28,,,,,32.1,44.0,26.0,,,,,,0.03
2000-03-29,,,,,34.7,46.0,28.0,,,,,,0.01
2000-03-30,,,,,43.3,54.0,34.0,,,,,,0.0
2000-03-31,,,,,48.8,61.0,37.0,,,,,,0.0
2000-04-01,,,,,54.8,68.0,44.0,,,,,,0.0
2000-04-02,,,,,57.1,70.0,46.0,,,,,,0.0
2000-04-03,,,,,63.6,78.0,53.0,,,,,,0.0
2000-04-04,,,,,44.2,52.0,38.0,,,,,,0.0
2000-04-05,,,,,41.7,53.0,35.0,,,,,,0.0
2000-04-06,,,,,42.1,54.0,32.0,,,,,,0.0
2000-04-07,,,,,55.9,72.0,39.0,,,,,,0.0
2000-04-08,,,,,51.3,60.0,40.0,,,,,,0.0
2000-04-09,,,,,41.2,46.0,37.0,,,,,,0.0
2000-04-10,,,,,53.1,65.0,41.0,,,,,,0.0
2000-04-11,,,,,60.2,73.0,53.0,,,,,,0.0
2000-04-12,,,,,50.4,61.0,44.0,,,,,,0.31
2000-04-13,,,,,42.4,49.0,38.0,,,,,,0.78
2000-04-14,,,,,40.6,48.0,37.0,,,,,,0.08
2000-04-15,,,,,37.8,42.0,35.0,,,,,,0.5
2000-04-16,,,,,41.7,53.0,34.0,,,,,,0.24
2000-04-17,,,,,44.8,55.0,36.0,,,,,,0.96
2000-04-18,,,,,34.5,40.0,31.0,,,,,,0.4
2000-04-19,,,,,39.5,48.0,34.0,,,,,,0.0
2000-04-20,,,,,48.5,59.0,39.0,,,,,,0.0
2000-04-21,,,,,49.4,60.0,40.0,,,,,,0.02
2000-04-22,,,,,37.8,45.0,31.0,,,,,,0.1
2000-04-23,,,,,34.8,45.0,29.0,,,,,,0.11
2000-04-24,,,,,38.1,51.0,29.0,,,,,,0.05
2000-04-25,,,,,39.0,46.0,33.0,,,,,,0.07
2000-04-26,,,,,49.7,67.0,34.0,,,,,,0.0
2000-04-27,,,,,39.2,48.0,30.0,,,,,,0.11
2000-04-28,,,,,33.0,42.0,28.0,,,,,,0.04
2000-04-29,,,,,44.5,59.0,30.0,,,,,,0.01
2000-04-30,,,,,52.5,64.0,41.0,,,,,,0.0
2000-05-01,,,,,48.1,61.0,41.0,,,,,,0.12
2000-05-02,,,,,50.9,64.0,42.0,,,,,,0.0
2000-05-03,,,,,40.6,47.0,35.0,,,,,,0.05
2000-05-04,,,,,41.0,51.0,33.0,,,,,,0.0
2000-05-05,,,,,37.6,48.0,32.0,,,,,,0.02
2000-05-06,,,,,39.9,53.0,32.0,,,,,,0.0
2000-05-07,,,,,42.7,50.0,35.0,,,,,,0.13
2000-05-08,,,,,45.9,56.0,41.0,,,,,,0.34
2000-05-09,,,,,38.0,42.0,31.0,,,,,,0.26
2000-05-10,,,,,31.0,34.0,27.0,,,,,,0.25
2000-05-11,,,,,33.8,42.0,30.0,,,,,,0.27
2000-05-12,,,,,41.4,52.0,31.0,,,,,,0.01
2000-05-13,,,,,47.2,55.0,41.0,,,,,,0.0
2000-05-14,,,,,50.4,63.0,37.0,,,,,,0.24
2000-05-15,,,,,43.4,56.0,38.0,,,,,,0.56
2000-05-16,,,,,42.5,51.0,38.0,,,,,,0.01
2000-05-17,,,,,47.7,60.0,34.0,,,,,,0.0
2000-05-18,,,,,53.1,68.0,44.0,,,,,,0.0
2000-05-19,,,,,57.3,72.0,45.0,,,,,,0.0
2000-05-20,,,,,62.1,75.0,52.0,,,,,,0.0
2000-05-21,,,,,64.4,79.0,49.0,,,,,,0.0
2000-05-22,,,,,57.6,71.0,47.0,,,,,,0.0
2000-05-23,,,,,60.6,74.0,50.0,,,,,,0.0
2000-05-24,,,,,50.5,60.0,45.0,,,,,,0.0
2000-05-25,,,,,50.9,61.0,43.0,,,,,,0.0
2000-05-26,,,,,52.6,67.0,45.0,,,,,,0.01
2000-05-27,,,,,48.2,55.0,42.0,,,,,,0.11
2000-05-28,,,,,43.6,55.0,38.0,,,,,,0.0
2000-05-29,,,,,42.1,53.0,36.0,,,,,,0.0
2000-05-30,,,,,36.1,44.0,32.0,,,,,,0.12
2000-05-31,,,,,43.3,57.0,32.0,,,,,,0.01
2000-06-01,,,,,57.6,69.0,44.0,,,,,,0.0
2000-06-02,,,,,62.2,75.0,53.0,,,,,,0.0
2000-06-03,,,,,65.3,81.0,53.0,,,,,,0.0
2000-06-04,,,,,64.9,80.0,52.0,,,,,,0.0
2000-06-05,,,,,51.9,62.0,44.0,,,,,,0.0
2000-06-06,,,,,52.3,66.0,46.0,,,,,,0.0
2000-06-07,,,,,48.2,53.0,44.0,,,,,,0.51
2000-06-08,,,,,42.2,46.0,38.0,,,,,,0.07
2000-06-09,,,,,39.9,48.0,34.0,,,,,,0.06
2000-06-10,,,,,39.9,49.0,32.0,,,,,,0.03
2000-06-11,,,,,41.8,47.0,37.0,,,,,,0.2
2000-06-12,,,,,48.4,56.0,45.0,,,,,,0.06
2000-06-13,,,,,59.8,75.0,45.0,,,,,,0.01
2000-06-14,,,,,66.1,79.0,55.0,,,,,,0.0
2000-06-15,,,,,57.1,70.0,46.0,,,,,,0.0
2000-06-16,,,,,57.0,73.0,43.0,,,,,,0.0
2000-06-17,,,,,66.2,81.0,54.0,,,,,,0.0
2000-06-18,,,,,57.5,68.0,44.0,,,,,,0.0
2000-06-19,,,,,52.0,68.0,43.0,,,,,,0.0
2000-06-20,,,,,60.5,76.0,47.0,,,,,,0.0
2000-06-21,,,,,63.5,80.0,51.0,,,,,,0.0
2000-06-22,,,,,57.0,71.0,44.0,,,,,,0.0
2000-06-23,,,,,56.2,72.0,42.0,,,,,,0.0
2000-06-24,,,,,61.5,78.0,48.0,,,,,,0.0
2000-06-25,,,,,65.1,80.0,50.0,,,,,,0.0
2000-06-26,,,,,70.6,84.0,59.0,,,,,,0.0
2000-06-27,,,,,74.4,88.0,62.0,,,,,,0.0
2000-06-28,,,,,72.1,86.0,60.0,,,,,,0.0
2000-06-29,,,,,68.8,84.0,55.0,,,,,,0.0
2000-06-30,,,,,57.6,71.0,47.0,,,,,,0.0
2000-07-01,,,,,50.1,61.0,44.0,,,,,,0.0
2000-07-02,,,,,50.5,66.0,41.0,,,,,,0.0
2000-07-03,,,,,47.8,60.0,40.0,,,,,,0.0
2000-07-04,,,,,47.3,54.0,41.0,,,,,,0.42
2000-07-05,,,,,49.5,58.0,45.0,,,,,,0.13
2000-07-06,,,,,52.3,63.0,45.0,,,,,,0.0
2000-07-07,,,,,56.5,72.0,48.0,,,,,,0.23
2000-07-08,,,,,54.8,67.0,47.0,,,,,,0.0
2000-07-09,,,,,57.3,71.0,46.0,,,,,,0.02
2000-07-10,,,,,57.4,74.0,46.0,,,,,,0.0
2000-07-11,,,,,57.2,67.0,49.0,,,,,,0.0
2000-07-12,,,,,63.5,79.0,49.0,,,,,,0.0
2000-07-13,,,,,59.4,73.0,48.0,,,,,,0.0
2000-07-14,,,,,53.3,65.0,46.0,,,,,,0.0
2000-07-15,,,,,60.6,74.0,48.0,,,,,,0.0
2000-07-16,,,,,66.9,80.0,57.0,,,,,,0.0
2000-07-17,,,,,62.2,75.0,50.0,,,,,,0.0
2000-07-18,,,,,58.6,72.0,45.0,,,,,,0.0
2000-07-19,,,,,62.1,72.0,52.0,,,,,,0.0
2000-07-20,,,,,65.8,82.0,53.0,,,,,,0.0
2000-07-21,,,,,64.0,80.0,49.0,,,,,,0.0
2000-07-22,,,,,55.8,69.0,47.0,,,,,,0.0
2000-07-23,,,,,61.2,77.0,50.0,,,,,,0.0
2000-07-24,,,,,66.2,82.0,55.0,,,,,,0.0
2000-07-25,,,,,59.7,73.0,48.0,,,,,,0.0
2000-07-26,,,,,56.7,72.0,48.0,,,,,,0.0
2000-07-27,,,,,64.8,82.0,52.0,,,,,,0.0
2000-07-28,,,,,66.2,81.0,55.0,,,,,,0.0
2000-07-29,,,,,69.9,85.0,56.0,,,,,,0.0
2000-07-30,,,,,70.1,85.0,60.0,,,,,,0.0
2000-07-31,,,,,68.0,84.0,56.0,,,,,,0.0
2000-08-01,,,,,64.3,77.0,55.0,,,,,,0.0
2000-08-02,,,,,64.9,81.0,52.0,,,,,,0.0
2000-08-03,,,,,67.8,82.0,56.0,,,,,,0.0
2000-08-04,,,,,71.0,85.0,61.0,,,,,,0.0
2000-08-05,,,,,70.8,84.0,61.0,,,,,,0.0
2000-08-06,,,,,69.2,83.0,57.0,,,,,,0.0
2000-08-07,,,,,69.4,85.0,59.0,,,,,,0.0
2000-08-08,,,,,73.8,88.0,62.0,,,,,,0.0
2000-08-09,,,,,66.0,82.0,56.0,,,,,,0.0
2000-08-10,,,,,58.6,70.0,46.0,,,,,,0.08
2000-08-11,,,,,55.7,72.0,45.0,,,,,,0.0
2000-08-12,,,,,58.6,74.0,48.0,,,,,,0.0
2000-08-13,,,,,54.7,70.0,45.0,,,,,,0.0
2000-08-14,,,,,53.1,69.0,43.0,,,,,,0.0
2000-08-15,,,,,55.4,72.0,44.0,,,,,,0.0
2000-08-16,,,,,57.3,74.0,46.0,,,,,,0.0
2000-08-17,,,,,54.8,71.0,45.0,,,,,,0.0
2000-08-18,,,,,53.7,65.0,44.0,,,,,,0.0
2000-08-19,,,,,53.2,68.0,44.0,,,,,,0.0
2000-08-20,,,,,55.2,71.0,45.0,,,,,,0.0
2000-08-21,,,,,58.7,75.0,45.0,,,,,,0.0
2000-08-22,,,,,68.2,82.0,57.0,,,,,,0.0
2000-08-23,,,,,68.4,83.0,58.0,,,,,,0.0
2000-08-24,,,,,64.9,76.0,56.0,,,,,,0.0
2000-08-25,,,,,61.0,71.0,52.0,,,,,,0.0
2000-08-26,,,,,55.6,70.0,47.0,,,,,,0.0
2000-08-27,,,,,53.7,70.0,42.0,,,,,,0.0
2000-08-28,,,,,62.3,75.0,52.0,,,,,,0.0
2000-08-29,,,,,63.8,81.0,53.0,,,,,,0.0
2000-08-30,,,,,59.6,74.0,49.0,,,,,,0.0
2000-09-01,,,,,44.3,53.0,40.0,,,,,,0.0
2000-09-02,,,,,42.2,49.0,38.0,,,,,,0.0
2000-09-03,,,,,44.2,55.0,40.0,,,,,,0.01
2000-09-04,,,,,46.2,57.0,40.0,,,,,,0.0
2000-09-05,,,,,49.0,62.0,42.0,,,,,,0.0
2000-09-06,,,,,54.8,70.0,44.0,,,,,,0.0
2000-09-07,,,,,61.2,75.0,51.0,,,,,,0.0
2000-09-08,,,,,47.9,56.0,42.0,,,,,,0.0
2000-09-09,,,,,51.8,67.0,40.0,,,,,,0.0
2000-09-10,,,,,59.3,70.0,53.0,,,,,,0.0
2000-09-11,,,,,67.0,78.0,55.0,,,,,,0.0
2000-09-12,,,,,71.8,86.0,65.0,,,,,,0.0
2000-09-13,,,,,72.6,84.0,65.0,,,,,,0.0
2000-09-14,,,,,63.8,74.0,55.0,,,,,,0.0
2000-09-15,,,,,53.4,57.0,51.0,,,,,,0.04
2000-09-16,,,,,54.4,70.0,49.0,,,,,,0.0
2000-09-17,,,,,59.5,73.0,51.0,,,,,,0.0
2000-09-18,,,,,65.0,80.0,54.0,,,,,,0.0
2000-09-19,,,,,62.3,78.0,54.0,,,,,,0.0
2000-09-20,,,,,62.9,75.0,54.0,,,,,,0.0
2000-09-21,,,,,51.4,63.0,45.0,,,,,,0.0
2000-09-22,,,,,51.0,62.0,43.0,,,,,,0.0
2000-09-23,,,,,56.0,72.0,45.0,,,,,,0.0
2000-09-24,,,,,59.5,73.0,50.0,,,,,,0.0
2000-09-25,,,,,61.7,76.0,50.0,,,,,,0.0
2000-09-26,,,,,64.9,77.0,56.0,,,,,,0.0
2000-09-27,,,,,63.6,76.0,50.0,,,,,,0.0
2000-09-28,,,,,55.3,66.0,48.0,,,,,,0.0
2000-09-29,,,,,60.9,73.0,52.0,,,,,,0.0
2000-09-30,,,,,61.7,72.0,55.0,,,,,,0.0
2000-10-01,,,,,56.3,68.0,46.0,,,,,,0.0
2000-10-02,,,,,45.4,59.0,38.0,,,,,,0.0
2000-10-03,,,,,44.1,57.0,36.0,,,,,,0.0
2000-10-04,,,,,52.0,65.0,39.0,,,,,,0.0
2000-10-05,,,,,65.0,79.0,54.0,,,,,,0.0
2000-10-06,,,,,67.3,79.0,61.0,,,,,,0.0
2000-10-07,,,,,66.4,78.0,55.0,,,,,,0.0
2000-10-08,,,,,59.8,72.0,50.0,,,,,,0.0
2000-10-09,,,,,46.2,54.0,40.0,,,,,,0.16
2000-10-10,,,,,38.9,40.0,38.0,,,,,,0.0
2000-10-11,,,,,41.1,46.0,38.0,,,,,,0.07
2000-10-12,,,,,42.6,47.0,41.0,,,,,,0.0
2000-10-13,,,,,45.1,52.0,41.0,,,,,,0.0
2000-10-14,,,,,44.5,48.0,42.0,,,,,,0.0
2000-10-15,,,,,46.0,53.0,41.0,,,,,,0.0
2000-10-16,,,,,52.0,65.0,45.0,,,,,,0.0
2000-10-17,,,,,52.8,61.0,49.0,,,,,,0.0
2000-10-18,,,,,48.5,52.0,47.0,,,,,,0.0
2000-10-19,,,,,51.5,64.0,44.0,,,,,,0.0
2000-10-20,,,,,44.3,52.0,36.0,,,,,,0.51
2000-10-21,,,,,37.3,43.0,35.0,,,,,,0.03
2000-10-22,,,,,43.4,53.0,32.0,,,,,,0.0
2000-10-23,,,,,50.4,62.0,40.0,,,,,,0.0
2000-10-24,,,,,52.8,62.0,47.0,,,,,,0.0
2000-10-25,,,,,48.8,57.0,44.0,,,,,,0.0
2000-10-26,,,,,43.6,50.0,40.0,,,,,,0.01
2000-10-27,,,,,41.7,46.0,39.0,,,,,,0.02
2000-10-28,,,,,35.8,41.0,32.0,,,,,,0.93
2000-10-29,,,,,35.7,40.0,32.0,,,,,,0.14
2000-10-30,,,,,40.2,51.0,36.0,,,,,,0.01
2000-10-31,,,,,40.6,48.0,36.0,,,,,,0.0
2000-11-01,,,,,40.8,47.0,37.0,,,,,,0.05
2000-11-02,,,,,44.1,47.0,40.0,,,,,,0.02
2000-11-03,,,,,50.1,60.0,41.0,,,,,,0.0
2000-11-04,,,,,42.4,54.0,33.0,,,,,,0.03
2000-11-05,,,,,38.3,44.0,34.0,,,,,,0.02
2000-11-06,,,,,35.2,43.0,32.0,,,,,,0.01
2000-11-07,,,,,39.7,44.0,34.0,,,,,,0.09
2000-11-08,,,,,33.6,42.0,30.0,,,,,,0.13
2000-11-09,,,,,30.5,35.0,29.0,,,,,,0.01
2000-11-10,,,,,29.5,37.0,25.0,,,,,,0.1
2000-11-11,,,,,30.2,41.0,25.0,,,,,,0.11
2000-11-12,,,,,32.0,42.0,28.0,,,,,,0.04
2000-11-13,,,,,29.0,31.0,28.0,,,,,,0.0
2000-11-14,,,,,29.9,32.0,28.0,,,,,,0.0
2000-11-15,,,,,30.9,34.0,29.0,,,,,,0.0
2000-11-16,,,,,35.7,45.0,29.0,,,,,,0.14
2000-11-17,,,,,44.7,54.0,38.0,,,,,,0.09
2000-11-18,,,,,46.8,56.0,40.0,,,,,,0.02
2000-11-19,,,,,43.3,48.0,38.0,,,,,,0.0
2000-11-20,,,,,47.7,55.0,44.0,,,,,,0.0
2000-11-21,,,,,41.6,50.0,34.0,,,,,,0.0
2000-11-22,,,,,43.7,54.0,35.0,,,,,,0.0
2000-11-23,,,,,39.1,43.0,36.0,,,,,,0.07
2000-11-24,,,,,37.8,45.0,32.0,,,,,,0.0
2000-11-25,,,,,38.0,44.0,35.0,,,,,,0.03
2000-11-26,,,,,38.3,41.0,36.0,,,,,,0.01
2000-11-27,,,,,35.4,38.0,33.0,,,,,,0.03
2000-11-28,,,,,43.0,49.0,38.0,,,,,,0.0
2000-11-29,,,,,34.7,42.0,32.0,,,,,,0.3
2000-11-30,,,,,36.1,41.0,33.0,,,,,,0.0
2000-12-01,,,,,38.9,44.0,35.0,,,,,,0.0
2000-12-02,,,,,43.5,49.0,38.0,,,,,,0.0
2000-12-03,,,,,49.1,56.0,43.0,,,,,,0.0
2000-12-04,,,,,52.8,61.0,46.0,,,,,,0.0
2000-12-05,,,,,56.8,68.0,51.0,,,,,,0.0
2000-12-06,,,,,55.0,61.0,52.0,,,,,,0.0
2000-12-07,,,,,48.2,53.0,46.0,,,,,,0.0
2000-12-08,,,,,43.6,48.0,38.0,,,,,,0.0
2000-12-09,,,,,34.4,38.0,31.0,,,,,,0.0
2000-12-10,,,,,30.8,38.0,26.0,,,,,,0.04
2000-12-11,,,,,32.7,38.0,30.0,,,,,,0.0
2000-12-12,,,,,30.5,32.0,29.0,,,,,,0.01
2000-12-13,,,,,32.2,35.0,31.0,,,,,,0.38
2000-12-14,,,,,34.3,38.0,31.0,,,,,,0.03
2000-12-15,,,,,31.8,34.0,30.0,,,,,,0.03
2000-12-16,,,,,37.0,45.0,30.0,,,,,,0.13
2000-12-17,,,,,30.8,38.0,27.0,,,,,,0.11
2000-12-18,,,,,46.2,54.0,32.0,,,,,,0.0
2000-12-19,,,,,44.2,48.0,42.0,,,,,,0.0
2000-12-20,,,,,41.4,43.0,39.0,,,,,,0.05
2000-12-21,,,,,36.4,43.0,32.0,,,,,,0.48
2000-12-22,,,,,35.4,38.0,32.0,,,,,,0.52
2000-12-23,,,,,33.7,36.0,31.0,,,,,,0.11
2000-12-24,,,,,33.3,38.0,29.0,,,,,,0.0
2000-12-25,,,,,42.0,47.0,35.0,,,,,,0.0
2000-12-26,,,,,49.7,56.0,45.0,,,,,,0.0
2000-12-27,,,,,47.6,54.0,45.0,,,,,,0.0
2000-12-28,,,,,50.8,56.0,44.0,,,,,,0.0
2000-12-29,,,,,47.3,52.0,43.0,,,,,,0.0
2000-12-30,,,,,46.0,53.0,39.0,,,,,,0.0
2000-12-31,,,,,43.1,50.0,40.0,,,,,,0.0
2001-01-01,,,,,51.6,60.0,44.0,,,,,,0.0
2001-01-02,,,,,53.8,58.0,50.0,,,,,,0.0
2001-01-03,,,,,48.6,51.0,46.0,,,,,,0.0
2001-01-04,,,,,50.3,56.0,46.0,,,,,,0.0
2001-01-05,,,,,45.0,52.0,39.0,,,,,,0.0
2001-01-06,,,,,47.9,59.0,41.0,,,,,,0.0
2001-01-07,,,,,46.0,52.0,41.0,,,,,,0.0
2001-01-08,,,,,34.4,38.0,31.0,,,,,,0.19
2001-01-09,,,,,30.7,33.0,30.0,,,,,,0.0
2001-01-10,,,,,32.0,35.0,29.0,,,,,,0.05
2001-01-11,,,,,35.1,41.0,32.0,,,,,,0.08
2001-01-12,,,,,32.9,43.0,30.0,,,,,,0.0
2001-01-13,,,,,30.2,34.0,28.0,,,,,,0.01
2001-01-14,,,,,29.4,32.0,27.0,,,,,,0.0
2001-01-15,,,,,27.9,33.0,25.0,,,,,,0.0
2001-01-16,,,,,29.0,37.0,22.0,,,,,,0.0
2001-01-17,,,,,39.8,47.0,33.0,,,,,,0.01
2001-01-18,,,,,41.2,43.0,38.0,,,,,,0.31
2001-01-19,,,,,39.0,47.0,34.0,,,,,,0.0
2001-01-20,,,,,41.6,48.0,39.0,,,,,,0.0
2001-01-21,,,,,42.3,47.0,38.0,,,,,,0.01
2001-01-22,,,,,47.0,57.0,43.0,,,,,,0.0
2001-01-23,,,,,39.8,45.0,32.0,,,,,,0.16
2001-01-24,,,,,30.2,34.0,28.0,,,,,,0.01
2001-01-25,,,,,28.6,32.0,26.0,,,,,,0.0
2001-01-26,,,,,33.4,45.0,28.0,,,,,,0.16
2001-01-27,,,,,35.9,47.0,26.0,,,,,,0.11
2001-01-28,,,,,38.0,41.0,32.0,,,,,,0.0
2001-01-29,,,,,28.2,31.0,25.0,,,,,,0.0
2001-01-30,,,,,30.0,38.0,24.0,,,,,,0.04
2001-01-31,,,,,38.3,45.0,30.0,,,,,,0.12
2001-02-01,,,,,41.2,46.0,39.0,,,,,,0.0
2001-02-02,,,,,36.0,40.0,33.0,,,,,,0.05
2001-02-03,,,,,37.2,43.0,33.0,,,,,,0.16
2001-02-04,,,,,42.6,48.0,38.0,,,,,,0.01
2001-02-05,,,,,31.9,37.0,27.0,,,,,,0.07
2001-02-06,,,,,26.1,30.0,24.0,,,,,,0.0
2001-02-07,,,,,24.0,31.0,21.0,,,,,,0.0
2001-02-08,,,,,26.3,30.0,23.0,,,,,,0.0
2001-02-09,,,,,29.1,34.0,25.0,,,,,,0.05
2001-02-10,,,,,27.8,29.0,26.0,,,,,,0.01
2001-02-11,,,,,26.8,36.0,23.0,,,,,,0.0
2001-02-12,,,,,30.0,44.0,22.0,,,,,,0.06
2001-02-13,,,,,35.2,49.0,28.0,,,,,,0.1
2001-02-14,,,,,38.9,51.0,32.0,,,,,,0.13
2001-02-15,,,,,36.1,45.0,33.0,,,,,,0.01
2001-02-16,,,,,37.6,48.0,33.0,,,,,,0.0
2001-02-17,,,,,37.7,48.0,32.0,,,,,,0.08
2001-02-18,,,,,35.4,40.0,32.0,,,,,,0.16
2001-02-19,,,,,39.7,50.0,36.0,,,,,,0.0
2001-02-20,,,,,36.6,43.0,34.0,,,,,,0.1
2001-02-21,,,,,33.8,41.0,30.0,,,,,,0.15
2001-02-22,,,,,30.7,34.0,29.0,,,,,,0.03
2001-02-23,,,,,31.8,38.0,29.0,,,,,,0.11
2001-02-24,,,,,33.0,42.0,29.0,,,,,,0.17
2001-02-25,,,,,39.2,49.0,32.0,,,,,,0.08
2001-02-26,,,,,40.6,50.0,36.0,,,,,,0.0
2001-02-27,,,,,46.4,58.0,38.0,,,,,,0.0
2001-02-28,,,,,44.2,51.0,39.0,,,,,,0.0
2001-03-01,,,,,36.2,41.0,32.0,,,,,,0.03
2001-03-02,,,,,29.3,33.0,26.0,,,,,,0.06
2001-03-03,,,,,28.7,34.0,24.0,,,,,,0.0
2001-03-04,,,,,35.6,43.0,30.0,,,,,,0.3
2001-03-05,,,,,42.7,50.0,38.0,,,,,,0.01
2001-03-06,,,,,51.6,63.0,41.0,,,,,,0.0
2001-03-07,,,,,50.4,61.0,36.0,,,,,,0.0
2001-03-08,,,,,33.2,38.0,29.0,,,,,,0.02
2001-03-09,,,,,31.0,37.0,28.0,,,,,,0.17
2001-03-10,,,,,31.3,36.0,28.0,,,,,,0.01
2001-03-11,,,,,32.4,41.0,29.0,,,,,,0.0
2001-03-12,,,,,42.6,54.0,31.0,,,,,,0.0
2001-03-13,,,,,42.0,57.0,29.0,,,,,,0.0
2001-03-14,,,,,36.5,48.0,26.0,,,,,,0.0
2001-03-15,,,,,35.4,40.0,29.0,,,,,,0.05
2001-03-16,,,,,31.7,39.0,25.0,,,,,,0.04
2001-03-17,,,,,39.8,45.0,31.0,,,,,,0.29
2001-03-18,,,,,45.2,49.0,43.0,,,,,,0.01
2001-03-19,,,,,41.6,53.0,37.0,,,,,,0.0
2001-03-20,,,,,44.2,53.0,36.0,,,,,,0.0
2001-03-21,,,,,53.5,63.0,44.0,,,,,,0.0
2001-03-22,,,,,55.3,63.0,49.0,,,,,,0.0
2001-03-23,,,,,54.7,69.0,48.0,,,,,,0.0
2001-03-24,,,,,45.8,55.0,37.0,,,,,,0.48
2001-03-25,,,,,34.8,39.0,31.0,,,,,,0.12
2001-03-26,,,,,35.2,44.0,29.0,,,,,,0.0
2001-03-27,,,,,37.0,42.0,32.0,,,,,,0.47
2001-03-28,,,,,41.8,47.0,40.0,,,,,,0.12
2001-03-29,,,,,43.8,55.0,37.0,,,,,,0.0
2001-03-30,,,,,46.1,57.0,38.0,,,,,,0.0
2001-03-31,,,,,44.3,54.0,35.0,,,,,,0.0
2001-04-01,,,,,33.5,41.0,27.0,,,,,,0.01
2001-04-02,,,,,27.6,32.0,25.0,,,,,,0.13
2001-04-03,,,,,28.8,39.0,25.0,,,,,,0.18
2001-04-04,,,,,34.8,46.0,25.0,,,,,,0.18
2001-04-05,,,,,38.3,50.0,31.0,,,,,,0.0
2001-04-06,,,,,30.1,34.0,27.0,,,,,,0.0
2001-04-07,,,,,27.9,38.0,24.0,,,,,,0.13
2001-04-08,,,,,29.2,37.0,26.0,,,,,,0.2
2001-04-09,,,,,32.0,43.0,25.0,,,,,,0.33
2001-04-10,,,,,32.4,37.0,29.0,,,,,,0.22
2001-04-11,,,,,32.9,40.0,29.0,,,,,,0.28
2001-04-12,,,,,31.3,37.0,28.0,,,,,,0.06
2001-04-13,,,,,31.1,38.0,27.0,,,,,,0.03
2001-04-14,,,,,37.8,52.0,26.0,,,,,,0.0
2001-04-15,,,,,44.8,57.0,34.0,,,,,,0.0
2001-04-16,,,,,44.8,59.0,35.0,,,,,,0.28
2001-04-17,,,,,41.6,54.0,34.0,,,,,,0.0
2001-04-18,,,,,35.8,41.0,32.0,,,,,,0.3
2001-04-19,,,,,34.1,43.0,30.0,,,,,,0.11
2001-04-20,,,,,36.7,49.0,30.0,,,,,,0.14
2001-04-21,,,,,40.1,50.0,34.0,,,,,,0.0
2001-04-22,,,,,41.4,50.0,34.0,,,,,,0.0
2001-04-23,,,,,48.8,60.0,40.0,,,,,,0.0
2001-04-24,,,,,57.2,71.0,46.0,,,,,,0.0
2001-04-25,,,,,62.3,74.0,53.0,,,,,,0.0
2001-04-26,,,,,57.0,69.0,47.0,,,,,,0.01
2001-04-27,,,,,44.5,57.0,33.0,,,,,,0.04
2001-04-28,,,,,35.9,46.0,32.0,,,,,,0.09
2001-04-29,,,,,40.0,53.0,31.0,,,,,,0.0
2001-04-30,,,,,42.2,48.0,31.0,,,,,,0.05
2001-05-01,,,,,33.1,39.0,29.0,,,,,,0.09
2001-05-02,,,,,38.5,52.0,28.0,,,,,,0.0
2001-05-03,,,,,51.0,65.0,36.0,,,,,,0.0
2001-05-04,,,,,54.8,69.0,40.0,,,,,,0.0
2001-05-05,,,,,42.0,55.0,33.0,,,,,,0.0
2001-05-06,,,,,53.1,67.0,39.0,,,,,,0.0
2001-05-07,,,,,63.1,77.0,52.0,,,,,,0.0
2001-05-08,,,,,58.2,69.0,44.0,,,,,,0.0
2001-05-09,,,,,51.4,64.0,43.0,,,,,,0.0
2001-05-10,,,,,56.9,67.0,43.0,,,,,,0.0
2001-05-11,,,,,67.3,80.0,57.0,,,,,,0.0
2001-05-12,,,,,57.3,69.0,39.0,,,,,,0.0
2001-05-13,,,,,50.9,67.0,38.0,,,,,,0.0
2001-05-14,,,,,41.8,45.0,38.0,,,,,,0.32
2001-05-15,,,,,43.8,47.0,39.0,,,,,,0.37
2001-05-16,,,,,43.0,56.0,33.0,,,,,,0.0
2001-05-17,,,,,47.3,57.0,39.0,,,,,,0.0
2001-05-18,,,,,46.8,61.0,37.0,,,,,,0.0
2001-05-19,,,,,56.1,71.0,45.0,,,,,,0.0
2001-05-20,,,,,54.7,68.0,43.0,,,,,,0.0
2001-05-21,,,,,68.3,80.0,51.0,,,,,,0.0
2001-05-22,,,,,77.3,92.0,67.0,,,,,,0.0
2001-05-23,,,,,71.0,84.0,58.0,,,,,,0.0
2001-05-24,,,,,66.1,77.0,53.0,,,,,,0.0
2001-05-25,,,,,62.3,75.0,53.0,,,,,,0.0
2001-05-26,,,,,62.2,78.0,52.0,,,,,,0.0
2001-05-27,,,,,52.1,63.0,41.0,,,,,,0.0
2001-05-28,,,,,43.8,57.0,34.0,,,,,,0.0
2001-05-29,,,,,47.2,64.0,32.0,,,,,,0.0
2001-05-30,,,,,62.2,78.0,45.0,,,,,,0.0
2001-05-31,,,,,71.9,89.0,55.0,,,,,,0.0
2001-06-01,,,,,46.0,54.0,34.0,,,,,,0.0
2001-06-02,,,,,39.5,52.0,32.0,,,,,,0.0
2001-06-03,,,,,40.3,50.0,32.0,,,,,,0.07
2001-06-04,,,,,45.0,58.0,36.0,,,,,,0.15
2001-06-05,,,,,42.4,53.0,37.0,,,,,,0.07
2001-06-06,,,,,52.9,69.0,40.0,,,,,,0.0
2001-06-07,,,,,59.1,74.0,48.0,,,,,,0.0
2001-06-08,,,,,57.2,72.0,45.0,,,,,,0.0
2001-06-09,,,,,48.8,60.0,43.0,,,,,,0.02
2001-06-10,,,,,48.2,57.0,40.0,,,,,,0.0
2001-06-11,,,,,46.6,56.0,42.0,,,,,,0.08
2001-06-12,,,,,45.7,59.0,36.0,,,,,,0.02
2001-06-13,,,,,53.2,69.0,39.0,,,,,,0.0
2001-06-14,,,,,53.9,68.0,43.0,,,,,,0.0
2001-06-15,,,,,49.3,63.0,40.0,,,,,,0.0
2001-06-16,,,,,52.4,68.0,41.0,,,,,,0.0
2001-06-17,,,,,52.4,66.0,41.0,,,,,,0.0
2001-06-18,,,,,54.0,71.0,43.0,,,,,,0.0
2001-06-19,,,,,59.3,77.0,45.0,,,,,,0.0
2001-06-20,,,,,65.1,81.0,53.0,,,,,,0.0
2001-06-21,,,,,65.9,81.0,52.0,,,,,,0.0
2001-06-22,,,,,61.4,76.0,49.0,,,,,,0.0
2001-06-23,,,,,49.6,62.0,43.0,,,,,,0.0
2001-06-24,,,,,44.4,52.0,40.0,,,,,,0.08
2001-06-25,,,,,50.0,60.0,40.0,,,,,,0.0
2001-06-26,,,,,51.1,55.0,46.0,,,,,,0.78
2001-06-27,,,,,51.6,60.0,47.0,,,,,,0.52
2001-06-28,,,,,51.5,61.0,47.0,,,,,,0.0
2001-06-29,,,,,54.6,68.0,47.0,,,,,,0.0
2001-06-30,,,,,56.2,69.0,45.0,,,,,,0.0
2001-07-01,,,,,59.1,74.0,44.0,,,,,,0.0
2001-07-02,,,,,64.5,79.0,54.0,,,,,,0.0
2001-07-03,,,,,67.6,84.0,55.0,,,,,,0.0
2001-07-04,,,,,66.2,81.0,52.0,,,,,,0.0
2001-07-05,,,,,54.7,70.0,46.0,,,,,,0.0
2001-07-06,,,,,57.5,75.0,44.0,,,,,,0.0
2001-07-07,,,,,63.5,79.0,49.0,,,,,,0.0
2001-07-08,,,,,71.2,85.0,59.0,,,,,,0.0
2001-07-09,,,,,73.4,86.0,63.0,,,,,,0.0
2001-07-10,,,,,64.8,76.0,58.0,,,,,,0.09
2001-07-11,,,,,63.2,73.0,58.0,,,,,,0.04
2001-07-12,,,,,66.2,80.0,56.0,,,,,,0.0
2001-07-13,,,,,63.4,78.0,50.0,,,,,,0.0
2001-07-14,,,,,58.3,75.0,46.0,,,,,,0.0
2001-07-15,,,,,51.6,66.0,41.0,,,,,,0.0
2001-07-16,,,,,49.7,64.0,43.0,,,,,,0.0
2001-07-17,,,,,51.8,68.0,41.0,,,,,,0.0
2001-07-18,,,,,58.0,73.0,48.0,,,,,,0.0
2001-07-19,,,,,55.3,70.0,48.0,,,,,,0.0
2001-07-20,,,,,52.0,67.0,45.0,,,,,,0.0
2001-07-21,,,,,57.3,73.0,45.0,,,,,,0.0
2001-07-22,,,,,62.1,77.0,49.0,,,,,,0.0
2001-07-23,,,,,63.8,81.0,51.0,,,,,,0.0
2001-07-24,,,,,64.6,79.0,55.0,,,,,,0.0
2001-07-25,,,,,63.7,81.0,52.0,,,,,,0.0
2001-07-26,,,,,63.0,81.0,50.0,,,,,,0.0
2001-07-27,,,,,61.1,78.0,47.0,,,,,,0.0
2001-07-28,,,,,56.7,72.0,47.0,,,,,,0.0
2001-07-29,,,,,53.4,65.0,46.0,,,,,,0.3
2001-07-30,,,,,51.2,57.0,48.0,,,,,,0.19
2001-07-31,,,,,57.1,71.0,46.0,,,,,,0.0
2001-08-01,,,,,62.2,77.0,53.0,,,,,,0.0
2001-08-02,,,,,64.0,80.0,52.0,,,,,,0.0
2001-08-03,,,,,58.5,70.0,50.0,,,,,,0.0
2001-08-04,,,,,54.2,69.0,49.0,,,,,,0.0
2001-08-05,,,,,63.6,81.0,51.0,,,,,,0.0
2001-08-06,,,,,66.6,83.0,55.0,,,,,,0.0
2001-08-07,,,,,61.3,76.0,53.0,,,,,,0.0
2001-08-08,,,,,69.2,83.0,56.0,,,,,,0.0
2001-08-09,,,,,79.3,94.0,69.0,,,,,,0.0
2001-08-10,,,,,73.4,88.0,61.0,,,,,,0.0
2001-08-11,,,,,72.9,87.0,63.0,,,,,,0.0
2001-08-12,,,,,73.2,86.0,60.0,,,,,,0.0
2001-08-13,,,,,68.6,81.0,56.0,,,,,,0.0
2001-08-14,,,,,65.8,79.0,56.0,,,,,,0.0
2001-08-15,,,,,68.0,80.0,56.0,,,,,,0.0
2001-08-16,,,,,62.5,77.0,53.0,,,,,,0.0
2001-08-17,,,,,62.1,78.0,47.0,,,,,,0.0
2001-08-18,,,,,52.9,67.0,47.0,,,,,,0.0
2001-08-19,,,,,56.7,74.0,45.0,,,,,,0.0
2001-08-20,,,,,55.7,74.0,45.0,,,,,,0.0
2001-08-21,,,,,55.9,70.0,46.0,,,,,,0.01
2001-08-22,,,,,52.0,57.0,50.0,,,,,,0.07
2001-08-23,,,,,53.7,66.0,46.0,,,,,,0.01
2001-08-24,,,,,56.7,73.0,45.0,,,,,,0.0
2001-08-25,,,,,64.5,81.0,54.0,,,,,,0.0
2001-08-26,,,,,65.3,81.0,56.0,,,,,,0.0
2001-08-27,,,,,65.2,81.0,53.0,,,,,,0.0
2001-08-28,,,,,64.0,80.0,53.0,,,,,,0.0
2001-08-29,,,,,60.0,75.0,52.0,,,,,,0.0
2001-08-30,,,,,62.8,79.0,53.0,,,,,,0.0
2001-08-31,,,,,60.8,77.0,49.0,,,,,,0.0
2001-09-01,,,,,61.0,76.0,52.0,,,,,,0.0
2001-09-02,,,,,61.8,77.0,51.0,,,,,,0.0
2001-09-03,,,,,63.5,80.0,52.0,,,,,,0.0
2001-09-04,,,,,59.2,75.0,44.0,,,,,,0.0
2001-09-05,,,,,47.9,62.0,38.0,,,,,,0.0
2001-09-06,,,,,51.5,69.0,40.0,,,,,,0.0
2001-09-07,,,,,55.6,72.0,44.0,,,,,,0.0
2001-09-08,,,,,67.5,81.0,52.0,,,,,,0.0
2001-09-09,,,,,71.6,84.0,59.0,,,,,,0.0
2001-09-10,,,,,65.4,77.0,56.0,,,,,,0.0
2001-09-11,,,,,67.2,78.0,59.0,,,,,,0.0
2001-09-12,,,,,61.5,74.0,56.0,,,,,,0.0
2001-09-13,,,,,65.1,78.0,57.0,,,,,,0.0
2001-09-14,,,,,70.9,85.0,61.0,,,,,,0.0
2001-09-15,,,,,66.7,82.0,56.0,,,,,,0.0
2001-09-16,,,,,63.0,78.0,52.0,,,,,,0.0
2001-09-17,,,,,63.6,77.0,54.0,,,,,,0.0
2001-09-18,,,,,59.7,73.0,46.0,,,,,,0.0
2001-09-19,,,,,56.8,69.0,45.0,,,,,,0.0
2001-09-20,,,,,65.2,77.0,56.0,,,,,,0.0
2001-09-21,,,,,64.5,77.0,56.0,,,,,,0.0
2001-09-22,,,,,70.6,83.0,61.0,,,,,,0.0
2001-09-23,,,,,70.0,86.0,58.0,,,,,,0.0
2001-09-24,,,,,62.8,82.0,50.0,,,,,,0.11
2001-09-25,,,,,49.3,56.0,46.0,,,,,,0.84
2001-09-26,,,,,43.8,46.0,41.0,,,,,,0.18
2001-09-27,,,,,45.8,57.0,41.0,,,,,,0.0
2001-09-28,,,,,52.0,65.0,42.0,,,,,,0.0
2001-09-29,,,,,61.5,71.0,54.0,,,,,,0.0
2001-09-30,,,,,72.1,85.0,59.0,,,,,,0.0
2001-10-01,,,,,75.6,86.0,64.0,,,,,,0.0
2001-10-02,,,,,65.2,75.0,54.0,,,,,,0.0
2001-10-03,,,,,69.2,83.0,56.0,,,,,,0.0
2001-10-04,,,,,68.0,79.0,59.0,,,,,,0.0
2001-10-05,,,,,57.6,68.0,42.0,,,,,,0.0
2001-10-06,,,,,46.4,56.0,40.0,,,,,,0.0
2001-10-07,,,,,51.2,56.0,46.0,,,,,,0.0
2001-10-08,,,,,43.3,47.0,38.0,,,,,,0.09
2001-10-09,,,,,44.0,53.0,35.0,,,,,,0.0
2001-10-10,,,,,51.0,59.0,49.0,,,,,,0.23
2001-10-11,,,,,44.0,53.0,39.0,,,,,,0.28
2001-10-12,,,,,52.4,65.0,41.0,,,,,,0.0
2001-10-13,,,,,52.4,61.0,45.0,,,,,,0.01
2001-10-14,,,,,56.3,67.0,47.0,,,,,,0.0
2001-10-15,,,,,63.6,73.0,56.0,,,,,,0.0
2001-10-16,,,,,52.1,62.0,37.0,,,,,,0.04
2001-10-17,,,,,38.8,50.0,34.0,,,,,,0.01
2001-10-18,,,,,51.7,63.0,38.0,,,,,,0.0
2001-10-19,,,,,56.5,72.0,47.0,,,,,,0.0
2001-10-20,,,,,55.0,67.0,46.0,,,,,,0.0
2001-10-21,,,,,48.8,59.0,43.0,,,,,,0.0
2001-10-22,,,,,44.6,48.0,36.0,,,,,,0.23
2001-10-23,,,,,35.2,40.0,31.0,,,,,,0.21
2001-10-24,,,,,40.4,52.0,31.0,,,,,,0.0
2001-10-25,,,,,52.0,63.0,42.0,,,,,,0.0
2001-10-26,,,,,57.2,71.0,52.0,,,,,,0.0
2001-10-27,,,,,43.9,52.0,35.0,,,,,,0.14
2001-10-28,,,,,40.2,43.0,36.0,,,,,,0.02
2001-10-29,,,,,44.4,47.0,42.0,,,,,,0.06
2001-10-30,,,,,44.2,47.0,41.0,,,,,,0.51
2001-10-31,,,,,42.7,44.0,41.0,,,,,,0.09
2001-11-01,,,,,44.5,47.0,41.0,,,,,,0.0
2001-11-02,,,,,49.4,58.0,43.0,,,,,,0.0
2001-11-03,,,,,56.5,66.0,49.0,,,,,,0.0
2001-11-04,,,,,51.7,61.0,44.0,,,,,,0.0
2001-11-05,,,,,38.7,45.0,35.0,,,,,,0.05
2001-11-06,,,,,36.5,46.0,32.0,,,,,,0.0
2001-11-07,,,,,44.1,56.0,34.0,,,,,,0.0
2001-11-08,,,,,54.8,62.0,46.0,,,,,,0.0
2001-11-09,,,,,57.4,65.0,52.0,,,,,,0.0
2001-11-10,,,,,54.5,64.0,48.0,,,,,,0.0
2001-11-11,,,,,49.2,58.0,46.0,,,,,,0.03
2001-11-12,,,,,43.6,49.0,40.0,,,,,,0.64
2001-11-13,,,,,41.2,47.0,36.0,,,,,,0.25
2001-11-14,,,,,46.5,48.0,45.0,,,,,,0.02
2001-11-15,,,,,45.5,47.0,44.0,,,,,,0.94
2001-11-16,,,,,38.5,44.0,34.0,,,,,,0.76
2001-11-17,,,,,36.1,41.0,32.0,,,,,,0.0
2001-11-18,,,,,43.8,52.0,36.0,,,,,,0.01
2001-11-19,,,,,45.2,50.0,39.0,,,,,,0.38
2001-11-20,,,,,38.2,41.0,35.0,,,,,,0.66
2001-11-21,,,,,38.0,43.0,36.0,,,,,,0.59
2001-11-22,,,,,34.5,38.0,31.0,,,,,,0.48
2001-11-23,,,,,33.0,35.0,31.0,,,,,,0.08
2001-11-24,,,,,30.5,32.0,29.0,,,,,,0.0
2001-11-25,,,,,30.4,32.0,29.0,,,,,,0.0
2001-11-26,,,,,30.7,43.0,25.0,,,,,,0.09
2001-11-27,,,,,27.9,32.0,24.0,,,,,,0.0
2001-11-28,,,,,34.6,38.0,28.0,,,,,,2.7
2001-11-29,,,,,30.4,32.0,29.0,,,,,,0.03
2001-11-30,,,,,32.1,34.0,29.0,,,,,,0.41
2001-12-01,,,,,32.0,36.0,30.0,,,,,,0.21
2001-12-02,,,,,30.9,36.0,29.0,,,,,,0.0
2001-12-03,,,,,29.0,34.0,26.0,,,,,,0.0
2001-12-04,,,,,29.1,33.0,27.0,,,,,,0.0
2001-12-05,,,,,36.2,40.0,31.0,,,,,,1.16
2001-12-06,,,,,36.6,40.0,35.0,,,,,,0.06
2001-12-07,,,,,42.0,49.0,33.0,,,,,,0.0
2001-12-08,,,,,39.8,48.0,29.0,,,,,,0.0
2001-12-09,,,,,28.0,30.0,24.0,,,,,,0.0
2001-12-10,,,,,29.4,32.0,25.0,,,,,,0.0
2001-12-11,,,,,32.2,34.0,29.0,,,,,,0.17
2001-12-12,,,,,32.7,36.0,30.0,,,,,,0.58
2001-12-13,,,,,36.8,39.0,31.0,,,,,,1.27
2001-12-14,,,,,26.6,31.0,25.0,,,,,,0.0
2001-12-15,,,,,30.6,36.0,26.0,,,,,,0.41
2001-12-16,,,,,38.5,40.0,37.0,,,,,,1.1
2001-12-17,,,,,31.4,36.0,29.0,,,,,,0.04
2001-12-18,,,,,30.5,33.0,28.0,,,,,,0.0
2001-12-19,,,,,34.2,36.0,32.0,,,,,,0.26
2001-12-20,,,,,34.4,42.0,30.0,,,,,,0.09
2001-12-21,,,,,31.8,37.0,28.0,,,,,,0.0
2001-12-22,,,,,31.7,34.0,31.0,,,,,,0.0
2001-12-23,,,,,33.5,41.0,30.0,,,,,,0.14
2001-12-24,,,,,36.4,45.0,32.0,,,,,,0.02
2001-12-25,,,,,36.8,43.0,32.0,,,,,,0.01
2001-12-26,,,,,39.7,44.0,35.0,,,,,,0.0
2001-12-27,,,,,41.0,47.0,37.0,,,,,,0.57
2001-12-28,,,,,40.1,49.0,35.0,,,,,,0.01
2001-12-29,,,,,39.4,44.0,37.0,,,,,,0.54
2001-12-30,,,,,41.5,46.0,39.0,,,,,,0.42
2001-12-31,,,,,40.1,43.0,38.0,,,,,,0.06
2002-01-01,,,,,42.7,45.0,39.0,,,,,,0.06
2002-01-02,,,,,37.7,42.0,33.0,,,,,,0.41
2002-01-03,,,,,32.9,37.0,31.0,,,,,,0.01
2002-01-04,,,,,38.3,46.0,32.0,,,,,,0.0
2002-01-05,,,,,41.5,45.0,38.0,,,,,,0.68
2002-01-06,,,,,45.1,49.0,41.0,,,,,,0.99
2002-01-07,,,,,46.2,49.0,44.0,,,,,,0.82
2002-01-08,,,,,40.7,46.0,36.0,,,,,,0.21
2002-01-09,,,,,38.4,42.0,34.0,,,,,,0.0
2002-01-10,,,,,48.0,53.0,43.0,,,,,,0.0
2002-01-11,,,,,49.8,55.0,40.0,,,,,,0.0
2002-01-12,,,,,35.6,41.0,32.0,,,,,,0.02
2002-01-13,,,,,28.6,31.0,24.0,,,,,,0.01
2002-01-14,,,,,26.6,31.0,24.0,,,,,,0.02
2002-01-15,,,,,25.8,31.0,23.0,,,,,,0.01
2002-01-16,,,,,32.1,40.0,28.0,,,,,,0.0
2002-01-17,,,,,27.7,31.0,25.0,,,,,,0.02
2002-01-18,,,,,29.1,36.0,25.0,,,,,,0.0
2002-01-19,,,,,27.7,31.0,26.0,,,,,,0.02
2002-01-20,,,,,31.3,35.0,26.0,,,,,,0.0
2002-01-21,,,,,27.2,33.0,23.0,,,,,,0.01
2002-01-22,,,,,25.7,29.0,23.0,,,,,,0.02
2002-01-23,,,,,29.2,33.0,26.0,,,,,,0.01
2002-01-24,,,,,33.7,35.0,31.0,,,,,,0.0
2002-01-25,,,,,32.8,35.0,29.0,,,,,,0.01
2002-01-26,,,,,24.9,29.0,22.0,,,,,,0.0
2002-01-27,,,,,22.6,27.0,20.0,,,,,,0.0
2002-01-28,,,,,24.6,35.0,20.0,,,,,,0.0
2002-01-29,,,,,23.0,31.0,19.0,,,,,,0.01
2002-01-30,,,,,26.4,34.0,20.0,,,,,,0.0
2002-01-31,,,,,28.7,31.0,26.0,,,,,,0.0
2002-02-01,,,,,31.8,35.0,30.0,,,,,,0.0
2002-02-02,,,,,34.0,41.0,29.0,,,,,,0.09
2002-02-03,,,,,34.7,45.0,30.0,,,,,,0.2
2002-02-04,,,,,44.8,55.0,35.0,,,,,,0.01
2002-02-05,,,,,36.2,42.0,31.0,,,,,,0.0
2002-02-06,,,,,36.2,41.0,33.0,,,,,,0.09
2002-02-07,,,,,32.6,36.0,27.0,,,,,,1.08
2002-02-08,,,,,31.2,39.0,28.0,,,,,,0.23
2002-02-09,,,,,38.7,54.0,27.0,,,,,,0.02
2002-02-10,,,,,44.8,54.0,33.0,,,,,,0.0
2002-02-11,,,,,36.7,43.0,31.0,,,,,,0.01
2002-02-12,,,,,47.4,57.0,39.0,,,,,,0.0
2002-02-13,,,,,40.4,48.0,30.0,,,,,,0.0
2002-02-14,,,,,44.4,59.0,32.0,,,,,,0.0
2002-02-15,,,,,43.2,58.0,36.0,,,,,,0.0
2002-02-16,,,,,38.2,51.0,33.0,,,,,,0.15
2002-02-17,,,,,34.6,38.0,32.0,,,,,,0.0
2002-02-18,,,,,34.7,38.0,32.0,,,,,,0.0
2002-02-19,,,,,36.7,39.0,34.0,,,,,,0.0
2002-02-20,,,,,43.1,48.0,39.0,,,,,,0.0
2002-02-21,,,,,46.2,49.0,44.0,,,,,,0.0
2002-02-22,,,,,48.5,59.0,35.0,,,,,,0.0
2002-02-23,,,,,35.5,42.0,32.0,,,,,,0.0
2002-02-24,,,,,31.7,39.0,29.0,,,,,,0.02
2002-02-25,,,,,46.1,58.0,35.0,,,,,,0.0
2002-02-26,,,,,45.8,57.0,34.0,,,,,,0.0
2002-02-27,,,,,44.3,58.0,31.0,,,,,,0.0
2002-02-28,,,,,30.0,40.0,26.0,,,,,,0.01
2002-03-01,,,,,32.5,44.0,26.0,,,,,,0.01
2002-03-02,,,,,38.8,52.0,29.0,,,,,,0.0
2002-03-03,,,,,44.9,57.0,37.0,,,,,,0.0
2002-03-04,,,,,45.5,58.0,36.0,,,,,,0.0
2002-03-05,,,,,34.3,37.0,32.0,,,,,,0.0
2002-03-06,,,,,35.6,40.0,27.0,,,,,,0.0
2002-03-07,,,,,24.2,30.0,18.0,,,,,,0.02
2002-03-08,,,,,26.4,37.0,17.0,,,,,,0.02
2002-03-09,,,,,31.8,39.0,29.0,,,,,,0.0
2002-03-10,,,,,35.1,38.0,31.0,,,,,,0.0
2002-03-11,,,,,38.9,42.0,37.0,,,,,,0.0
2002-03-12,,,,,30.7,37.0,26.0,,,,,,0.01
2002-03-13,,,,,28.2,33.0,25.0,,,,,,0.0
2002-03-14,,,,,28.2,39.0,21.0,,,,,,0.04
2002-03-15,,,,,25.9,35.0,23.0,,,,,,0.07
2002-03-16,,,,,24.6,30.0,22.0,,,,,,0.01
2002-03-17,,,,,25.5,34.0,21.0,,,,,,0.0
2002-03-18,,,,,27.0,32.0,19.0,,,,,,0.0
2002-03-19,,,,,41.2,55.0,32.0,,,,,,0.0
2002-03-20,,,,,48.7,57.0,44.0,,,,,,0.0
2002-03-21,,,,,48.9,64.0,42.0,,,,,,0.0
2002-03-22,,,,,42.0,50.0,35.0,,,,,,0.0
2002-03-23,,,,,36.6,44.0,32.0,,,,,,0.0
2002-03-24,,,,,33.5,41.0,31.0,,,,,,0.0
2002-03-25,,,,,40.4,55.0,31.0,,,,,,0.0
2002-03-26,,,,,40.5,52.0,31.0,,,,,,0.0
2002-03-27,,,,,36.8,49.0,31.0,,,,,,0.0
2002-03-28,,,,,41.1,54.0,31.0,,,,,,0.0
2002-03-29,,,,,46.0,56.0,38.0,,,,,,0.0
2002-03-30,,,,,52.7,66.0,40.0,,,,,,0.0
2002-03-31,,,,,49.3,62.0,37.0,,,,,,0.0
2002-04-01,,,,,45.0,57.0,34.0,,,,,,0.0
2002-04-02,,,,,53.8,67.0,42.0,,,,,,0.0
2002-04-03,,,,,53.5,65.0,43.0,,,,,,0.0
2002-04-04,,,,,59.2,69.0,50.0,,,,,,0.0
2002-04-05,,,,,41.7,47.0,39.0,,,,,,0.0
2002-04-06,,,,,40.8,46.0,36.0,,,,,,0.0
2002-04-07,,,,,44.4,58.0,35.0,,,,,,0.0
2002-04-08,,,,,50.8,65.0,41.0,,,,,,0.0
2002-04-09,,,,,41.9,47.0,40.0,,,,,,0.0
2002-04-10,,,,,42.2,53.0,38.0,,,,,,0.0
2002-04-11,,,,,44.5,55.0,39.0,,,,,,0.0
2002-04-12,,,,,51.0,65.0,41.0,,,,,,0.0
2002-04-13,,,,,51.2,54.0,48.0,,,,,,0.0
2002-04-14,,,,,35.6,47.0,27.0,,,,,,0.0
2002-04-15,,,,,29.8,34.0,27.0,,,,,,0.0
2002-04-16,,,,,29.5,36.0,27.0,,,,,,0.11
2002-04-17,,,,,30.1,38.0,27.0,,,,,,0.06
2002-04-18,,,,,33.4,43.0,28.0,,,,,,0.0
2002-04-19,,,,,35.8,45.0,32.0,,,,,,0.0
2002-04-20,,,,,38.6,51.0,32.0,,,,,,0.0
2002-04-21,,,,,44.7,58.0,32.0,,,,,,0.0
2002-04-22,,,,,48.0,61.0,38.0,,,,,,0.0
2002-04-23,,,,,41.6,57.0,31.0,,,,,,0.0
2002-04-24,,,,,51.1,65.0,38.0,,,,,,0.0
2002-04-25,,,,,48.4,63.0,33.0,,,,,,0.0
2002-04-26,,,,,34.6,44.0,29.0,,,,,,0.0
2002-04-27,,,,,32.0,41.0,28.0,,,,,,0.0
2002-04-28,,,,,41.8,54.0,31.0,,,,,,0.0
2002-04-29,,,,,44.8,57.0,37.0,,,,,,0.0
2002-04-30,,,,,36.1,38.0,34.0,,,,,,0.0
2002-05-01,,,,,42.6,55.0,34.0,,,,,,0.0
2002-05-02,,,,,48.0,62.0,34.0,,,,,,0.0
2002-05-03,,,,,39.4,53.0,31.0,,,,,,0.0
2002-05-04,,,,,49.0,62.0,36.0,,,,,,0.0
2002-05-05,,,,,41.6,52.0,33.0,,,,,,0.0
2002-05-06,,,,,35.4,50.0,28.0,,,,,,0.0
2002-05-07,,,,,36.0,50.0,26.0,,,,,,0.0
2002-05-08,,,,,44.3,59.0,33.0,,,,,,0.0
2002-05-09,,,,,34.5,44.0,30.0,,,,,,0.0
2002-05-10,,,,,38.7,53.0,31.0,,,,,,0.0
2002-05-11,,,,,51.1,66.0,36.0,,,,,,0.0
2002-05-12,,,,,60.6,75.0,50.0,,,,,,0.0
2002-05-13,,,,,42.8,53.0,36.0,,,,,,0.0
2002-05-14,,,,,44.4,60.0,35.0,,,,,,0.0
2002-05-15,,,,,45.4,59.0,34.0,,,,,,0.0
2002-05-16,,,,,54.2,70.0,44.0,,,,,,0.0
2002-05-17,,,,,48.5,61.0,39.0,,,,,,0.0
2002-05-18,,,,,43.4,50.0,37.0,,,,,,0.0
2002-05-19,,,,,,,,,,,,,
2002-05-20,,,,,,,,,,,,,
2002-05-21,,,,,,,,,,,,,
2002-05-22,,,,,,,,,,,,,
2002-05-23,,,,,54.7,65.0,46.0,,,,,,0.0
2002-05-24,,,,,48.0,48.0,48.0,,,,,,0.0
2002-05-25,,,,,,,,,,,,,
2002-05-26,,,,,,,,,,,,,
2002-05-27,,,,,,,,,,,,,
2002-05-28,,,,,,,,,,,,,
2002-05-29,,,,,,,,,,,,,
2002-05-30,,,,,,,,,,,,,
2002-05-31,,,,,,,,,,,,,
2002-06-01,,,,,,,,,,,,,
2002-06-02,,,,,,,,,,,,,
2002-06-03,,,,,,,,,,,,,
2002-06-04,,,,,,,,,,,,,
2002-06-05,,,,,,,,,,,,,
2002-06-06,,,,,,,,,,,,,
2002-06-07,,,,,,,,,,,,,
2002-06-08,,,,,,,,,,,,,
2002-06-09,,,,,,,,,,,,,
2002-06-10,,,,,,,,,,,,,
2002-06-11,,,,,,,,,,,,,
2002-06-12,,,,,,,,,,,,,
2002-06-13,,,,,,,,,,,,,
2002-06-14,,,,,,,,,,,,,
2002-06-15,,,,,,,,,,,,,
2002-06-16,,,,,,,,,,,,,
2002-06-17,,,,,,,,,,,,,
2002-06-18,,,,,,,,,,,,,
2002-06-19,,,,,,,,,,,,,
2002-06-20,,,,,,,,,,,,,
2002-06-21,,,,,,,,,,,,,
2002-06-22,,,,,,,,,,,,,
2002-06-23,,,,,,,,,,,,,
2002-06-24,,,,,,,,,,,,,
2002-06-25,,,,,,,,,,,,,
2002-06-26,,,,,,,,,,,,,
2002-06-27,,,,,,,,,,,,,
2002-06-28,,,,,,,,,,,,,
2002-06-29,,,,,,,,,,,,,
2002-06-30,,,,,,,,,,,,,
2002-07-01,,,,,,,,,,,,,
2002-07-02,,,,,,,,,,,,,
2002-07-03,,,,,,,,,,,,,
2002-07-04,,,,,,,,,,,,,
2002-07-05,,,,,,,,,,,,,
2002-07-06,,,,,,,,,,,,,
2002-07-07,,,,,,,,,,,,,
2002-07-08,,,,,,,,,,,,,
2002-07-09,,,,,,,,,,,,,
2002-07-10,,,,,,,,,,,,,
2002-07-11,,,,,,,,,,,,,
2002-07-12,,,,,,,,,,,,,
2002-07-13,,,,,,,,,,,,,
2002-07-14,,,,,,,,,,,,,
2002-07-15,,,,,,,,,,,,,
2002-07-16,,,,,,,,,,,,,
2002-07-17,,,,,,,,,,,,,
2002-07-18,,,,,,,,,,,,,
2002-07-19,,,,,,,,,,,,,
2002-07-20,,,,,,,,,,,,,
2002-07-21,,,,,,,,,,,,,
2002-07-22,,,,,,,,,,,,,
2002-07-23,,,,,,,,,,,,,
2002-07-24,,,,,,,,,,,,,
2002-07-25,,,,,,,,,,,,,
2002-07-26,,,,,,,,,,,,,
2002-07-27,,,,,,,,,,,,,
2002-07-28,,,,,,,,,,,,,
2002-07-29,,,,,,,,,,,,,
2002-07-30,,,,,,,,,,,,,
2002-07-31,,,,,,,,,,,,,
2002-08-01,,,,,,,,,,,,,
2002-08-02,,,,,,,,,,,,,
2002-08-03,,,,,,,,,,,,,
2002-08-04,,,,,,,,,,,,,
2002-08-05,,,,,,,,,,,,,
2002-08-06,,,,,,,,,,,,,
2002-08-07,,,,,,,,,,,,,
2002-08-08,,,,,,,,,,,,,
2002-08-09,,,,,,,,,,,,,
2002-08-10,,,,,,,,,,,,,
2002-08-11,,,,,73.2,86.0,60.0,,,,,,0.31
2002-08-12,,,,,75.1,90.0,61.0,,,,,,0.0
2002-08-13,,,,,83.3,99.0,70.0,,,,,,0.0
2002-08-14,,,,,78.4,96.0,65.0,,,,,,0.0
2002-08-15,,,,,76.5,93.0,63.0,,,,,,0.0
2002-08-16,,,,,73.0,88.0,62.0,,,,,,0.0
2002-08-17,,,,,66.9,84.0,53.0,,,,,,0.0
2002-08-18,,,,,61.3,76.0,50.0,,,,,,0.0
2002-08-19,,,,,58.7,74.0,47.0,,,,,,0.0
2002-08-20,,,,,52.2,69.0,45.0,,,,,,0.0
2002-08-21,,,,,53.0,70.0,43.0,,,,,,0.0
2002-08-22,,,,,63.5,79.0,50.0,,,,,,0.0
2002-08-23,,,,,64.5,80.0,54.0,,,,,,0.0
2002-08-24,,,,,63.8,79.0,52.0,,,,,,0.0
2002-08-25,,,,,57.1,74.0,49.0,,,,,,0.0
2002-08-26,,,,,58.3,75.0,49.0,,,,,,0.0
2002-08-27,,,,,63.9,79.0,48.0,,,,,,0.0
2002-08-28,,,,,72.1,86.0,62.0,,,,,,0.0
2002-08-29,,,,,64.7,81.0,48.0,,,,,,0.0
2002-08-30,,,,,56.3,74.0,44.0,,,,,,0.0
2002-08-31,,,,,60.9,81.0,47.0,,,,,,0.0
2002-09-01,,,,,67.8,84.0,56.0,,,,,,0.0
2002-09-02,,,,,69.5,85.0,55.0,,,,,,0.0
2002-09-03,,,,,51.6,61.0,41.0,,,,,,0.03
2002-09-04,,,,,49.1,64.0,39.0,,,,,,0.0
2002-09-05,,,,,50.5,68.0,40.0,,,,,,0.0
2002-09-06,,,,,48.9,65.0,41.0,,,,,,0.0
2002-09-07,,,,,49.1,67.0,39.0,,,,,,0.0
2002-09-08,,,,,56.8,71.0,45.0,,,,,,0.0
2002-09-09,,,,,65.4,80.0,54.0,,,,,,0.0
2002-09-10,,,,,66.1,78.0,59.0,,,,,,0.0
2002-09-11,,,,,71.0,85.0,61.0,,,,,,0.0
2002-09-12,,,,,71.9,85.0,63.0,,,,,,0.0
2002-09-13,,,,,74.1,89.0,65.0,,,,,,0.0
2002-09-14,,,,,65.3,76.0,57.0,,,,,,0.0
2002-09-15,,,,,57.8,67.0,47.0,,,,,,0.0
2002-09-16,,,,,53.8,63.0,46.0,,,,,,0.0
2002-09-17,,,,,50.1,54.0,48.0,,,,,,0.29
2002-09-18,,,,,55.8,67.0,48.0,,,,,,0.01
2002-09-19,,,,,63.4,77.0,50.0,,,,,,0.0
2002-09-20,,,,,57.3,70.0,49.0,,,,,,0.0
2002-09-21,,,,,67.2,82.0,48.0,,,,,,0.0
2002-09-22,,,,,74.4,87.0,66.0,,,,,,0.0
2002-09-23,,,,,72.8,83.0,59.0,,,,,,0.0
2002-09-24,,,,,65.2,79.0,55.0,,,,,,0.0
2002-09-25,,,,,65.9,78.0,54.0,,,,,,0.0
2002-09-26,,,,,62.5,73.0,47.0,,,,,,0.0
2002-09-27,,,,,51.0,65.0,43.0,,,,,,0.0
2002-09-28,,,,,57.5,72.0,46.0,,,,,,0.0
2002-09-29,,,,,43.1,51.0,37.0,,,,,,0.02
2002-09-30,,,,,40.3,46.0,38.0,,,,,,0.08
2002-10-01,,,,,41.1,54.0,35.0,,,,,,0.01
2002-10-02,,,,,46.5,60.0,37.0,,,,,,0.0
2002-10-03,,,,,46.4,51.0,40.0,,,,,,0.24
2002-10-04,,,,,47.6,51.0,43.0,,,,,,0.17
2002-10-05,,,,,51.2,62.0,47.0,,,,,,0.0
2002-10-06,,,,,55.3,70.0,46.0,,,,,,0.0
2002-10-07,,,,,58.5,71.0,49.0,,,,,,0.0
2002-10-08,,,,,55.1,67.0,48.0,,,,,,0.0
2002-10-09,,,,,55.8,69.0,42.0,,,,,,0.0
2002-10-10,,,,,43.2,54.0,35.0,,,,,,0.0
2002-10-11,,,,,41.9,54.0,32.0,,,,,,0.0
2002-10-12,,,,,59.0,75.0,44.0,,,,,,0.0
2002-10-13,,,,,64.2,77.0,58.0,,,,,,0.0
2002-10-14,,,,,67.1,78.0,57.0,,,,,,0.0
2002-10-15,,,,,68.1,81.0,60.0,,,,,,0.0
2002-10-16,,,,,69.4,81.0,59.0,,,,,,0.0
2002-10-17,,,,,67.0,80.0,56.0,,,,,,0.0
2002-10-18,,,,,54.7,64.0,48.0,,,,,,0.0
2002-10-19,,,,,53.5,65.0,47.0,,,,,,0.0
2002-10-20,,,,,47.7,53.0,45.0,,,,,,0.0
2002-10-21,,,,,48.0,60.0,43.0,,,,,,0.0
2002-10-22,,,,,54.8,67.0,45.0,,,,,,0.0
2002-10-23,,,,,52.5,64.0,44.0,,,,,,0.0
2002-10-24,,,,,40.9,47.0,37.0,,,,,,0.0
2002-10-25,,,,,42.0,55.0,35.0,,,,,,0.0
2002-10-26,,,,,39.2,53.0,35.0,,,,,,0.0
2002-10-27,,,,,45.0,55.0,38.0,,,,,,0.03
2002-10-28,,,,,41.3,50.0,37.0,,,,,,0.01
2002-10-29,,,,,36.9,46.0,32.0,,,,,,0.0
2002-10-30,,,,,37.8,51.0,29.0,,,,,,0.0
2002-10-31,,,,,40.8,53.0,34.0,,,,,,0.0
2002-11-01,,,,,42.5,54.0,31.0,,,,,,0.0
2002-11-02,,,,,49.0,60.0,42.0,,,,,,0.0
2002-11-03,,,,,53.1,65.0,46.0,,,,,,0.0
2002-11-04,,,,,51.9,62.0,46.0,,,,,,0.0
2002-11-05,,,,,50.9,60.0,46.0,,,,,,0.0
2002-11-06,,,,,50.2,57.0,46.0,,,,,,0.0
2002-11-07,,,,,40.4,48.0,37.0,,,,,,2.1
2002-11-08,,,,,36.6,39.0,35.0,,,,,,1.08
2002-11-09,,,,,35.4,37.0,34.0,,,,,,0.92
2002-11-10,,,,,35.6,39.0,32.0,,,,,,0.59
2002-11-11,,,,,40.5,45.0,37.0,,,,,,0.03
2002-11-12,,,,,42.9,46.0,39.0,,,,,,0.18
2002-11-13,,,,,40.6,46.0,38.0,,,,,,0.0
2002-11-14,,,,,45.1,54.0,40.0,,,,,,0.0
2002-11-15,,,,,48.8,51.0,45.0,,,,,,0.0
2002-11-16,,,,,41.8,45.0,37.0,,,,,,0.18
2002-11-17,,,,,38.6,47.0,35.0,,,,,,0.06
2002-11-18,,,,,41.1,48.0,38.0,,,,,,0.0
2002-11-19,,,,,51.0,61.0,43.0,,,,,,0.0
2002-11-20,,,,,60.4,68.0,54.0,,,,,,0.0
2002-11-21,,,,,58.0,61.0,55.0,,,,,,0.0
2002-11-22,,,,,51.5,56.0,45.0,,,,,,0.0
2002-11-23,,,,,47.0,60.0,42.0,,,,,,0.0
2002-11-24,,,,,41.6,43.0,38.0,,,,,,0.22
2002-11-25,,,,,44.5,57.0,31.0,,,,,,0.0
2002-11-26,,,,,56.8,68.0,47.0,,,,,,0.0
2002-11-27,,,,,56.9,69.0,50.0,,,,,,0.0
2002-11-28,,,,,55.0,64.0,51.0,,,,,,0.0
2002-11-29,,,,,52.8,59.0,50.0,,,,,,0.0
2002-11-30,,,,,50.7,61.0,45.0,,,,,,0.0
2002-12-01,,,,,43.6,50.0,39.0,,,,,,0.0
2002-12-02,,,,,45.4,57.0,40.0,,,,,,0.0
2002-12-03,,,,,43.1,49.0,40.0,,,,,,0.0
2002-12-04,,,,,43.4,47.0,39.0,,,,,,0.0
2002-12-05,,,,,48.0,53.0,43.0,,,,,,0.0
2002-12-06,,,,,49.1,57.0,45.0,,,,,,0.0
2002-12-07,,,,,48.1,56.0,43.0,,,,,,0.0
2002-12-08,,,,,45.2,52.0,42.0,,,,,,0.0
2002-12-09,,,,,41.4,45.0,37.0,,,,,,0.36
2002-12-10,,,,,35.5,37.0,34.0,,,,,,0.15
2002-12-11,,,,,38.3,42.0,35.0,,,,,,0.05
2002-12-12,,,,,41.0,46.0,36.0,,,,,,0.89
2002-12-13,,,,,40.1,45.0,36.0,,,,,,0.41
2002-12-14,,,,,39.7,44.0,34.0,,,,,,2.59
2002-12-15,,,,,34.0,37.0,31.0,,,,,,1.79
2002-12-16,,,,,32.9,37.0,31.0,,,,,,0.46
2002-12-17,,,,,29.8,31.0,28.0,,,,,,0.0
2002-12-18,,,,,28.8,30.0,27.0,,,,,,0.0
2002-12-19,,,,,29.8,32.0,29.0,,,,,,0.0
2002-12-20,,,,,31.4,34.0,29.0,,,,,,0.0
2002-12-21,,,,,32.2,34.0,31.0,,,,,,0.01
2002-12-22,,,,,32.4,35.0,31.0,,,,,,0.15
2002-12-23,,,,,32.7,39.0,28.0,,,,,,0.04
2002-12-24,,,,,31.1,34.0,29.0,,,,,,0.01
2002-12-25,,,,,33.4,37.0,30.0,,,,,,0.04
2002-12-26,,,,,36.5,41.0,33.0,,,,,,0.92
2002-12-27,,,,,38.4,43.0,32.0,,,,,,1.51
2002-12-28,,,,,31.4,32.0,29.0,,,,,,0.07
2002-12-29,,,,,30.7,33.0,29.0,,,,,,0.0
2002-12-30,,,,,35.2,37.0,31.0,,,,,,3.35
2002-12-31,,,,,32.2,36.0,30.0,,,,,,0.04
2003-01-01,,,,,34.5,40.0,31.0,,,,,,0.54
2003-01-02,,,,,38.9,43.0,35.0,,,,,,1.32
2003-01-03,,,,,43.2,47.0,38.0,,,,,,0.06
2003-01-04,,,,,42.4,47.0,37.0,,,,,,0.28
2003-01-05,,,,,46.7,60.0,36.0,,,,,,0.0
2003-01-06,,,,,52.5,64.0,45.0,,,,,,0.0
2003-01-07,,,,,54.0,60.0,50.0,,,,,,0.0
2003-01-08,,,,,56.8,67.0,50.0,,,,,,0.0
2003-01-09,,,,,45.6,53.0,41.0,,,,,,0.0
2003-01-10,,,,,39.6,48.0,37.0,,,,,,0.02
2003-01-11,,,,,39.8,43.0,37.0,,,,,,0.05
2003-01-12,,,,,40.9,43.0,39.0,,,,,,0.42
2003-01-13,,,,,41.0,42.0,39.0,,,,,,0.64
2003-01-14,,,,,37.8,41.0,35.0,,,,,,0.29
2003-01-15,,,,,40.7,47.0,34.0,,,,,,0.0
2003-01-16,,,,,54.7,66.0,47.0,,,,,,0.0
2003-01-17,,,,,58.2,71.0,52.0,,,,,,0.0
2003-01-18,,,,,54.3,65.0,48.0,,,,,,0.0
2003-01-19,,,,,51.2,61.0,45.0,,,,,,0.0
2003-01-20,,,,,48.8,55.0,45.0,,,,,,0.0
2003-01-21,,,,,42.5,48.0,38.0,,,,,,0.01
2003-01-22,,,,,43.4,46.0,40.0,,,,,,0.85
2003-01-23,,,,,41.3,46.0,39.0,,,,,,0.01
2003-01-24,,,,,41.6,44.0,39.0,,,,,,0.32
2003-01-25,,,,,46.8,48.0,44.0,,,,,,0.04
2003-01-26,,,,,47.1,49.0,44.0,,,,,,0.74
2003-01-27,,,,,39.3,44.0,36.0,,,,,,0.41
2003-01-28,,,,,40.2,46.0,35.0,,,,,,0.0
2003-01-29,,,,,42.0,45.0,39.0,,,,,,0.01
2003-01-30,,,,,48.2,50.0,46.0,,,,,,0.15
2003-01-31,,,,,45.8,50.0,37.0,,,,,,0.5
2003-02-01,,,,,33.1,36.0,32.0,,,,,,0.47
2003-02-02,,,,,33.8,40.0,32.0,,,,,,0.06
2003-02-03,,,,,33.8,42.0,28.0,,,,,,0.0
2003-02-04,,,,,34.1,45.0,28.0,,,,,,0.0
2003-02-05,,,,,37.0,48.0,29.0,,,,,,0.0
2003-02-06,,,,,35.0,48.0,27.0,,,,,,0.0
2003-02-07,,,,,38.0,51.0,28.0,,,,,,0.0
2003-02-08,,,,,41.2,52.0,34.0,,,,,,0.0
2003-02-09,,,,,43.8,54.0,36.0,,,,,,0.0
2003-02-10,,,,,41.7,51.0,34.0,,,,,,0.0
2003-02-11,,,,,48.0,56.0,42.0,,,,,,0.0
2003-02-12,,,,,49.9,59.0,43.0,,,,,,0.0
2003-02-13,,,,,41.5,49.0,37.0,,,,,,0.22
2003-02-14,,,,,40.8,49.0,37.0,,,,,,0.01
2003-02-15,,,,,36.8,40.0,32.0,,,,,,0.57
2003-02-16,,,,,31.1,32.0,29.0,,,,,,0.01
2003-02-17,,,,,32.9,37.0,31.0,,,,,,0.17
2003-02-18,,,,,34.9,40.0,32.0,,,,,,0.16
2003-02-19,,,,,34.7,40.0,32.0,,,,,,0.27
2003-02-20,,,,,34.2,38.0,31.0,,,,,,0.07
2003-02-21,,,,,38.7,42.0,35.0,,,,,,0.07
2003-02-22,,,,,34.4,45.0,30.0,,,,,,0.01
2003-02-23,,,,,40.0,52.0,32.0,,,,,,0.0
2003-02-24,,,,,41.5,54.0,33.0,,,,,,0.0
2003-02-25,,,,,40.0,53.0,29.0,,,,,,0.0
2003-02-26,,,,,34.7,39.0,30.0,,,,,,0.0
2003-02-27,,,,,33.4,44.0,30.0,,,,,,0.03
2003-02-28,,,,,33.5,40.0,30.0,,,,,,0.0
2003-03-01,,,,,37.4,47.0,32.0,,,,,,0.15
2003-03-02,,,,,37.5,47.0,32.0,,,,,,0.05
2003-03-03,,,,,33.5,42.0,30.0,,,,,,0.14
2003-03-04,,,,,33.0,40.0,29.0,,,,,,0.01
2003-03-05,,,,,36.6,51.0,32.0,,,,,,0.01
2003-03-06,,,,,34.3,38.0,32.0,,,,,,0.34
2003-03-07,,,,,35.8,39.0,33.0,,,,,,0.14
2003-03-08,,,,,38.1,49.0,34.0,,,,,,0.01
2003-03-09,,,,,40.4,43.0,36.0,,,,,,0.35
2003-03-10,,,,,45.2,58.0,41.0,,,,,,0.03
2003-03-11,,,,,43.9,51.0,40.0,,,,,,0.0
2003-03-12,,,,,46.2,54.0,41.0,,,,,,0.0
2003-03-13,,,,,40.1,49.0,34.0,,,,,,0.77
2003-03-14,,,,,39.6,50.0,34.0,,,,,,0.84
2003-03-15,,,,,35.0,39.0,32.0,,,,,,0.27
2003-03-16,,,,,34.8,44.0,31.0,,,,,,0.08
2003-03-17,,,,,34.1,41.0,31.0,,,,,,0.03
2003-03-18,,,,,39.6,52.0,31.0,,,,,,0.0
2003-03-19,,,,,36.8,40.0,35.0,,,,,,0.19
2003-03-20,,,,,36.2,43.0,33.0,,,,,,0.11
2003-03-21,,,,,37.8,43.0,33.0,,,,,,0.1
2003-03-22,,,,,37.1,42.0,31.0,,,,,,0.39
2003-03-23,,,,,33.1,45.0,29.0,,,,,,0.02
2003-03-24,,,,,39.0,52.0,30.0,,,,,,0.0
2003-03-25,,,,,38.8,42.0,34.0,,,,,,0.63
2003-03-26,,,,,33.8,40.0,30.0,,,,,,0.25
2003-03-27,,,,,35.6,48.0,28.0,,,,,,0.0
2003-03-28,,,,,44.8,58.0,34.0,,,,,,0.0
2003-03-29,,,,,59.4,71.0,47.0,,,,,,0.0
2003-03-30,,,,,64.7,73.0,58.0,,,,,,0.0
2003-03-31,,,,,40.1,52.0,31.0,,,,,,0.3
2003-04-01,,,,,31.8,36.0,26.0,,,,,,0.17
2003-04-02,,,,,27.9,37.0,24.0,,,,,,0.01
2003-04-03,,,,,30.1,36.0,26.0,,,,,,0.01
2003-04-04,,,,,30.8,38.0,27.0,,,,,,0.0
2003-04-05,,,,,30.0,35.0,26.0,,,,,,0.0
2003-04-06,,,,,33.4,38.0,30.0,,,,,,0.01
2003-04-07,,,,,43.5,58.0,34.0,,,,,,0.09
2003-04-08,,,,,46.4,62.0,38.0,,,,,,0.0
2003-04-09,,,,,46.1,57.0,38.0,,,,,,0.0
2003-04-10,,,,,44.5,54.0,36.0,,,,,,0.14
2003-04-11,,,,,40.9,52.0,35.0,,,,,,0.16
2003-04-12,,,,,37.8,46.0,33.0,,,,,,0.34
2003-04-13,,,,,35.6,47.0,32.0,,,,,,0.23
2003-04-14,,,,,35.6,45.0,30.0,,,,,,0.16
2003-04-15,,,,,35.1,40.0,31.0,,,,,,0.02
2003-04-16,,,,,37.9,47.0,32.0,,,,,,0.34
2003-04-17,,,,,35.6,44.0,32.0,,,,,,0.22
2003-04-18,,,,,36.8,49.0,30.0,,,,,,0.16
2003-04-19,,,,,45.0,62.0,33.0,,,,,,0.0
2003-04-20,,,,,41.5,55.0,32.0,,,,,,0.22
2003-04-21,,,,,34.5,37.0,31.0,,,,,,0.49
2003-04-22,,,,,37.4,44.0,34.0,,,,,,0.23
2003-04-23,,,,,35.6,43.0,30.0,,,,,,0.59
2003-04-24,,,,,31.6,38.0,28.0,,,,,,0.34
2003-04-25,,,,,31.1,35.0,29.0,,,,,,0.16
2003-04-26,,,,,33.1,39.0,29.0,,,,,,0.06
2003-04-27,,,,,40.1,50.0,31.0,,,,,,0.01
2003-04-28,,,,,39.8,54.0,33.0,,,,,,0.07
2003-04-29,,,,,39.2,49.0,33.0,,,,,,0.01
2003-04-30,,,,,40.6,51.0,33.0,,,,,,0.01
2003-05-01,,,,,48.2,61.0,36.0,,,,,,0.0
2003-05-02,,,,,48.5,58.0,40.0,,,,,,0.01
2003-05-03,,,,,38.6,44.0,34.0,,,,,,0.13
2003-05-04,,,,,34.5,40.0,30.0,,,,,,0.22
2003-05-05,,,,,38.6,51.0,29.0,,,,,,0.0
2003-05-06,,,,,41.2,53.0,33.0,,,,,,0.01
2003-05-07,,,,,35.6,46.0,30.0,,,,,,0.01
2003-05-08,,,,,34.1,40.0,30.0,,,,,,0.32
2003-05-09,,,,,36.9,46.0,31.0,,,,,,0.02
2003-05-10,,,,,42.0,51.0,36.0,,,,,,0.0
2003-05-11,,,,,42.1,49.0,38.0,,,,,,0.15
2003-05-12,,,,,46.8,60.0,37.0,,,,,,0.03
2003-05-13,,,,,59.8,74.0,48.0,,,,,,0.0
2003-05-14,,,,,50.8,64.0,40.0,,,,,,0.0
2003-05-15,,,,,38.7,46.0,30.0,,,,,,0.01
2003-05-16,,,,,36.3,48.0,29.0,,,,,,0.0
2003-05-17,,,,,35.0,46.0,30.0,,,,,,0.02
2003-05-18,,,,,39.8,54.0,27.0,,,,,,0.01
2003-05-19,,,,,52.6,67.0,37.0,,,,,,0.0
2003-05-20,,,,,54.4,67.0,44.0,,,,,,0.0
2003-05-21,,,,,59.7,72.0,47.0,,,,,,0.0
2003-05-22,,,,,61.2,74.0,52.0,,,,,,0.0
2003-05-23,,,,,65.9,80.0,53.0,,,,,,0.0
2003-05-24,,,,,57.5,67.0,49.0,,,,,,0.04
2003-05-25,,,,,46.3,49.0,43.0,,,,,,0.33
2003-05-26,,,,,53.6,68.0,40.0,,,,,,0.01
2003-05-27,,,,,63.6,79.0,52.0,,,,,,0.0
2003-05-28,,,,,60.5,70.0,52.0,,,,,,0.0
2003-05-29,,,,,60.5,71.0,51.0,,,,,,0.0
2003-05-30,,,,,49.8,58.0,44.0,,,,,,0.0
2003-05-31,,,,,52.8,68.0,43.0,,,,,,0.0
2003-06-01,,,,,56.9,73.0,45.0,,,,,,0.0
2003-06-02,,,,,52.5,67.0,43.0,,,,,,0.0
2003-06-03,,,,,60.1,75.0,46.0,,,,,,0.0
2003-06-04,,,,,69.6,81.0,56.0,,,,,,0.0
2003-06-05,,,,,75.2,88.0,62.0,,,,,,0.0
2003-06-06,,,,,75.8,88.0,63.0,,,,,,0.0
2003-06-07,,,,,71.7,84.0,58.0,,,,,,0.0
2003-06-08,,,,,65.5,78.0,52.0,,,,,,0.0
2003-06-09,,,,,57.5,71.0,46.0,,,,,,0.0
2003-06-10,,,,,53.8,68.0,43.0,,,,,,0.0
2003-06-11,,,,,56.7,69.0,46.0,,,,,,0.0
2003-06-12,,,,,55.3,67.0,48.0,,,,,,0.0
2003-06-13,,,,,48.6,56.0,41.0,,,,,,0.0
2003-06-14,,,,,50.9,67.0,40.0,,,,,,0.0
2003-06-15,,,,,55.4,72.0,41.0,,,,,,0.0
2003-06-16,,,,,62.4,77.0,49.0,,,,,,0.0
2003-06-17,,,,,63.5,79.0,47.0,,,,,,0.0
2003-06-18,,,,,49.3,58.0,45.0,,,,,,0.0
2003-06-19,,,,,47.1,57.0,41.0,,,,,,0.0
2003-06-20,,,,,49.7,61.0,41.0,,,,,,0.0
2003-06-21,,,,,47.9,61.0,40.0,,,,,,0.0
2003-06-22,,,,,47.5,61.0,38.0,,,,,,0.0
2003-06-23,,,,,46.1,58.0,40.0,,,,,,0.0
2003-06-24,,,,,51.9,69.0,40.0,,,,,,0.0
2003-06-25,,,,,61.0,77.0,47.0,,,,,,0.0
2003-06-26,,,,,70.1,87.0,57.0,,,,,,0.0
2003-06-27,,,,,72.5,89.0,61.0,,,,,,0.0
2003-06-28,,,,,78.1,95.0,65.0,,,,,,0.0
2003-06-29,,,,,71.7,87.0,51.0,,,,,,0.0
2003-06-30,,,,,55.7,70.0,46.0,,,,,,0.0
2003-07-01,,,,,52.4,68.0,43.0,,,,,,0.0
2003-07-02,,,,,55.9,72.0,43.0,,,,,,0.0
2003-07-03,,,,,59.8,75.0,45.0,,,,,,0.0
2003-07-04,,,,,63.1,79.0,51.0,,,,,,0.0
2003-07-05,,,,,62.7,79.0,50.0,,,,,,0.0
2003-07-06,,,,,62.1,79.0,50.0,,,,,,0.0
2003-07-07,,,,,59.3,76.0,43.0,,,,,,0.0
2003-07-08,,,,,60.0,78.0,42.0,,,,,,0.0
2003-07-09,,,,,70.2,85.0,55.0,,,,,,0.0
2003-07-10,,,,,69.5,83.0,57.0,,,,,,0.0
2003-07-11,,,,,67.8,83.0,57.0,,,,,,0.0
2003-07-12,,,,,64.2,79.0,52.0,,,,,,0.0
2003-07-13,,,,,59.7,76.0,50.0,,,,,,0.0
2003-07-14,,,,,63.7,82.0,49.0,,,,,,0.0
2003-07-15,,,,,60.6,75.0,49.0,,,,,,0.0
2003-07-16,,,,,58.0,75.0,48.0,,,,,,0.0
2003-07-17,,,,,66.4,84.0,50.0,,,,,,0.0
2003-07-18,,,,,70.8,86.0,58.0,,,,,,0.0
2003-07-19,,,,,69.9,88.0,59.0,,,,,,0.0
2003-07-20,,,,,72.9,88.0,59.0,,,,,,0.0
2003-07-21,,,,,74.3,90.0,64.0,,,,,,0.0
2003-07-22,,,,,72.8,87.0,62.0,,,,,,0.0
2003-07-23,,,,,70.2,86.0,59.0,,,,,,0.0
2003-07-24,,,,,62.4,77.0,52.0,,,,,,0.0
2003-07-25,,,,,64.2,80.0,53.0,,,,,,0.0
2003-07-26,,,,,66.5,81.0,52.0,,,,,,0.0
2003-07-27,,,,,78.2,93.0,64.0,,,,,,0.0
2003-07-28,,,,,83.6,98.0,71.0,,,,,,0.0
2003-07-29,,,,,82.6,97.0,73.0,,,,,,0.0
2003-07-30,,,,,79.3,94.0,64.0,,,,,,0.0
2003-07-31,,,,,73.3,89.0,63.0,,,,,,0.0
2003-08-01,,,,,71.2,82.0,61.0,,,,,,0.0
2003-08-02,,,,,61.5,69.0,55.0,,,,,,0.26
2003-08-03,,,,,61.8,72.0,57.0,,,,,,0.36
2003-08-04,,,,,63.7,81.0,54.0,,,,,,0.0
2003-08-05,,,,,56.0,70.0,48.0,,,,,,0.0
2003-08-06,,,,,56.0,69.0,47.0,,,,,,0.1
2003-08-07,,,,,58.1,74.0,47.0,,,,,,0.0
2003-08-08,,,,,59.9,75.0,50.0,,,,,,0.0
2003-08-09,,,,,58.6,74.0,52.0,,,,,,0.0
2003-08-10,,,,,58.3,75.0,49.0,,,,,,0.0
2003-08-11,,,,,55.9,70.0,46.0,,,,,,0.0
2003-08-12,,,,,56.7,74.0,46.0,,,,,,0.0
2003-08-13,,,,,61.2,78.0,49.0,,,,,,0.0
2003-08-14,,,,,69.8,89.0,58.0,,,,,,0.0
2003-08-15,,,,,61.3,77.0,49.0,,,,,,0.0
2003-08-16,,,,,64.3,81.0,50.0,,,,,,0.0
2003-08-17,,,,,69.0,85.0,54.0,,,,,,0.0
2003-08-18,,,,,69.7,86.0,55.0,,,,,,0.0
2003-08-19,,,,,62.8,79.0,52.0,,,,,,0.0
2003-08-20,,,,,68.0,83.0,52.0,,,,,,0.0
2003-08-21,,,,,74.2,88.0,63.0,,,,,,0.0
2003-08-22,,,,,58.8,70.0,48.0,,,,,,0.01
2003-08-23,,,,,60.0,76.0,48.0,,,,,,0.0
2003-08-24,,,,,68.6,82.0,58.0,,,,,,0.0
2003-08-25,,,,,71.7,87.0,59.0,,,,,,0.0
2003-08-26,,,,,59.0,70.0,50.0,,,,,,0.0
2003-08-27,,,,,58.2,76.0,48.0,,,,,,0.0
2003-08-28,,,,,63.4,78.0,54.0,,,,,,0.0
2003-08-29,,,,,65.2,79.0,51.0,,,,,,0.0
2003-08-30,,,,,71.0,85.0,59.0,,,,,,0.0
2003-08-31,,,,,64.3,82.0,52.0,,,,,,0.0
2003-09-01,,,,,63.7,78.0,49.0,,,,,,0.0
2003-09-02,,,,,81.5,98.0,70.0,,,,,,0.0
2003-09-03,,,,,77.3,90.0,71.0,,,,,,0.0
2003-09-04,,,,,78.0,93.0,70.0,,,,,,0.0
2003-09-05,,,,,76.5,90.0,66.0,,,,,,0.0
2003-09-06,,,,,65.6,77.0,53.0,,,,,,0.0
2003-09-07,,,,,50.1,55.0,44.0,,,,,,0.48
2003-09-08,,,,,47.3,56.0,42.0,,,,,,0.02
2003-09-09,,,,,47.2,54.0,41.0,,,,,,0.64
2003-09-10,,,,,53.5,67.0,44.0,,,,,,0.0
2003-09-11,,,,,59.9,73.0,52.0,,,,,,0.0
2003-09-12,,,,,52.5,65.0,46.0,,,,,,0.0
2003-09-13,,,,,59.9,69.0,47.0,,,,,,0.0
2003-09-14,,,,,64.6,75.0,51.0,,,,,,0.0
2003-09-15,,,,,51.0,64.0,40.0,,,,,,0.0
2003-09-16,,,,,42.0,48.0,38.0,,,,,,0.12
2003-09-17,,,,,48.3,61.0,38.0,,,,,,0.0
2003-09-18,,,,,60.5,74.0,49.0,,,,,,0.0
2003-09-19,,,,,59.8,70.0,51.0,,,,,,0.0
2003-09-20,,,,,58.9,71.0,50.0,,,,,,0.0
2003-09-21,,,,,61.0,74.0,50.0,,,,,,0.0
2003-09-22,,,,,69.2,81.0,58.0,,,,,,0.0
2003-09-23,,,,,68.9,80.0,58.0,,,,,,0.0
2003-09-24,,,,,76.0,87.0,67.0,,,,,,0.0
2003-09-25,,,,,71.7,83.0,63.0,,,,,,0.0
2003-09-26,,,,,78.9,92.0,67.0,,,,,,0.0
2003-09-27,,,,,79.4,94.0,69.0,,,,,,0.0
2003-09-28,,,,,71.8,89.0,49.0,,,,,,0.0
2003-09-29,,,,,51.4,62.0,47.0,,,,,,0.01
2003-09-30,,,,,57.0,70.0,49.0,,,,,,0.0
2003-10-01,,,,,57.0,70.0,50.0,,,,,,0.0
2003-10-02,,,,,55.5,64.0,49.0,,,,,,0.0
2003-10-03,,,,,65.8,78.0,56.0,,,,,,0.0
2003-10-04,,,,,60.2,71.0,55.0,,,,,,0.0
2003-10-05,,,,,61.9,73.0,54.0,,,,,,0.0
2003-10-06,,,,,61.2,75.0,52.0,,,,,,0.0
2003-10-07,,,,,53.5,64.0,47.0,,,,,,0.01
2003-10-08,,,,,48.0,56.0,39.0,,,,,,0.0
2003-10-09,,,,,41.4,50.0,36.0,,,,,,0.09
2003-10-10,,,,,44.0,56.0,35.0,,,,,,0.01
2003-10-11,,,,,43.7,46.0,41.0,,,,,,0.06
2003-10-12,,,,,44.1,56.0,38.0,,,,,,0.0
2003-10-13,,,,,50.0,64.0,36.0,,,,,,0.0
2003-10-14,,,,,45.9,57.0,38.0,,,,,,0.0
2003-10-15,,,,,45.5,48.0,43.0,,,,,,0.03
2003-10-16,,,,,53.1,66.0,44.0,,,,,,0.0
2003-10-17,,,,,58.0,69.0,49.0,,,,,,0.0
2003-10-18,,,,,58.8,72.0,49.0,,,,,,0.0
2003-10-19,,,,,52.6,58.0,47.0,,,,,,0.0
2003-10-20,,,,,59.4,66.0,54.0,,,,,,0.0
2003-10-21,,,,,66.5,77.0,59.0,,,,,,0.0
2003-10-22,,,,,52.3,63.0,43.0,,,,,,0.09
2003-10-23,,,,,44.1,55.0,40.0,,,,,,0.01
2003-10-24,,,,,52.0,59.0,44.0,,,,,,0.0
2003-10-25,,,,,64.6,80.0,52.0,,,,,,0.0
2003-10-26,,,,,71.0,83.0,61.0,,,,,,0.0
2003-10-27,,,,,66.9,78.0,56.0,,,,,,0.0
2003-10-28,,,,,60.5,71.0,50.0,,,,,,0.0
2003-10-29,,,,,36.3,48.0,31.0,,,,,,0.15
2003-10-30,,,,,32.6,40.0,26.0,,,,,,0.01
2003-10-31,,,,,30.9,42.0,23.0,,,,,,0.0
2003-11-01,,,,,36.3,47.0,29.0,,,,,,0.0
2003-11-02,,,,,30.5,34.0,27.0,,,,,,0.01
2003-11-03,,,,,30.6,35.0,28.0,,,,,,0.03
2003-11-04,,,,,29.5,31.0,28.0,,,,,,0.0
2003-11-05,,,,,35.8,45.0,32.0,,,,,,0.35
2003-11-06,,,,,35.8,38.0,33.0,,,,,,0.14
2003-11-07,,,,,41.9,52.0,38.0,,,,,,0.05
2003-11-08,,,,,40.9,48.0,36.0,,,,,,0.1
2003-11-09,,,,,41.8,51.0,36.0,,,,,,0.02
2003-11-10,,,,,40.8,45.0,39.0,,,,,,0.02
2003-11-11,,,,,40.4,43.0,39.0,,,,,,0.1
2003-11-12,,,,,42.1,52.0,36.0,,,,,,0.0
2003-11-13,,,,,44.8,54.0,39.0,,,,,,0.0
2003-11-14,,,,,41.2,49.0,37.0,,,,,,0.01
2003-11-15,,,,,36.0,38.0,32.0,,,,,,0.28
2003-11-16,,,,,37.5,41.0,35.0,,,,,,0.25
2003-11-17,,,,,37.9,40.0,36.0,,,,,,0.1
2003-11-18,,,,,43.8,49.0,39.0,,,,,,0.0
2003-11-19,,,,,37.6,45.0,28.0,,,,,,0.21
2003-11-20,,,,,28.4,32.0,26.0,,,,,,0.0
2003-11-21,,,,,27.6,30.0,25.0,,,,,,0.0
2003-11-22,,,,,25.5,34.0,18.0,,,,,,0.0
2003-11-23,,,,,32.8,42.0,26.0,,,,,,0.0
2003-11-24,,,,,29.6,34.0,26.0,,,,,,0.04
2003-11-25,,,,,29.8,32.0,27.0,,,,,,0.0
2003-11-26,,,,,32.0,36.0,30.0,,,,,,0.02
2003-11-27,,,,,37.2,43.0,30.0,,,,,,0.26
2003-11-28,,,,,42.0,46.0,38.0,,,,,,0.43
2003-11-29,,,,,42.6,44.0,41.0,,,,,,0.74
2003-11-30,,,,,40.8,44.0,39.0,,,,,,0.09
2003-12-01,,,,,40.6,47.0,38.0,,,,,,0.08
2003-12-02,,,,,41.5,45.0,39.0,,,,,,0.0
2003-12-03,,,,,40.4,43.0,38.0,,,,,,0.21
2003-12-04,,,,,45.0,46.0,44.0,,,,,,0.01
2003-12-05,,,,,,,,,,,,,
2003-12-06,,,,,35.3,40.0,33.0,,,,,,1.72
2003-12-07,,,,,,,,,,,,,
2003-12-08,,,,,33.2,34.0,32.0,,,,,,0.08
2003-12-09,,,,,,,,,,,,,
2003-12-10,,,,,,,,,,,,,
2003-12-11,,,,,,,,,,,,,
2003-12-12,,,,,,,,,,,,,
2003-12-13,,,,,,,,,,,,,
2003-12-14,,,,,,,,,,,,,
2003-12-15,,,,,,,,,,,,,
2003-12-16,,,,,36.0,38.0,35.0,,,,,,2.6
2003-12-17,,,,,43.6,51.0,37.0,,,,,,0.48
2003-12-18,,,,,48.0,57.0,43.0,,,,,,0.0
2003-12-19,,,,,44.9,48.0,39.0,,,,,,0.01
2003-12-20,,,,,,,,,,,,,
2003-12-21,,,,,,,,,,,,,
2003-12-22,,,,,,,,,,,,,
2003-12-23,,,,,,,,,,,,,
2003-12-24,,,,,30.7,32.0,30.0,,,,,,1.12
2003-12-25,,,,,28.9,30.0,28.0,,,,,,0.0
2003-12-26,,,,,27.5,32.0,25.0,,,,,,0.0
2003-12-27,,,,,28.0,30.0,24.0,,,,,,0.0
2003-12-28,,,,,29.8,32.0,29.0,,,,,,0.0
2003-12-29,,,,,30.6,33.0,25.0,,,,,,0.07
2003-12-30,,,,,30.3,33.0,28.0,,,,,,0.0
2003-12-31,,,,,29.3,32.0,27.0,,,,,,0.0
2004-01-01,,,,,28.4,31.0,26.0,,,,,,0.0
2004-01-02,,,,,24.9,32.0,21.0,,,,,,0.0
2004-01-03,,,,,25.9,31.0,22.0,,,,,,0.0
2004-01-04,,,,,27.4,32.0,25.0,,,,,,0.0
2004-01-05,,,,,28.9,34.0,26.0,,,,,,0.0
2004-01-06,,,,,31.4,32.0,30.0,,,,,,0.0
2004-01-07,,,,,35.8,37.0,35.0,,,,,,1.39
2004-01-08,,,,,40.0,43.0,38.0,,,,,,0.79
2004-01-09,,,,,41.6,44.0,38.0,,,,,,0.08
2004-01-10,,,,,41.3,43.0,39.0,,,,,,0.12
2004-01-11,,,,,45.7,56.0,41.0,,,,,,0.0
2004-01-12,,,,,42.4,46.0,40.0,,,,,,0.11
2004-01-13,,,,,45.5,54.0,39.0,,,,,,0.0
2004-01-14,,,,,42.9,46.0,40.0,,,,,,0.09
2004-01-15,,,,,40.8,47.0,39.0,,,,,,0.0
2004-01-16,,,,,40.7,46.0,36.0,,,,,,0.0
2004-01-17,,,,,43.9,49.0,40.0,,,,,,0.0
2004-01-18,,,,,40.6,46.0,39.0,,,,,,0.1
2004-01-19,,,,,37.2,40.0,34.0,,,,,,0.21
2004-01-20,,,,,37.5,47.0,32.0,,,,,,0.01
2004-01-21,,,,,41.5,50.0,34.0,,,,,,0.0
2004-01-22,,,,,45.3,54.0,41.0,,,,,,0.0
2004-01-23,,,,,39.9,43.0,37.0,,,,,,0.59
2004-01-24,,,,,31.7,38.0,27.0,,,,,,0.08
2004-01-25,,,,,28.8,32.0,27.0,,,,,,0.03
2004-01-26,,,,,29.6,32.0,28.0,,,,,,0.0
2004-01-27,,,,,36.0,38.0,32.0,,,,,,0.37
2004-01-28,,,,,37.9,41.0,35.0,,,,,,0.17
2004-01-29,,,,,41.0,44.0,39.0,,,,,,0.09
2004-01-30,,,,,29.8,33.0,27.0,,,,,,0.1
2004-01-31,,,,,28.2,31.0,25.0,,,,,,0.0
2004-02-01,,,,,34.2,37.0,31.0,,,,,,0.53
2004-02-02,,,,,34.1,37.0,32.0,,,,,,0.08
2004-02-03,,,,,35.0,41.0,30.0,,,,,,0.09
2004-02-04,,,,,33.7,40.0,31.0,,,,,,0.04
2004-02-05,,,,,38.9,43.0,34.0,,,,,,0.0
2004-02-06,,,,,34.5,40.0,30.0,,,,,,0.25
2004-02-07,,,,,31.4,39.0,29.0,,,,,,0.16
2004-02-08,,,,,30.0,37.0,26.0,,,,,,0.06
2004-02-09,,,,,37.0,49.0,28.0,,,,,,0.09
2004-02-10,,,,,48.6,59.0,38.0,,,,,,0.0
2004-02-11,,,,,51.6,61.0,43.0,,,,,,0.0
2004-02-12,,,,,47.1,63.0,36.0,,,,,,0.0
2004-02-13,,,,,39.8,47.0,34.0,,,,,,0.07
2004-02-14,,,,,34.5,41.0,32.0,,,,,,0.23
2004-02-15,,,,,37.0,43.0,32.0,,,,,,0.08
2004-02-16,,,,,36.8,39.0,34.0,,,,,,1.04
2004-02-17,,,,,38.0,42.0,32.0,,,,,,1.59
2004-02-18,,,,,35.3,42.0,33.0,,,,,,0.06
2004-02-19,,,,,35.3,43.0,31.0,,,,,,0.01
2004-02-20,,,,,39.6,51.0,31.0,,,,,,0.0
2004-02-21,,,,,38.8,48.0,36.0,,,,,,0.0
2004-02-22,,,,,38.3,45.0,34.0,,,,,,0.04
2004-02-23,,,,,37.0,46.0,34.0,,,,,,0.05
2004-02-24,,,,,33.8,39.0,31.0,,,,,,0.18
2004-02-25,,,,,34.2,41.0,30.0,,,,,,0.3
2004-02-26,,,,,31.4,34.0,30.0,,,,,,0.0
2004-02-27,,,,,32.6,37.0,30.0,,,,,,0.24
2004-02-28,,,,,32.7,36.0,30.0,,,,,,0.16
2004-02-29,,,,,31.1,32.0,30.0,,,,,,0.0
2004-03-01,,,,,32.7,35.0,31.0,,,,,,0.23
2004-03-02,,,,,36.3,48.0,32.0,,,,,,0.45
2004-03-03,,,,,34.4,38.0,32.0,,,,,,0.15
2004-03-04,,,,,33.7,37.0,32.0,,,,,,0.06
2004-03-05,,,,,35.0,37.0,31.0,,,,,,0.1
2004-03-06,,,,,41.6,52.0,36.0,,,,,,0.01
2004-03-07,,,,,55.1,67.0,44.0,,,,,,0.0
2004-03-08,,,,,60.3,73.0,50.0,,,,,,0.0
2004-03-09,,,,,50.5,60.0,42.0,,,,,,0.0
2004-03-10,,,,,47.7,57.0,38.0,,,,,,0.0
2004-03-11,,,,,53.5,64.0,43.0,,,,,,0.0
2004-03-12,,,,,48.9,58.0,40.0,,,,,,0.0
2004-03-13,,,,,51.8,65.0,43.0,,,,,,0.0
2004-03-14,,,,,52.1,61.0,44.0,,,,,,0.0
2004-03-15,,,,,52.0,63.0,43.0,,,,,,0.0
2004-03-16,,,,,55.1,67.0,47.0,,,,,,0.0
2004-03-17,,,,,56.1,70.0,48.0,,,,,,0.0
2004-03-18,,,,,47.4,61.0,32.0,,,,,,0.0
2004-03-19,,,,,38.8,50.0,28.0,,,,,,0.0
2004-03-20,,,,,61.0,74.0,47.0,,,,,,0.0
2004-03-21,,,,,58.8,68.0,50.0,,,,,,0.0
2004-03-22,,,,,52.0,64.0,43.0,,,,,,0.0
2004-03-23,,,,,45.1,60.0,36.0,,,,,,0.0
2004-03-24,,,,,39.5,49.0,35.0,,,,,,0.12
2004-03-25,,,,,33.2,37.0,29.0,,,,,,0.24
2004-03-26,,,,,32.3,36.0,28.0,,,,,,0.28
2004-03-27,,,,,40.6,53.0,35.0,,,,,,0.09
2004-03-28,,,,,54.5,70.0,39.0,,,,,,0.0
2004-03-29,,,,,54.2,69.0,41.0,,,,,,0.0
2004-03-30,,,,,33.7,41.0,29.0,,,,,,0.46
2004-03-31,,,,,34.0,47.0,28.0,,,,,,0.11
2004-04-01,,,,,37.4,50.0,29.0,,,,,,0.01
2004-04-02,,,,,46.8,58.0,33.0,,,,,,0.0
2004-04-03,,,,,53.8,66.0,39.0,,,,,,0.0
2004-04-04,,,,,47.3,59.0,39.0,,,,,,0.0
2004-04-05,,,,,38.1,42.0,36.0,,,,,,0.01
2004-04-06,,,,,41.6,51.0,36.0,,,,,,0.0
2004-04-07,,,,,47.5,60.0,40.0,,,,,,0.0
2004-04-08,,,,,46.5,58.0,39.0,,,,,,0.0
2004-04-09,,,,,55.8,66.0,47.0,,,,,,0.0
2004-04-10,,,,,61.8,75.0,51.0,,,,,,0.0
2004-04-11,,,,,59.4,75.0,43.0,,,,,,0.0
2004-04-12,,,,,43.1,60.0,36.0,,,,,,0.0
2004-04-13,,,,,37.1,43.0,33.0,,,,,,0.08
2004-04-14,,,,,34.2,41.0,29.0,,,,,,0.09
2004-04-15,,,,,34.1,41.0,29.0,,,,,,0.12
2004-04-16,,,,,37.4,48.0,32.0,,,,,,0.07
2004-04-17,,,,,35.8,44.0,32.0,,,,,,0.06
2004-04-18,,,,,34.2,40.0,31.0,,,,,,0.07
2004-04-19,,,,,37.0,45.0,32.0,,,,,,0.45
2004-04-20,,,,,34.0,36.0,32.0,,,,,,0.54
2004-04-21,,,,,35.5,39.0,33.0,,,,,,0.38
2004-04-22,,,,,46.8,61.0,32.0,,,,,,0.01
2004-04-23,,,,,46.9,55.0,40.0,,,,,,0.0
2004-04-24,,,,,48.1,58.0,36.0,,,,,,0.0
2004-04-25,,,,,63.8,79.0,50.0,,,,,,0.0
2004-04-26,,,,,70.5,83.0,62.0,,,,,,0.0
2004-04-27,,,,,62.0,65.0,58.0,,,,,,0.0
2004-04-28,,,,,,,,,,,,,
2004-04-29,,,,,,,,,,,,,
2004-04-30,,,,,,,,,,,,,
2004-05-01,,,,,,,,,,,,,
2004-05-02,,,,,,,,,,,,,
2004-05-03,,,,,,,,,,,,,
2004-05-04,,,,,,,,,,,,,
2004-05-05,,,,,,,,,,,,,
2004-05-06,,,,,52.5,64.0,43.0,,,,,,0.05
2004-05-07,,,,,43.6,52.0,40.0,,,,,,0.22
2004-05-08,,,,,43.6,56.0,37.0,,,,,,0.05
2004-05-09,,,,,42.9,57.0,37.0,,,,,,0.05
2004-05-10,,,,,38.8,43.0,37.0,,,,,,0.2
2004-05-11,,,,,39.0,45.0,34.0,,,,,,0.25
2004-05-12,,,,,46.3,59.0,38.0,,,,,,0.0
2004-05-13,,,,,51.6,66.0,43.0,,,,,,0.0
2004-05-14,,,,,52.5,65.0,43.0,,,,,,0.0
2004-05-15,,,,,46.7,55.0,40.0,,,,,,0.0
2004-05-16,,,,,47.0,59.0,39.0,,,,,,0.0
2004-05-17,,,,,44.8,54.0,41.0,,,,,,0.53
2004-05-18,,,,,41.6,43.0,40.0,,,,,,0.3
2004-05-19,,,,,47.5,61.0,41.0,,,,,,0.01
2004-05-20,,,,,52.8,69.0,44.0,,,,,,0.0
2004-05-21,,,,,45.7,60.0,40.0,,,,,,0.0
2004-05-22,,,,,43.6,56.0,38.0,,,,,,0.0
2004-05-23,,,,,44.8,58.0,36.0,,,,,,0.0
2004-05-24,,,,,53.0,67.0,41.0,,,,,,0.0
2004-05-25,,,,,57.8,70.0,47.0,,,,,,0.0
2004-05-26,,,,,56.3,68.0,50.0,,,,,,0.0
2004-05-27,,,,,47.1,49.0,43.0,,,,,,0.22
2004-05-28,,,,,40.9,45.0,36.0,,,,,,0.37
2004-05-29,,,,,43.1,52.0,36.0,,,,,,0.02
2004-05-30,,,,,49.2,64.0,41.0,,,,,,0.0
2004-05-31,,,,,50.5,66.0,40.0,,,,,,0.0
2004-06-01,,,,,54.0,68.0,43.0,,,,,,0.0
2004-06-02,,,,,53.2,63.0,44.0,,,,,,0.0
2004-06-03,,,,,60.6,75.0,49.0,,,,,,0.0
2004-06-04,,,,,63.0,77.0,50.0,,,,,,0.0
2004-06-05,,,,,50.8,61.0,42.0,,,,,,0.04
2004-06-06,,,,,43.9,54.0,39.0,,,,,,0.07
2004-06-07,,,,,41.2,49.0,38.0,,,,,,0.28
2004-06-08,,,,,41.9,46.0,38.0,,,,,,0.53
2004-06-09,,,,,45.1,49.0,43.0,,,,,,0.09
2004-06-10,,,,,43.4,50.0,41.0,,,,,,0.08
2004-06-11,,,,,45.0,57.0,38.0,,,,,,0.01
2004-06-12,,,,,49.6,61.0,41.0,,,,,,0.0
2004-06-13,,,,,50.8,66.0,43.0,,,,,,0.0
2004-06-14,,,,,48.9,65.0,39.0,,,,,,0.0
2004-06-15,,,,,54.4,68.0,42.0,,,,,,0.0
2004-06-16,,,,,63.6,78.0,50.0,,,,,,0.0
2004-06-17,,,,,70.9,85.0,59.0,,,,,,0.0
2004-06-18,,,,,66.9,79.0,56.0,,,,,,0.0
2004-06-19,,,,,66.5,78.0,55.0,,,,,,0.0
2004-06-20,,,,,65.5,78.0,55.0,,,,,,0.0
2004-06-21,,,,,66.8,78.0,56.0,,,,,,0.0
2004-06-22,,,,,52.8,59.0,46.0,,,,,,0.0
2004-06-23,,,,,54.5,68.0,47.0,,,,,,0.01
2004-06-24,,,,,56.2,68.0,50.0,,,,,,0.0
2004-06-25,,,,,58.9,74.0,48.0,,,,,,0.0
2004-06-26,,,,,56.7,71.0,48.0,,,,,,0.0
2004-06-27,,,,,55.8,71.0,47.0,,,,,,0.0
2004-06-28,,,,,59.4,75.0,49.0,,,,,,0.0
2004-06-29,,,,,61.6,76.0,52.0,,,,,,0.0
2004-06-30,,,,,64.1,77.0,55.0,,,,,,0.0
2004-07-01,,,,,63.2,77.0,54.0,,,,,,0.0
2004-07-02,,,,,62.8,76.0,53.0,,,,,,0.0
2004-07-03,,,,,58.6,69.0,51.0,,,,,,0.0
2004-07-04,,,,,60.3,75.0,50.0,,,,,,0.0
2004-07-05,,,,,62.8,79.0,50.0,,,,,,0.0
2004-07-06,,,,,64.0,79.0,53.0,,,,,,0.0
2004-07-07,,,,,53.2,65.0,45.0,,,,,,0.01
2004-07-08,,,,,56.8,74.0,43.0,,,,,,0.0
2004-07-09,,,,,56.2,70.0,46.0,,,,,,0.0
2004-07-10,,,,,54.0,69.0,44.0,,,,,,0.0
2004-07-11,,,,,59.9,75.0,46.0,,,,,,0.0
2004-07-12,,,,,68.0,81.0,56.0,,,,,,0.0
2004-07-13,,,,,64.6,78.0,54.0,,,,,,0.0
2004-07-14,,,,,67.5,81.0,57.0,,,,,,0.0
2004-07-15,,,,,64.0,78.0,52.0,,,,,,0.0
2004-07-16,,,,,67.7,83.0,54.0,,,,,,0.0
2004-07-17,,,,,69.2,83.0,61.0,,,,,,0.0
2004-07-18,,,,,66.6,81.0,58.0,,,,,,0.03
2004-07-19,,,,,62.0,72.0,52.0,,,,,,0.0
2004-07-20,,,,,62.3,77.0,51.0,,,,,,0.0
2004-07-21,,,,,64.5,79.0,53.0,,,,,,0.0
2004-07-22,,,,,70.5,85.0,58.0,,,,,,0.0
2004-07-23,,,,,,,,,,,,,
2004-07-24,,,,,80.9,92.0,63.0,,,,,,0.0
2004-07-25,,,,,68.0,83.0,55.0,,,,,,0.0
2004-07-26,,,,,64.9,82.0,51.0,,,,,,0.0
2004-07-27,,,,,69.5,87.0,58.0,,,,,,0.0
2004-07-28,,,,,70.5,85.0,59.0,,,,,,0.0
2004-07-29,,,,,68.8,83.0,58.0,,,,,,0.0
2004-07-30,,,,,64.2,81.0,52.0,,,,,,0.0
2004-07-31,,,,,64.5,78.0,52.0,,,,,,0.0
2004-08-01,,,,,66.2,79.0,56.0,,,,,,0.0
2004-08-02,,,,,59.9,73.0,49.0,,,,,,0.0
2004-08-03,,,,,62.4,77.0,49.0,,,,,,0.0
2004-08-04,,,,,55.3,70.0,46.0,,,,,,0.0
2004-08-05,,,,,54.9,67.0,44.0,,,,,,0.0
2004-08-06,,,,,55.5,70.0,47.0,,,,,,0.0
2004-08-07,,,,,62.8,78.0,49.0,,,,,,0.0
2004-08-08,,,,,76.2,93.0,61.0,,,,,,0.0
2004-08-09,,,,,76.7,92.0,65.0,,,,,,0.0
2004-08-10,,,,,73.6,89.0,64.0,,,,,,0.0
2004-08-11,,,,,73.4,90.0,63.0,,,,,,0.0
2004-08-12,,,,,72.2,87.0,62.0,,,,,,0.0
2004-08-13,,,,,74.0,87.0,65.0,,,,,,0.0
2004-08-14,,,,,72.0,86.0,56.0,,,,,,0.0
2004-08-15,,,,,66.0,81.0,54.0,,,,,,0.0
2004-08-16,,,,,68.5,82.0,59.0,,,,,,0.0
2004-08-17,,,,,68.2,84.0,57.0,,,,,,0.0
2004-08-18,,,,,69.4,85.0,60.0,,,,,,0.0
2004-08-19,,,,,67.8,84.0,56.0,,,,,,0.0
2004-08-20,,,,,68.2,86.0,56.0,,,,,,0.0
2004-08-21,,,,,65.3,77.0,57.0,,,,,,0.0
2004-08-22,,,,,53.4,58.0,47.0,,,,,,0.41
2004-08-23,,,,,52.2,60.0,47.0,,,,,,0.03
2004-08-24,,,,,52.8,63.0,48.0,,,,,,0.01
2004-08-25,,,,,50.7,58.0,47.0,,,,,,0.13
2004-08-26,,,,,53.1,65.0,47.0,,,,,,0.26
2004-08-27,,,,,56.7,70.0,49.0,,,,,,0.0
2004-08-28,,,,,60.3,75.0,50.0,,,,,,0.0
2004-08-29,,,,,67.5,80.0,54.0,,,,,,0.0
2004-08-30,,,,,71.5,84.0,61.0,,,,,,0.0
2004-08-31,,,,,68.8,77.0,60.0,,,,,,0.0
2004-09-01,,,,,54.0,65.0,43.0,,,,,,0.0
2004-09-02,,,,,47.3,59.0,43.0,,,,,,0.08
2004-09-03,,,,,51.3,65.0,44.0,,,,,,0.0
2004-09-04,,,,,55.2,71.0,47.0,,,,,,0.0
2004-09-05,,,,,56.0,71.0,47.0,,,,,,0.0
2004-09-06,,,,,64.0,76.0,55.0,,,,,,0.0
2004-09-07,,,,,63.4,77.0,55.0,,,,,,0.0
2004-09-08,,,,,63.2,76.0,51.0,,,,,,0.0
2004-09-09,,,,,57.2,68.0,52.0,,,,,,0.0
2004-09-10,,,,,64.1,78.0,55.0,,,,,,0.0
2004-09-11,,,,,58.0,65.0,51.0,,,,,,0.02
2004-09-12,,,,,51.1,60.0,46.0,,,,,,0.02
2004-09-13,,,,,47.8,55.0,43.0,,,,,,0.09
2004-09-14,,,,,52.7,65.0,43.0,,,,,,0.0
2004-09-15,,,,,53.2,61.0,49.0,,,,,,0.04
2004-09-16,,,,,53.7,66.0,47.0,,,,,,0.0
2004-09-17,,,,,46.4,56.0,37.0,,,,,,0.19
2004-09-18,,,,,41.5,51.0,38.0,,,,,,0.21
2004-09-19,,,,,40.4,45.0,37.0,,,,,,0.17
2004-09-20,,,,,45.2,56.0,40.0,,,,,,0.0
2004-09-21,,,,,52.8,63.0,43.0,,,,,,0.0
2004-09-22,,,,,60.4,71.0,49.0,,,,,,0.0
2004-09-23,,,,,59.5,70.0,50.0,,,,,,0.0
2004-09-24,,,,,66.4,78.0,59.0,,,,,,0.0
2004-09-25,,,,,56.7,65.0,47.0,,,,,,0.0
2004-09-26,,,,,49.6,59.0,45.0,,,,,,0.0
2004-09-27,,,,,66.0,77.0,54.0,,,,,,0.0
2004-09-28,,,,,63.4,73.0,52.0,,,,,,0.0
2004-09-29,,,,,48.5,54.0,42.0,,,,,,0.0
2004-09-30,,,,,51.7,63.0,41.0,,,,,,0.0
2004-10-01,,,,,61.7,72.0,56.0,,,,,,0.0
2004-10-02,,,,,62.9,74.0,56.0,,,,,,0.0
2004-10-03,,,,,66.6,78.0,59.0,,,,,,0.0
2004-10-04,,,,,68.1,79.0,58.0,,,,,,0.0
2004-10-05,,,,,61.8,74.0,54.0,,,,,,0.0
2004-10-06,,,,,53.7,56.0,50.0,,,,,,0.08
2004-10-07,,,,,56.5,72.0,49.0,,,,,,0.01
2004-10-08,,,,,49.1,57.0,39.0,,,,,,0.88
2004-10-09,,,,,42.3,52.0,39.0,,,,,,0.04
2004-10-10,,,,,47.0,58.0,39.0,,,,,,0.0
2004-10-11,,,,,55.5,68.0,48.0,,,,,,0.0
2004-10-12,,,,,58.2,63.0,51.0,,,,,,0.0
2004-10-13,,,,,65.9,79.0,55.0,,,,,,0.0
2004-10-14,,,,,64.8,78.0,53.0,,,,,,0.0
2004-10-15,,,,,58.9,67.0,52.0,,,,,,0.0
2004-10-16,,,,,55.6,67.0,45.0,,,,,,0.0
2004-10-17,,,,,40.6,46.0,36.0,,,,,,0.83
2004-10-18,,,,,39.1,40.0,37.0,,,,,,0.2
2004-10-19,,,,,38.9,42.0,35.0,,,,,,0.34
2004-10-20,,,,,39.0,44.0,35.0,,,,,,0.01
2004-10-21,,,,,40.8,45.0,38.0,,,,,,0.05
2004-10-22,,,,,41.5,45.0,39.0,,,,,,0.46
2004-10-23,,,,,37.9,41.0,34.0,,,,,,0.45
2004-10-24,,,,,37.5,46.0,33.0,,,,,,0.01
2004-10-25,,,,,35.9,43.0,33.0,,,,,,0.37
2004-10-26,,,,,34.7,41.0,32.0,,,,,,0.08
2004-10-27,,,,,35.0,38.0,32.0,,,,,,0.16
2004-10-28,,,,,37.5,40.0,36.0,,,,,,0.02
2004-10-29,,,,,42.2,52.0,37.7,,,,,,0.0
2004-10-30,,,,,39.2,45.7,33.6,,,,,,0.12
2004-10-31,,,,,37.8,46.2,32.4,,,,,,0.0
2004-11-01,,,,,42.8,47.3,38.1,,,,,,0.0
2004-11-02,,,,,41.3,47.3,31.9,,,,,,0.73
2004-11-03,,,,,32.1,33.5,31.9,,,,,,0.01
2004-11-04,,,,,38.4,48.8,28.8,,,,,,0.28
2004-11-05,,,,,49.8,60.7,43.6,,,,,,0.0
2004-11-06,,,,,52.1,62.1,45.0,,,,,,0.0
2004-11-07,,,,,57.7,67.8,50.7,,,,,,0.0
2004-11-08,,,,,54.1,66.4,42.1,,,,,,0.0
2004-11-09,,,,,45.1,52.1,42.1,,,,,,0.0
2004-11-10,,,,,44.5,49.3,40.7,,,,,,0.0
2004-11-11,,,,,47.2,55.0,42.1,,,,,,0.0
2004-11-12,,,,,44.9,50.7,42.1,,,,,,0.06
2004-11-13,,,,,41.5,47.9,37.9,,,,,,0.07
2004-11-14,,,,,46.0,49.3,42.1,,,,,,0.0
2004-11-15,,,,,42.7,46.4,39.3,,,,,,0.16
2004-11-16,,,,,40.0,46.4,36.4,,,,,,0.01
2004-11-17,,,,,43.1,50.7,37.9,,,,,,0.0
2004-11-18,,,,,36.1,39.3,32.1,,,,,,0.16
2004-11-19,,,,,32.0,36.4,29.3,,,,,,0.0
2004-11-20,,,,,31.7,37.9,27.9,,,,,,0.0
2004-11-21,,,,,40.1,49.3,30.7,,,,,,0.0
2004-11-22,,,,,40.1,43.6,37.9,,,,,,0.0
2004-11-23,,,,,40.3,42.1,37.9,,,,,,0.0
2004-11-24,,,,,41.1,45.0,37.9,,,,,,0.01
2004-11-25,,,,,39.8,46.4,33.6,,,,,,0.57
2004-11-26,,,,,33.8,36.4,30.7,,,,,,0.01
2004-11-27,,,,,30.7,33.6,25.8,,,,,,0.0
2004-11-28,,,,,26.7,31.9,22.7,,,,,,0.0
2004-11-29,,,,,33.3,39.6,28.8,,,,,,0.0
2004-11-30,,,,,31.3,35.0,28.8,,,,,,0.13
2004-12-01,,,,,31.4,31.9,30.4,,,,,,0.07
2004-12-02,,,,,33.6,41.1,27.3,,,,,,0.11
2004-12-03,,,,,40.6,51.9,33.5,,,,,,0.05
2004-12-04,,,,,33.6,38.1,30.4,,,,,,0.0
2004-12-05,,,,,31.3,33.5,30.4,,,,,,0.0
2004-12-06,,,,,31.9,35.0,28.8,,,,,,0.23
2004-12-07,,,,,32.7,33.5,31.9,,,,,,0.57
2004-12-08,,,,,40.3,45.8,35.0,,,,,,1.66
2004-12-09,,,,,47.6,49.6,45.8,,,,,,0.43
2004-12-10,,,,,46.1,46.4,45.5,,,,,,0.0
2004-12-11,,,,,44.8,46.4,43.0,,,,,,0.0
2004-12-12,,,,,46.9,57.4,43.0,,,,,,0.0
2004-12-13,,,,,45.9,52.6,43.2,,,,,,0.03
2004-12-14,,,,,41.8,50.3,38.5,,,,,,0.19
2004-12-15,,,,,46.5,57.4,38.5,,,,,,0.0
2004-12-16,,,,,52.1,60.3,44.3,,,,,,0.0
2004-12-17,,,,,56.9,68.3,52.3,,,,,,0.0
2004-12-18,,,,,57.5,65.7,49.7,,,,,,0.0
2004-12-19,,,,,45.1,55.0,36.3,,,,,,0.0
2004-12-20,,,,,33.2,36.3,29.8,,,,,,0.0
2004-12-21,,,,,33.7,40.5,28.6,,,,,,0.0
2004-12-22,,,,,34.8,40.5,32.4,,,,,,0.01
2004-12-23,,,,,41.0,54.0,32.4,,,,,,0.0
2004-12-24,,,,,46.9,56.7,39.2,,,,,,0.0
2004-12-25,,,,,39.0,45.1,33.4,,,,,,0.09
2004-12-26,,,,,32.3,34.2,31.8,,,,,,0.0
2004-12-27,,,,,36.7,39.7,32.5,,,,,,0.41
2004-12-28,,,,,39.1,45.0,35.6,,,,,,0.07
2004-12-29,,,,,34.6,36.5,32.4,,,,,,0.04
2004-12-30,,,,,31.2,32.5,30.0,,,,,,0.0
2004-12-31,,,,,30.5,31.6,29.1,,,,,,0.0
2005-01-01,,,,,28.4,30.9,25.3,,,,,,0.0
2005-01-02,,,,,27.8,31.8,24.6,,,,,,0.0
2005-01-03,,,,,32.4,43.3,24.6,,,,,,0.03
2005-01-04,,,,,28.8,40.1,22.8,,,,,,0.05
2005-01-05,,,,,29.2,37.0,24.4,,,,,,0.04
2005-01-06,,,,,30.6,32.5,28.6,,,,,,0.0
2005-01-07,,,,,28.0,30.0,26.2,,,,,,0.0
2005-01-08,,,,,27.8,29.1,26.4,,,,,,0.0
2005-01-09,,,,,30.7,32.0,28.9,,,,,,0.0
2005-01-10,,,,,30.7,32.4,29.5,,,,,,0.0
2005-01-11,,,,,30.9,32.0,28.2,,,,,,0.0
2005-01-12,,,,,29.6,30.9,28.2,,,,,,0.0
2005-01-13,,,,,28.7,30.2,28.0,,,,,,0.0
2005-01-14,,,,,32.2,34.0,28.6,,,,,,0.44
2005-01-15,,,,,33.3,35.1,31.3,,,,,,0.43
2005-01-16,,,,,38.6,43.5,34.5,,,,,,0.0
2005-01-17,,,,,43.8,47.5,42.4,,,,,,0.0
2005-01-18,,,,,52.2,58.3,47.5,,,,,,0.0
2005-01-19,,,,,55.0,60.8,50.7,,,,,,0.0
2005-01-20,,,,,51.0,60.0,48.0,,,,,,0.0
2005-01-21,,,,,51.5,57.0,48.0,,,,,,0.0
2005-01-22,,,,,52.1,56.0,49.0,,,,,,0.0
2005-01-23,,,,,51.9,57.0,48.0,,,,,,0.0
2005-01-24,,,,,53.3,64.0,47.0,,,,,,0.0
2005-01-25,,,,,48.0,55.0,44.0,,,,,,0.0
2005-01-26,,,,,39.9,44.0,37.0,,,,,,0.02
2005-01-27,,,,,38.7,47.0,33.0,,,,,,0.0
2005-01-28,,,,,34.0,39.0,32.0,,,,,,0.03
2005-01-29,,,,,33.0,40.0,30.0,,,,,,0.04
2005-01-30,,,,,44.7,55.0,34.0,,,,,,0.0
2005-01-31,,,,,43.4,53.0,38.0,,,,,,0.0
2005-02-01,,,,,51.0,63.0,41.0,,,,,,0.0
2005-02-02,,,,,54.3,66.0,46.0,,,,,,0.0
2005-02-03,,,,,55.8,66.0,50.0,,,,,,0.0
2005-02-04,,,,,41.4,51.0,33.0,,,,,,0.02
2005-02-05,,,,,30.3,35.0,26.0,,,,,,0.05
2005-02-06,,,,,28.7,32.0,26.0,,,,,,0.0
2005-02-07,,,,,32.0,41.0,26.0,,,,,,0.18
2005-02-08,,,,,37.7,46.0,29.0,,,,,,0.0
2005-02-09,,,,,40.2,51.0,33.0,,,,,,0.0
2005-02-10,,,,,45.8,60.0,36.0,,,,,,0.0
2005-02-11,,,,,45.2,57.0,38.0,,,,,,0.0
2005-02-12,,,,,38.2,42.0,36.0,,,,,,0.0
2005-02-13,,,,,31.0,35.0,26.0,,,,,,0.17
2005-02-14,,,,,29.5,40.0,24.0,,,,,,0.01
2005-02-15,,,,,37.5,50.0,26.0,,,,,,0.0
2005-02-16,,,,,43.1,56.0,34.0,,,,,,0.0
2005-02-17,,,,,46.1,58.0,38.0,,,,,,0.0
2005-02-18,,,,,47.5,58.0,41.0,,,,,,0.0
2005-02-19,,,,,41.0,47.0,38.0,,,,,,0.03
2005-02-20,,,,,38.7,45.0,34.0,,,,,,0.6
2005-02-21,,,,,44.4,56.0,36.0,,,,,,0.0
2005-02-22,,,,,46.5,58.0,39.0,,,,,,0.0
2005-02-23,,,,,49.0,60.0,38.0,,,,,,0.0
2005-02-24,,,,,47.9,60.0,40.0,,,,,,0.0
2005-02-25,,,,,46.9,58.0,42.0,,,,,,0.0
2005-02-26,,,,,46.1,56.0,41.0,,,,,,0.0
2005-02-27,,,,,43.5,56.0,35.0,,,,,,0.15
2005-02-28,,,,,35.1,40.0,32.0,,,,,,0.12
2005-03-01,,,,,37.3,53.0,33.0,,,,,,0.04
2005-03-02,,,,,38.2,48.0,34.0,,,,,,0.01
2005-03-03,,,,,42.8,53.0,35.0,,,,,,0.0
2005-03-04,,,,,38.9,44.0,36.0,,,,,,0.19
2005-03-05,,,,,46.5,57.0,38.0,,,,,,0.0
2005-03-06,,,,,53.8,67.0,45.0,,,,,,0.0
2005-03-07,,,,,52.9,64.0,44.0,,,,,,0.0
2005-03-08,,,,,56.0,66.0,49.0,,,,,,0.0
2005-03-09,,,,,54.3,67.0,47.0,,,,,,0.0
2005-03-10,,,,,54.6,67.0,45.0,,,,,,0.0
2005-03-11,,,,,58.7,72.0,49.0,,,,,,0.0
2005-03-12,,,,,54.1,65.0,46.0,,,,,,0.0
2005-03-13,,,,,48.9,63.0,39.0,,,,,,0.0
2005-03-14,,,,,46.6,61.0,37.0,,,,,,0.0
2005-03-15,,,,,50.5,63.0,40.0,,,,,,0.0
2005-03-16,,,,,43.4,50.0,37.0,,,,,,0.0
2005-03-17,,,,,38.7,44.0,35.0,,,,,,0.11
2005-03-18,,,,,41.6,49.0,37.0,,,,,,0.0
2005-03-19,,,,,39.0,45.0,33.0,,,,,,0.36
2005-03-20,,,,,32.9,38.0,31.0,,,,,,0.3
2005-03-21,,,,,34.5,40.0,31.0,,,,,,0.17
2005-03-22,,,,,39.1,49.0,32.0,,,,,,0.28
2005-03-23,,,,,33.0,39.0,29.0,,,,,,0.09
2005-03-24,,,,,33.1,44.0,28.0,,,,,,0.0
2005-03-25,,,,,34.4,42.0,29.0,,,,,,0.04
2005-03-26,,,,,38.8,42.0,35.0,,,,,,0.04
2005-03-27,,,,,38.3,43.0,33.0,,,,,,1.46
2005-03-28,,,,,31.8,34.0,30.0,,,,,,0.14
2005-03-29,,,,,30.8,32.0,29.0,,,,,,0.0
2005-03-30,,,,,33.8,44.0,27.0,,,,,,0.39
2005-03-31,,,,,46.0,57.0,36.0,,,,,,0.24
2005-04-01,,,,,38.2,42.0,32.0,,,,,,0.2
2005-04-02,,,,,35.7,44.0,31.0,,,,,,0.0
2005-04-03,,,,,31.5,34.0,30.0,,,,,,0.0
2005-04-04,,,,,35.3,46.0,29.0,,,,,,0.54
2005-04-05,,,,,43.3,56.0,33.0,,,,,,0.0
2005-04-06,,,,,50.0,65.0,39.0,,,,,,0.01
2005-04-07,,,,,34.6,42.0,29.0,,,,,,0.4
2005-04-08,,,,,31.3,33.0,29.0,,,,,,0.21
2005-04-09,,,,,34.8,41.0,30.0,,,,,,0.1
2005-04-10,,,,,39.7,52.0,29.0,,,,,,0.04
2005-04-11,,,,,38.0,46.0,31.0,,,,,,0.03
2005-04-12,,,,,33.2,43.0,28.0,,,,,,0.09
2005-04-13,,,,,29.8,34.0,27.0,,,,,,0.04
2005-04-14,,,,,35.9,50.0,25.0,,,,,,0.02
2005-04-15,,,,,43.8,54.0,36.0,,,,,,0.0
2005-04-16,,,,,41.6,46.0,33.0,,,,,,0.2
2005-04-17,,,,,32.6,40.0,29.0,,,,,,0.14
2005-04-18,,,,,34.6,44.0,27.0,,,,,,0.02
2005-04-19,,,,,40.2,53.0,32.0,,,,,,0.0
2005-04-20,,,,,47.6,63.0,38.0,,,,,,0.0
2005-04-21,,,,,50.0,63.0,42.0,,,,,,0.0
2005-04-22,,,,,55.0,71.0,44.0,,,,,,0.0
2005-04-23,,,,,42.9,48.0,39.0,,,,,,0.35
2005-04-24,,,,,42.9,52.0,38.0,,,,,,0.34
2005-04-25,,,,,47.4,59.0,39.0,,,,,,0.0
2005-04-26,,,,,52.5,65.0,42.0,,,,,,0.0
2005-04-27,,,,,52.2,67.0,42.0,,,,,,0.06
2005-04-28,,,,,47.0,55.0,40.0,,,,,,0.0
2005-04-29,,,,,44.8,54.0,40.0,,,,,,0.0
2005-04-30,,,,,48.0,63.0,38.0,,,,,,0.37
2005-05-01,,,,,47.3,56.0,43.0,,,,,,0.01
2005-05-02,,,,,50.5,63.0,44.0,,,,,,0.0
2005-05-03,,,,,51.1,63.0,44.0,,,,,,0.08
2005-05-04,,,,,49.6,61.0,45.0,,,,,,0.5
2005-05-05,,,,,45.2,49.0,42.0,,,,,,0.46
2005-05-06,,,,,43.1,47.0,41.0,,,,,,0.26
2005-05-07,,,,,45.1,55.0,38.0,,,,,,0.18
2005-05-08,,,,,44.2,53.0,40.0,,,,,,0.32
2005-05-09,,,,,35.9,41.0,32.0,,,,,,1.03
2005-05-10,,,,,38.0,42.0,35.0,,,,,,0.63
2005-05-11,,,,,44.4,56.0,37.0,,,,,,0.01
2005-05-12,,,,,54.3,67.0,43.0,,,,,,0.0
2005-05-13,,,,,55.5,68.0,49.0,,,,,,0.01
2005-05-14,,,,,57.6,69.0,50.0,,,,,,0.03
2005-05-15,,,,,46.5,50.0,40.0,,,,,,0.06
2005-05-16,,,,,40.2,44.0,34.0,,,,,,0.14
2005-05-17,,,,,39.6,45.0,35.0,,,,,,0.06
2005-05-18,,,,,42.8,48.0,40.0,,,,,,1.25
2005-05-19,,,,,44.1,55.0,38.0,,,,,,0.07
2005-05-20,,,,,41.9,47.0,39.0,,,,,,0.16
2005-05-21,,,,,46.9,59.0,38.0,,,,,,0.0
2005-05-22,,,,,44.9,55.0,37.0,,,,,,0.01
2005-05-23,,,,,45.1,60.0,36.0,,,,,,0.0
2005-05-24,,,,,49.6,65.0,37.0,,,,,,0.0
2005-05-25,,,,,68.2,84.0,50.0,,,,,,0.0
2005-05-26,,,,,73.5,85.0,63.0,,,,,,0.0
2005-05-27,,,,,68.8,82.0,55.0,,,,,,0.0
2005-05-28,,,,,47.7,52.0,45.0,,,,,,0.15
2005-05-29,,,,,47.2,57.0,41.0,,,,,,0.03
2005-05-30,,,,,50.5,62.0,45.0,,,,,,0.01
2005-05-31,,,,,49.6,59.0,42.0,,,,,,0.0
2005-06-01,,,,,44.0,52.0,40.0,,,,,,0.14
2005-06-02,,,,,46.5,61.0,40.0,,,,,,0.0
2005-06-03,,,,,49.2,63.0,41.0,,,,,,0.0
2005-06-04,,,,,45.6,59.0,37.0,,,,,,0.0
2005-06-05,,,,,39.5,49.0,35.0,,,,,,0.04
2005-06-06,,,,,36.8,44.0,33.0,,,,,,0.42
2005-06-07,,,,,39.5,52.0,34.0,,,,,,0.12
2005-06-08,,,,,51.6,66.0,36.0,,,,,,0.0
2005-06-09,,,,,55.5,70.0,47.0,,,,,,0.0
2005-06-10,,,,,51.0,61.0,44.0,,,,,,0.01
2005-06-11,,,,,43.4,49.0,39.0,,,,,,0.07
2005-06-12,,,,,50.0,64.0,36.0,,,,,,0.0
2005-06-13,,,,,53.8,66.0,47.0,,,,,,0.0
2005-06-14,,,,,47.1,60.0,41.0,,,,,,0.0
2005-06-15,,,,,54.5,70.0,38.0,,,,,,0.0
2005-06-16,,,,,47.0,54.0,40.0,,,,,,0.13
2005-06-17,,,,,43.8,51.0,39.0,,,,,,0.0
2005-06-18,,,,,46.2,55.0,41.0,,,,,,0.2
2005-06-19,,,,,52.5,65.0,45.0,,,,,,0.0
2005-06-20,,,,,57.4,73.0,47.0,,,,,,0.0
2005-06-21,,,,,54.0,67.0,46.0,,,,,,0.0
2005-06-22,,,,,51.5,65.0,43.0,,,,,,0.0
2005-06-23,,,,,54.6,68.0,45.0,,,,,,0.0
2005-06-24,,,,,59.2,75.0,48.0,,,,,,0.0
2005-06-25,,,,,56.9,73.0,47.0,,,,,,0.0
2005-06-26,,,,,54.1,65.0,46.0,,,,,,0.0
2005-06-27,,,,,49.5,54.0,46.0,,,,,,0.21
2005-06-28,,,,,53.8,67.0,46.0,,,,,,0.11
2005-06-29,,,,,60.2,74.0,50.0,,,,,,0.0
2005-06-30,,,,,64.8,80.0,52.0,,,,,,0.0
2005-07-01,,,,,55.9,68.0,48.0,,,,,,0.0
2005-07-02,,,,,55.7,67.0,47.0,,,,,,0.0
2005-07-03,,,,,59.4,73.0,48.0,,,,,,0.0
2005-07-04,,,,,63.0,77.0,50.0,,,,,,0.0
2005-07-05,,,,,65.1,79.0,52.0,,,,,,0.0
2005-07-06,,,,,58.0,72.0,48.0,,,,,,0.0
2005-07-07,,,,,56.3,70.0,46.0,,,,,,0.0
2005-07-08,,,,,56.9,69.0,50.0,,,,,,0.06
2005-07-09,,,,,52.1,61.0,44.0,,,,,,0.09
2005-07-10,,,,,55.2,72.0,45.0,,,,,,0.0
2005-07-11,,,,,60.3,76.0,50.0,,,,,,0.0
2005-07-12,,,,,56.5,70.0,50.0,,,,,,0.02
2005-07-13,,,,,57.0,73.0,48.0,,,,,,0.0
2005-07-14,,,,,65.3,79.0,48.0,,,,,,0.0
2005-07-15,,,,,63.8,70.0,56.0,,,,,,0.0
2005-07-16,,,,,64.5,79.0,54.0,,,,,,0.0
2005-07-17,,,,,74.5,89.0,58.0,,,,,,0.0
2005-07-18,,,,,76.9,90.0,64.0,,,,,,0.0
2005-07-19,,,,,71.5,85.0,61.0,,,,,,0.0
2005-07-20,,,,,71.3,83.0,61.0,,,,,,0.0
2005-07-21,,,,,76.5,90.0,60.0,,,,,,0.0
2005-07-22,,,,,65.3,78.0,56.0,,,,,,0.0
2005-07-23,,,,,66.4,78.0,55.0,,,,,,0.0
2005-07-24,,,,,61.5,78.0,49.0,,,,,,0.0
2005-07-25,,,,,61.8,79.0,48.0,,,,,,0.0
2005-07-26,,,,,73.9,88.0,59.0,,,,,,0.0
2005-07-27,,,,,78.4,90.0,67.0,,,,,,0.0
2005-07-28,,,,,71.4,86.0,59.0,,,,,,0.0
2005-07-29,,,,,70.2,86.0,60.0,,,,,,0.0
2005-07-30,,,,,72.2,87.0,59.0,,,,,,0.0
2005-07-31,,,,,70.5,87.0,55.0,,,,,,0.0
2005-08-01,,,,,60.9,75.0,51.0,,,,,,0.0
2005-08-02,,,,,61.9,77.0,52.0,,,,,,0.0
2005-08-03,,,,,70.8,84.0,56.0,,,,,,0.0
2005-08-04,,,,,77.4,90.0,68.0,,,,,,0.0
2005-08-05,,,,,74.9,89.0,64.0,,,,,,0.0
2005-08-06,,,,,72.2,87.0,62.0,,,,,,0.0
2005-08-07,,,,,69.5,82.0,61.0,,,,,,0.0
2005-08-08,,,,,70.2,85.0,56.0,,,,,,0.0
2005-08-09,,,,,69.5,85.0,58.0,,,,,,0.0
2005-08-10,,,,,67.4,81.0,55.0,,,,,,0.0
2005-08-11,,,,,67.1,82.0,56.0,,,,,,0.0
2005-08-12,,,,,64.2,81.0,53.0,,,,,,0.0
2005-08-13,,,,,71.1,88.0,56.0,,,,,,0.0
2005-08-14,,,,,74.0,88.0,63.0,,,,,,0.0
2005-08-15,,,,,69.0,85.0,58.0,,,,,,0.0
2005-08-16,,,,,65.2,80.0,53.0,,,,,,0.0
2005-08-17,,,,,62.1,78.0,51.0,,,,,,0.0
2005-08-18,,,,,61.3,75.0,52.0,,,,,,0.0
2005-08-19,,,,,68.8,86.0,57.0,,,,,,0.0
2005-08-20,,,,,70.3,86.0,61.0,,,,,,0.0
2005-08-21,,,,,68.5,80.0,58.0,,,,,,0.0
2005-08-22,,,,,63.9,78.0,52.0,,,,,,0.0
2005-08-23,,,,,56.5,72.0,45.0,,,,,,0.0
2005-08-24,,,,,59.8,75.0,46.0,,,,,,0.0
2005-08-25,,,,,72.6,89.0,62.0,,,,,,0.0
2005-08-26,,,,,71.8,85.0,63.0,,,,,,0.0
2005-08-27,,,,,71.1,85.0,62.0,,,,,,0.0
2005-08-28,,,,,63.8,78.0,48.0,,,,,,0.0
2005-08-29,,,,,50.4,59.0,42.0,,,,,,0.0
2005-08-30,,,,,56.2,72.0,45.0,,,,,,0.0
2005-08-31,,,,,60.9,77.0,49.0,,,,,,0.0
2005-09-01,,,,,65.4,80.0,53.0,,,,,,0.0
2005-09-02,,,,,61.2,75.0,50.0,,,,,,0.0
2005-09-03,,,,,54.9,67.0,47.0,,,,,,0.0
2005-09-04,,,,,54.8,70.0,43.0,,,,,,0.0
2005-09-05,,,,,57.3,72.0,47.0,,,,,,0.0
2005-09-06,,,,,57.7,72.0,47.0,,,,,,0.0
2005-09-07,,,,,60.5,77.0,48.0,,,,,,0.0
2005-09-08,,,,,59.8,76.0,48.0,,,,,,0.0
2005-09-09,,,,,48.2,58.0,43.0,,,,,,0.02
2005-09-10,,,,,44.2,50.0,41.0,,,,,,0.27
2005-09-11,,,,,49.7,61.0,41.0,,,,,,0.0
2005-09-12,,,,,55.2,69.0,47.0,,,,,,0.0
2005-09-13,,,,,58.0,71.0,47.0,,,,,,0.0
2005-09-14,,,,,58.4,73.0,48.0,,,,,,0.0
2005-09-15,,,,,52.0,65.0,44.0,,,,,,0.0
2005-09-16,,,,,50.2,62.0,43.0,,,,,,0.09
2005-09-17,,,,,47.6,58.0,43.0,,,,,,0.37
2005-09-18,,,,,55.8,67.0,43.0,,,,,,0.0
2005-09-19,,,,,60.5,73.0,52.0,,,,,,0.0
2005-09-20,,,,,54.5,66.0,43.0,,,,,,0.0
2005-09-21,,,,,54.3,67.0,43.0,,,,,,0.0
2005-09-22,,,,,50.3,62.0,43.0,,,,,,0.0
2005-09-23,,,,,45.1,57.0,39.0,,,,,,0.03
2005-09-24,,,,,48.7,62.0,39.0,,,,,,0.0
2005-09-25,,,,,56.5,67.0,45.0,,,,,,0.0
2005-09-26,,,,,63.8,78.0,56.0,,,,,,0.0
2005-09-27,,,,,61.8,73.0,54.0,,,,,,0.0
2005-09-28,,,,,63.5,75.0,55.0,,,,,,0.0
2005-09-29,,,,,65.9,79.0,56.0,,,,,,0.0
2005-09-30,,,,,62.2,77.0,54.0,,,,,,0.0
2005-10-01,,,,,44.1,54.0,38.0,,,,,,0.86
2005-10-02,,,,,39.5,45.0,37.0,,,,,,0.24
2005-10-03,,,,,37.1,42.0,35.0,,,,,,0.47
2005-10-04,,,,,43.5,55.0,34.0,,,,,,0.0
2005-10-05,,,,,54.2,68.0,46.0,,,,,,0.0
2005-10-06,,,,,54.8,64.0,43.0,,,,,,0.0
2005-10-07,,,,,45.9,53.0,42.0,,,,,,0.0
2005-10-08,,,,,47.0,58.0,40.0,,,,,,0.0
2005-10-09,,,,,48.3,59.0,38.0,,,,,,0.0
2005-10-10,,,,,56.6,69.0,46.0,,,,,,0.0
2005-10-11,,,,,45.6,48.0,43.0,,,,,,0.15
2005-10-12,,,,,55.2,69.0,47.0,,,,,,0.0
2005-10-13,,,,,57.3,69.0,48.0,,,,,,0.0
2005-10-14,,,,,53.1,67.0,38.0,,,,,,0.18
2005-10-15,,,,,42.6,45.0,38.0,,,,,,0.39
2005-10-16,,,,,49.3,59.0,43.0,,,,,,0.11
2005-10-17,,,,,62.5,74.0,53.0,,,,,,0.0
2005-10-18,,,,,59.7,68.0,48.0,,,,,,0.0
2005-10-19,,,,,45.2,51.0,43.0,,,,,,0.0
2005-10-20,,,,,50.0,61.0,42.0,,,,,,0.01
2005-10-21,,,,,60.3,71.0,52.0,,,,,,0.0
2005-10-22,,,,,56.1,68.0,49.0,,,,,,0.0
2005-10-23,,,,,52.2,61.0,46.0,,,,,,0.0
2005-10-24,,,,,56.0,69.0,45.0,,,,,,0.0
2005-10-25,,,,,46.5,55.0,37.0,,,,,,0.13
2005-10-26,,,,,39.8,51.0,36.0,,,,,,0.0
2005-10-27,,,,,39.0,43.0,35.0,,,,,,0.08
2005-10-28,,,,,38.5,41.0,35.0,,,,,,0.37
2005-10-29,,,,,38.5,43.0,35.0,,,,,,0.01
2005-10-30,,,,,41.5,45.0,38.0,,,,,,0.0
2005-10-31,,,,,48.7,57.0,43.0,,,,,,0.0
2005-11-01,,,,,41.7,48.0,35.0,,,,,,0.36
2005-11-02,,,,,35.9,41.0,33.0,,,,,,0.0
2005-11-03,,,,,36.0,41.0,33.0,,,,,,0.91
2005-11-04,,,,,34.3,36.0,33.0,,,,,,0.2
2005-11-05,,,,,38.2,45.0,33.0,,,,,,1.43
2005-11-06,,,,,37.1,40.0,34.0,,,,,,0.79
2005-11-07,,,,,32.3,34.0,31.0,,,,,,0.02
2005-11-08,,,,,35.0,44.0,27.0,,,,,,0.3
2005-11-09,,,,,49.6,64.0,39.0,,,,,,0.05
2005-11-10,,,,,47.3,55.0,43.0,,,,,,0.02
2005-11-11,,,,,36.9,42.0,33.0,,,,,,0.19
2005-11-12,,,,,35.8,40.0,33.0,,,,,,0.15
2005-11-13,,,,,43.2,46.0,36.0,,,,,,0.58
2005-11-14,,,,,40.6,46.0,35.0,,,,,,0.1
2005-11-15,,,,,47.3,59.0,36.0,,,,,,0.0
2005-11-16,,,,,55.0,63.0,49.0,,,,,,0.0
2005-11-17,,,,,55.8,68.0,49.0,,,,,,0.0
2005-11-18,,,,,58.2,68.0,49.0,,,,,,0.0
2005-11-19,,,,,61.7,75.0,56.0,,,,,,0.0
2005-11-20,,,,,61.7,71.0,56.0,,,,,,0.0
2005-11-21,,,,,59.9,69.0,54.0,,,,,,0.0
2005-11-22,,,,,56.2,62.0,52.0,,,,,,0.0
2005-11-23,,,,,55.4,61.0,51.0,,,,,,0.0
2005-11-24,,,,,47.0,53.0,41.0,,,,,,0.11
2005-11-25,,,,,37.3,45.0,29.0,,,,,,0.4
2005-11-26,,,,,29.8,34.0,28.0,,,,,,0.06
2005-11-27,,,,,30.4,34.0,28.0,,,,,,0.04
2005-11-28,,,,,32.3,38.0,28.0,,,,,,0.77
2005-11-29,,,,,30.5,36.0,28.0,,,,,,0.11
2005-11-30,,,,,29.1,32.0,28.0,,,,,,0.0
2005-12-01,,,,,33.7,40.0,26.0,,,,,,1.75
2005-12-02,,,,,27.6,30.0,26.0,,,,,,0.0
2005-12-03,,,,,28.4,32.0,26.0,,,,,,0.0
2005-12-04,,,,,30.8,41.0,26.0,,,,,,0.05
2005-12-05,,,,,41.6,52.0,33.0,,,,,,0.31
2005-12-06,,,,,44.0,49.0,41.0,,,,,,0.09
2005-12-07,,,,,37.5,43.0,34.0,,,,,,0.86
2005-12-08,,,,,38.7,46.0,34.0,,,,,,0.01
2005-12-09,,,,,45.7,56.0,37.0,,,,,,0.0
2005-12-10,,,,,50.5,63.0,45.0,,,,,,0.0
2005-12-11,,,,,49.0,59.0,46.0,,,,,,0.0
2005-12-12,,,,,38.9,53.0,27.0,,,,,,0.0
2005-12-13,,,,,32.0,42.0,26.0,,,,,,0.0
2005-12-14,,,,,39.8,49.0,31.0,,,,,,0.0
2005-12-15,,,,,41.1,48.0,37.0,,,,,,0.0
2005-12-16,,,,,42.4,54.0,36.0,,,,,,0.0
2005-12-17,,,,,38.4,49.0,32.0,,,,,,0.0
2005-12-18,,,,,35.9,40.0,32.0,,,,,,0.55
2005-12-19,,,,,43.8,46.0,39.0,,,,,,1.47
2005-12-20,,,,,44.5,47.0,43.0,,,,,,0.39
2005-12-21,,,,,43.2,45.0,42.0,,,,,,1.06
2005-12-22,,,,,43.0,46.0,40.0,,,,,,0.62
2005-12-23,,,,,47.5,50.0,43.0,,,,,,0.01
2005-12-24,,,,,50.4,59.0,43.0,,,,,,0.1
2005-12-25,,,,,40.0,43.0,38.0,,,,,,0.46
2005-12-26,,,,,36.1,38.0,35.0,,,,,,0.45
2005-12-27,,,,,40.2,49.0,35.0,,,,,,2.19
2005-12-28,,,,,38.2,48.0,33.0,,,,,,1.7
2005-12-29,,,,,33.1,40.0,32.0,,,,,,0.13
2005-12-30,,,,,43.2,48.0,41.0,,,,,,2.14
2005-12-31,,,,,35.1,41.0,31.0,,,,,,1.11
2006-01-01,,,,,33.0,35.0,31.0,,,,,,0.44
2006-01-02,,,,,34.0,37.0,32.0,,,,,,0.19
2006-01-03,,,,,31.3,33.0,29.0,,,,,,0.0
2006-01-04,,,,,38.8,45.0,31.0,,,,,,0.29
2006-01-05,,,,,47.7,52.0,42.0,,,,,,0.0
2006-01-06,,,,,45.0,50.0,39.0,,,,,,0.23
2006-01-07,,,,,33.8,39.0,30.0,,,,,,0.23
2006-01-08,,,,,32.3,35.0,30.0,,,,,,0.21
2006-01-09,,,,,37.2,41.0,33.0,,,,,,0.3
2006-01-10,,,,,42.8,45.0,38.0,,,,,,0.97
2006-01-11,,,,,33.1,36.0,31.0,,,,,,0.1
2006-01-12,,,,,33.9,40.0,31.0,,,,,,0.18
2006-01-13,,,,,37.0,40.0,34.0,,,,,,0.54
2006-01-14,,,,,30.2,33.0,26.0,,,,,,0.02
2006-01-15,,,,,28.1,31.0,25.0,,,,,,0.0
2006-01-16,,,,,34.7,40.0,27.0,,,,,,0.81
2006-01-17,,,,,36.8,40.0,32.0,,,,,,1.64
2006-01-18,,,,,31.0,32.0,30.0,,,,,,0.0
2006-01-19,,,,,30.9,33.0,28.0,,,,,,0.01
2006-01-20,,,,,31.8,34.0,31.0,,,,,,0.12
2006-01-21,,,,,31.0,37.0,28.0,,,,,,0.06
2006-01-22,,,,,37.1,47.0,28.0,,,,,,0.41
2006-01-23,,,,,48.2,63.0,42.0,,,,,,0.22
2006-01-24,,,,,46.2,56.0,39.0,,,,,,0.0
2006-01-25,,,,,34.8,43.0,29.0,,,,,,0.0
2006-01-26,,,,,28.9,31.0,28.0,,,,,,0.0
2006-01-27,,,,,30.0,32.0,27.0,,,,,,0.0
2006-01-28,,,,,32.4,35.0,31.0,,,,,,0.53
2006-01-29,,,,,35.4,41.0,31.0,,,,,,0.61
2006-01-30,,,,,35.7,41.0,29.0,,,,,,0.81
2006-01-31,,,,,30.8,39.0,28.0,,,,,,0.47
2006-02-01,,,,,38.2,42.0,33.0,,,,,,0.21
2006-02-02,,,,,38.8,43.0,36.0,,,,,,0.0
2006-02-03,,,,,42.1,47.0,38.0,,,,,,0.5
2006-02-04,,,,,30.2,37.0,25.0,,,,,,0.15
2006-02-05,,,,,34.7,48.0,22.0,,,,,,0.14
2006-02-06,,,,,52.4,58.0,47.0,,,,,,0.02
2006-02-07,,,,,54.9,64.0,48.0,,,,,,0.0
2006-02-08,,,,,50.4,58.0,43.0,,,,,,0.0
2006-02-09,,,,,50.9,63.0,42.0,,,,,,0.0
2006-02-10,,,,,52.1,65.0,44.0,,,,,,0.0
2006-02-11,,,,,48.8,61.0,40.0,,,,,,0.0
2006-02-12,,,,,43.3,54.0,36.0,,,,,,0.0
2006-02-13,,,,,38.4,47.0,31.0,,,,,,0.0
2006-02-14,,,,,26.6,34.0,22.0,,,,,,0.01
2006-02-15,,,,,25.8,36.0,21.0,,,,,,0.01
2006-02-16,,,,,27.3,39.0,20.0,,,,,,0.0
2006-02-17,,,,,24.4,32.0,18.0,,,,,,0.0
2006-02-18,,,,,26.0,39.0,16.0,,,,,,0.0
2006-02-19,,,,,30.9,41.0,23.0,,,,,,0.0
2006-02-20,,,,,32.4,43.0,26.0,,,,,,0.0
2006-02-21,,,,,33.7,45.0,26.0,,,,,,0.0
2006-02-22,,,,,38.8,50.0,29.0,,,,,,0.0
2006-02-23,,,,,41.7,55.0,31.0,,,,,,0.0
2006-02-24,,,,,37.8,50.0,30.0,,,,,,0.0
2006-02-25,,,,,46.2,57.0,41.0,,,,,,0.0
2006-02-26,,,,,44.8,56.0,38.0,,,,,,0.7
2006-02-27,,,,,39.1,42.0,36.0,,,,,,1.86
2006-02-28,,,,,33.8,40.0,31.0,,,,,,0.26
2006-03-01,,,,,35.5,48.0,28.0,,,,,,0.01
2006-03-02,,,,,30.5,37.0,26.0,,,,,,0.12
2006-03-03,,,,,30.8,36.0,27.0,,,,,,0.02
2006-03-04,,,,,31.7,44.0,26.0,,,,,,0.09
2006-03-05,,,,,32.0,34.0,30.0,,,,,,0.23
2006-03-06,,,,,32.0,36.0,30.0,,,,,,0.2
2006-03-07,,,,,31.5,41.0,29.0,,,,,,0.26
2006-03-08,,,,,28.8,32.0,24.0,,,,,,0.0
2006-03-09,,,,,26.0,30.0,23.0,,,,,,0.0
2006-03-10,,,,,27.0,38.0,18.0,,,,,,0.0
2006-03-11,,,,,26.5,43.0,19.0,,,,,,0.0
2006-03-12,,,,,31.0,47.0,24.0,,,,,,0.27
2006-03-13,,,,,27.5,34.0,23.0,,,,,,0.0
2006-03-14,,,,,28.6,31.0,27.0,,,,,,0.0
2006-03-15,,,,,32.2,36.0,29.0,,,,,,0.13
2006-03-16,,,,,30.2,32.0,29.0,,,,,,0.01
2006-03-17,,,,,31.8,41.0,27.0,,,,,,0.25
2006-03-18,,,,,31.4,44.0,26.0,,,,,,0.21
2006-03-19,,,,,35.7,52.0,26.0,,,,,,0.26
2006-03-20,,,,,33.0,40.0,30.0,,,,,,0.13
2006-03-21,,,,,33.6,41.0,31.0,,,,,,0.12
2006-03-22,,,,,38.0,48.0,31.0,,,,,,0.0
2006-03-23,,,,,42.1,53.0,36.0,,,,,,0.33
2006-03-24,,,,,36.5,45.0,32.0,,,,,,0.09
2006-03-25,,,,,33.3,41.0,30.0,,,,,,0.14
2006-03-26,,,,,35.8,49.0,26.0,,,,,,0.1
2006-03-27,,,,,43.6,58.0,33.0,,,,,,0.01
2006-03-28,,,,,37.1,54.0,30.0,,,,,,0.05
2006-03-29,,,,,37.6,50.0,29.0,,,,,,0.29
2006-03-30,,,,,36.5,44.0,32.0,,,,,,0.09
2006-03-31,,,,,33.8,43.0,29.0,,,,,,0.05
2006-04-01,,,,,32.5,40.0,28.0,,,,,,0.11
2006-04-02,,,,,37.3,47.0,32.0,,,,,,0.08
2006-04-03,,,,,37.6,52.0,32.0,,,,,,0.19
2006-04-04,,,,,38.9,52.0,31.0,,,,,,0.0
2006-04-05,,,,,34.5,37.0,32.0,,,,,,0.05
2006-04-06,,,,,40.2,55.0,32.0,,,,,,0.01
2006-04-07,,,,,45.2,56.0,38.0,,,,,,0.0
2006-04-08,,,,,36.5,43.0,34.0,,,,,,0.2
2006-04-09,,,,,35.5,45.0,31.0,,,,,,0.24
2006-04-10,,,,,36.9,49.0,32.0,,,,,,0.12
2006-04-11,,,,,40.3,52.0,34.0,,,,,,0.11
2006-04-12,,,,,44.1,55.0,37.0,,,,,,0.0
2006-04-13,,,,,46.2,59.0,40.0,,,,,,0.0
2006-04-14,,,,,37.8,46.0,31.0,,,,,,0.17
2006-04-15,,,,,29.5,34.0,27.0,,,,,,0.05
2006-04-16,,,,,30.2,38.0,27.0,,,,,,0.19
2006-04-17,,,,,32.3,42.0,25.0,,,,,,0.21
2006-04-18,,,,,44.2,61.0,29.0,,,,,,0.05
2006-04-19,,,,,51.0,64.0,41.0,,,,,,0.0
2006-04-20,,,,,49.5,63.0,39.0,,,,,,0.0
2006-04-21,,,,,35.1,39.0,29.0,,,,,,0.15
2006-04-22,,,,,38.6,54.0,27.0,,,,,,0.0
2006-04-23,,,,,52.1,66.0,39.0,,,,,,0.0
2006-04-24,,,,,48.7,63.0,38.0,,,,,,0.0
2006-04-25,,,,,47.5,63.0,36.0,,,,,,0.0
2006-04-26,,,,,46.0,56.0,38.0,,,,,,0.0
2006-04-27,,,,,54.1,67.0,42.0,,,,,,0.0
2006-04-28,,,,,60.4,75.0,49.0,,,,,,0.0
2006-04-29,,,,,51.8,63.0,38.0,,,,,,0.0
2006-04-30,,,,,43.2,57.0,35.0,,,,,,0.0
2006-05-01,,,,,40.2,56.0,32.0,,,,,,0.0
2006-05-02,,,,,42.1,58.0,27.0,,,,,,0.0
2006-05-03,,,,,52.3,66.0,36.0,,,,,,0.0
2006-05-04,,,,,59.0,74.0,47.0,,,,,,0.0
2006-05-05,,,,,54.2,66.0,40.0,,,,,,0.0
2006-05-06,,,,,46.7,59.0,37.0,,,,,,0.0
2006-05-07,,,,,46.5,63.0,40.0,,,,,,0.0
2006-05-08,,,,,41.6,55.0,33.0,,,,,,0.0
2006-05-09,,,,,47.1,62.0,33.0,,,,,,0.0
2006-05-10,,,,,58.6,71.0,48.0,,,,,,0.0
2006-05-11,,,,,51.4,66.0,37.0,,,,,,0.0
2006-05-12,,,,,46.8,62.0,34.0,,,,,,0.0
2006-05-13,,,,,54.2,68.0,39.0,,,,,,0.0
2006-05-14,,,,,64.9,80.0,51.0,,,,,,0.0
2006-05-15,,,,,73.0,89.0,58.0,,,,,,0.0
2006-05-16,,,,,66.0,79.0,58.0,,,,,,0.0
2006-05-17,,,,,71.3,85.0,60.0,,,,,,0.0
2006-05-18,,,,,68.6,81.0,58.0,,,,,,0.0
2006-05-19,,,,,52.8,60.0,45.0,,,,,,0.83
2006-05-20,,,,,51.8,62.0,45.0,,,,,,0.09
2006-05-21,,,,,50.7,63.0,44.0,,,,,,0.17
2006-05-22,,,,,46.7,58.0,41.0,,,,,,0.14
2006-05-23,,,,,44.8,50.0,41.0,,,,,,1.1
2006-05-24,,,,,42.0,46.0,39.0,,,,,,0.17
2006-05-25,,,,,42.1,51.0,36.0,,,,,,0.1
2006-05-26,,,,,37.7,44.0,33.0,,,,,,0.16
2006-05-27,,,,,37.4,41.0,33.0,,,,,,0.18
2006-05-28,,,,,42.6,55.0,36.0,,,,,,0.04
2006-05-29,,,,,49.6,64.0,38.0,,,,,,0.0
2006-05-30,,,,,57.1,72.0,45.0,,,,,,0.0
2006-05-31,,,,,54.2,62.0,51.0,,,,,,0.12
2006-06-01,,,,,53.2,61.0,50.0,,,,,,0.15
2006-06-02,,,,,53.3,63.0,49.0,,,,,,0.12
2006-06-03,,,,,55.9,70.0,48.0,,,,,,0.17
2006-06-04,,,,,55.5,67.0,49.0,,,,,,0.26
2006-06-05,,,,,57.1,69.0,47.0,,,,,,0.0
2006-06-06,,,,,53.0,66.0,47.0,,,,,,0.0
2006-06-07,,,,,50.9,63.0,44.0,,,,,,0.0
2006-06-08,,,,,46.5,59.0,40.0,,,,,,0.0
2006-06-09,,,,,49.8,65.0,40.0,,,,,,0.0
2006-06-10,,,,,53.7,65.0,43.0,,,,,,0.0
2006-06-11,,,,,60.7,76.0,49.0,,,,,,0.27
2006-06-12,,,,,54.2,65.0,48.0,,,,,,0.1
2006-06-13,,,,,47.6,56.0,43.0,,,,,,0.43
2006-06-14,,,,,46.3,54.0,43.0,,,,,,0.05
2006-06-15,,,,,53.3,66.0,44.0,,,,,,0.06
2006-06-16,,,,,56.4,70.0,44.0,,,,,,0.0
2006-06-17,,,,,52.2,67.0,41.0,,,,,,0.0
2006-06-18,,,,,49.5,63.0,43.0,,,,,,0.0
2006-06-19,,,,,49.7,64.0,41.0,,,,,,0.0
2006-06-20,,,,,52.8,70.0,41.0,,,,,,0.0
2006-06-21,,,,,53.9,68.0,43.0,,,,,,0.0
2006-06-22,,,,,55.9,72.0,43.0,,,,,,0.0
2006-06-23,,,,,60.4,74.0,45.0,,,,,,0.0
2006-06-24,,,,,72.9,84.0,59.0,,,,,,0.0
2006-06-25,,,,,78.7,91.0,66.0,,,,,,0.0
2006-06-26,,,,,81.3,94.0,70.0,,,,,,0.0
2006-06-27,,,,,72.9,84.0,62.0,,,,,,0.0
2006-06-28,,,,,68.8,79.0,63.0,,,,,,0.0
2006-06-29,,,,,70.6,80.0,63.0,,,,,,0.0
2006-06-30,,,,,71.8,86.0,59.0,,,,,,0.0
2006-07-01,,,,,67.1,81.0,55.0,,,,,,0.0
2006-07-02,,,,,68.1,83.0,56.0,,,,,,0.0
2006-07-03,,,,,67.4,78.0,56.0,,,,,,0.0
2006-07-04,,,,,60.8,73.0,48.0,,,,,,0.0
2006-07-05,,,,,48.4,54.0,44.0,,,,,,0.13
2006-07-06,,,,,48.1,59.0,43.0,,,,,,0.13
2006-07-07,,,,,61.1,74.0,45.0,,,,,,0.0
2006-07-08,,,,,67.1,82.0,56.0,,,,,,0.0
2006-07-09,,,,,67.5,83.0,53.0,,,,,,0.0
2006-07-10,,,,,58.7,71.0,51.0,,,,,,0.0
2006-07-11,,,,,57.2,64.0,51.0,,,,,,0.0
2006-07-12,,,,,57.5,67.0,50.0,,,,,,0.0
2006-07-13,,,,,64.3,79.0,50.0,,,,,,0.0
2006-07-14,,,,,67.0,82.0,57.0,,,,,,0.0
2006-07-15,,,,,62.3,73.0,52.0,,,,,,0.0
2006-07-16,,,,,64.6,80.0,51.0,,,,,,0.0
2006-07-17,,,,,65.0,81.0,52.0,,,,,,0.0
2006-07-18,,,,,62.0,78.0,50.0,,,,,,0.0
2006-07-19,,,,,64.1,80.0,51.0,,,,,,0.0
2006-07-20,,,,,74.5,88.0,58.0,,,,,,0.0
2006-07-21,,,,,82.4,93.0,76.0,,,,,,0.0
2006-07-22,,,,,82.8,97.0,73.0,,,,,,0.0
2006-07-23,,,,,81.3,97.0,68.0,,,,,,0.0
2006-07-24,,,,,77.3,91.0,65.0,,,,,,0.0
2006-07-25,,,,,70.9,87.0,60.0,,,,,,0.0
2006-07-26,,,,,71.2,87.0,59.0,,,,,,0.0
2006-07-27,,,,,71.5,89.0,58.0,,,,,,0.0
2006-07-28,,,,,62.8,79.0,49.0,,,,,,0.0
2006-07-29,,,,,54.6,74.0,42.0,,,,,,0.0
2006-07-30,,,,,53.2,68.0,40.0,,,,,,0.0
2006-07-31,,,,,54.9,71.0,44.0,,,,,,0.0
2006-08-01,,,,,57.7,74.0,45.0,,,,,,0.0
2006-08-02,,,,,58.4,75.0,47.0,,,,,,0.0
2006-08-03,,,,,58.1,75.0,46.0,,,,,,0.0
2006-08-04,,,,,60.2,75.0,47.0,,,,,,0.0
2006-08-05,,,,,68.7,82.0,56.0,,,,,,0.0
2006-08-06,,,,,70.2,83.0,59.0,,,,,,0.0
2006-08-07,,,,,65.9,76.0,55.0,,,,,,0.0
2006-08-08,,,,,63.4,78.0,55.0,,,,,,0.0
2006-08-09,,,,,67.4,84.0,55.0,,,,,,0.0
2006-08-10,,,,,61.5,78.0,46.0,,,,,,0.0
2006-08-11,,,,,54.0,72.0,42.0,,,,,,0.0
2006-08-12,,,,,57.8,76.0,45.0,,,,,,0.0
2006-08-13,,,,,67.8,85.0,52.0,,,,,,0.0
2006-08-14,,,,,65.5,84.0,50.0,,,,,,0.0
2006-08-15,,,,,55.4,69.0,47.0,,,,,,0.0
2006-08-16,,,,,50.9,66.0,43.0,,,,,,0.0
2006-08-17,,,,,58.9,76.0,44.0,,,,,,0.0
2006-08-18,,,,,73.6,89.0,58.0,,,,,,0.0
2006-08-19,,,,,75.5,90.0,63.0,,,,,,0.0
2006-08-20,,,,,71.5,84.0,61.0,,,,,,0.0
2006-08-21,,,,,66.6,80.0,57.0,,,,,,0.0
2006-08-22,,,,,64.2,74.0,52.0,,,,,,0.0
2006-08-23,,,,,58.2,76.0,45.0,,,,,,0.0
2006-08-24,,,,,57.8,74.0,47.0,,,,,,0.0
2006-08-25,,,,,60.5,76.0,46.0,,,,,,0.0
2006-08-26,,,,,72.2,88.0,61.0,,,,,,0.0
2006-08-27,,,,,77.1,92.0,65.0,,,,,,0.0
2006-08-28,,,,,73.2,90.0,51.0,,,,,,0.0
2006-08-29,,,,,52.8,70.0,42.0,,,,,,0.0
2006-08-30,,,,,50.2,67.0,38.0,,,,,,0.0
2006-08-31,,,,,59.9,74.0,43.0,,,,,,0.0
2006-09-01,,,,,74.3,92.0,60.0,,,,,,0.0
2006-09-02,,,,,74.0,89.0,64.0,,,,,,0.0
2006-09-03,,,,,73.8,88.0,65.0,,,,,,0.0
2006-09-04,,,,,70.3,83.0,59.0,,,,,,0.0
2006-09-05,,,,,67.6,81.0,58.0,,,,,,0.0
2006-09-06,,,,,65.4,82.0,53.0,,,,,,0.0
2006-09-07,,,,,62.6,77.0,53.0,,,,,,0.0
2006-09-08,,,,,58.4,76.0,47.0,,,,,,0.0
2006-09-09,,,,,53.1,66.0,47.0,,,,,,0.0
2006-09-10,,,,,62.6,77.0,50.0,,,,,,0.0
2006-09-11,,,,,67.2,80.0,59.0,,,,,,0.0
2006-09-12,,,,,65.4,80.0,55.0,,,,,,0.0
2006-09-13,,,,,57.7,76.0,43.0,,,,,,0.0
2006-09-14,,,,,45.8,60.0,37.0,,,,,,0.0
2006-09-15,,,,,40.8,53.0,37.0,,,,,,0.0
2006-09-16,,,,,47.5,60.0,38.0,,,,,,0.0
2006-09-17,,,,,58.2,74.0,47.0,,,,,,0.0
2006-09-18,,,,,49.5,56.0,42.0,,,,,,0.0
2006-09-19,,,,,44.2,50.0,42.0,,,,,,0.0
2006-09-20,,,,,49.2,62.0,40.0,,,,,,0.0
2006-09-21,,,,,45.7,54.0,41.0,,,,,,0.0
2006-09-22,,,,,47.3,62.0,38.0,,,,,,0.0
2006-09-23,,,,,57.8,72.0,44.0,,,,,,0.0
2006-09-24,,,,,65.1,78.0,54.0,,,,,,0.0
2006-09-25,,,,,68.5,82.0,59.0,,,,,,0.0
2006-09-26,,,,,71.7,85.0,62.0,,,,,,0.0
2006-09-27,,,,,72.7,84.0,65.0,,,,,,0.0
2006-09-28,,,,,71.6,83.0,63.0,,,,,,0.0
2006-09-29,,,,,69.5,84.0,58.0,,,,,,0.0
2006-09-30,,,,,60.2,71.0,48.0,,,,,,0.0
2006-10-01,,,,,51.8,62.0,45.0,,,,,,0.0
2006-10-02,,,,,51.2,66.0,43.0,,,,,,0.01
2006-10-03,,,,,46.0,55.0,40.0,,,,,,0.0
2006-10-04,,,,,48.8,64.0,40.0,,,,,,0.0
2006-10-05,,,,,53.6,69.0,44.0,,,,,,0.0
2006-10-06,,,,,49.1,62.0,43.0,,,,,,0.0
2006-10-07,,,,,45.2,57.0,40.0,,,,,,0.0
2006-10-08,,,,,52.2,62.0,42.0,,,,,,0.0
2006-10-09,,,,,54.8,68.0,45.0,,,,,,0.0
2006-10-10,,,,,53.2,67.0,41.0,,,,,,0.0
2006-10-11,,,,,62.3,76.0,51.0,,,,,,0.0
2006-10-12,,,,,66.5,77.0,58.0,,,,,,0.0
2006-10-13,,,,,62.8,73.0,51.0,,,,,,0.0
2006-10-14,,,,,56.3,66.0,49.0,,,,,,0.0
2006-10-15,,,,,43.7,49.0,40.0,,,,,,0.22
2006-10-16,,,,,40.5,43.0,39.0,,,,,,0.3
2006-10-17,,,,,42.5,53.0,36.0,,,,,,0.01
2006-10-18,,,,,50.5,60.0,42.0,,,,,,0.0
2006-10-19,,,,,52.4,61.0,48.0,,,,,,0.01
2006-10-20,,,,,49.6,61.0,43.0,,,,,,0.01
2006-10-21,,,,,56.0,71.0,44.0,,,,,,0.0
2006-10-22,,,,,57.8,72.0,43.0,,,,,,0.0
2006-10-23,,,,,44.5,53.0,37.0,,,,,,0.0
2006-10-24,,,,,38.6,48.0,33.0,,,,,,0.04
2006-10-25,,,,,38.8,49.0,33.0,,,,,,0.0
2006-10-26,,,,,52.4,65.0,41.0,,,,,,0.0
2006-10-27,,,,,60.7,72.0,54.0,,,,,,0.0
2006-10-28,,,,,59.8,72.0,50.0,,,,,,0.0
2006-10-29,,,,,40.8,51.0,32.0,,,,,,0.0
2006-10-30,,,,,35.2,46.0,29.0,,,,,,0.0
2006-10-31,,,,,42.6,51.0,36.0,,,,,,0.0
2006-11-01,,,,,44.5,49.0,41.0,,,,,,0.05
2006-11-02,,,,,44.7,47.0,41.0,,,,,,0.79
2006-11-03,,,,,46.4,47.0,45.0,,,,,,0.95
2006-11-04,,,,,46.7,48.0,45.0,,,,,,0.05
2006-11-05,,,,,49.8,52.0,47.0,,,,,,0.15
2006-11-06,,,,,53.7,56.0,52.0,,,,,,0.01
2006-11-07,,,,,49.0,53.0,40.0,,,,,,0.63
2006-11-08,,,,,35.5,40.0,31.0,,,,,,0.22
2006-11-09,,,,,33.9,41.0,32.0,,,,,,0.21
2006-11-10,,,,,34.8,39.0,32.0,,,,,,0.51
2006-11-11,,,,,32.4,39.0,30.0,,,,,,0.01
2006-11-12,,,,,31.5,39.0,29.0,,,,,,0.5
2006-11-13,,,,,38.8,42.0,34.0,,,,,,0.37
2006-11-14,,,,,34.6,45.0,27.0,,,,,,0.04
2006-11-15,,,,,39.8,45.0,36.0,,,,,,0.36
2006-11-16,,,,,37.4,44.0,33.0,,,,,,0.05
2006-11-17,,,,,37.3,42.0,34.0,,,,,,0.0
2006-11-18,,,,,45.1,51.0,36.0,,,,,,0.01
2006-11-19,,,,,44.8,48.0,41.0,,,,,,0.68
2006-11-20,,,,,40.8,48.0,38.0,,,,,,0.01
2006-11-21,,,,,35.0,39.0,32.0,,,,,,0.67
2006-11-22,,,,,33.0,37.0,29.0,,,,,,0.68
2006-11-23,,,,,30.4,32.0,27.0,,,,,,0.0
2006-11-24,,,,,33.5,35.0,32.0,,,,,,0.52
2006-11-25,,,,,32.2,38.0,30.0,,,,,,0.15
2006-11-26,,,,,32.3,35.0,29.0,,,,,,0.35
2006-11-27,,,,,29.5,30.0,29.0,,,,,,0.0
2006-11-28,,,,,25.5,27.0,23.0,,,,,,0.0
2006-11-29,,,,,32.0,38.0,28.0,,,,,,0.0
2006-11-30,,,,,35.2,40.0,31.0,,,,,,0.47
2006-12-01,,,,,31.1,44.0,27.0,,,,,,0.0
2006-12-02,,,,,39.6,50.0,32.0,,,,,,0.0
2006-12-03,,,,,48.7,59.0,42.0,,,,,,0.0
2006-12-04,,,,,47.6,54.0,43.0,,,,,,0.0
2006-12-05,,,,,52.2,61.0,47.0,,,,,,0.0
2006-12-06,,,,,52.7,60.0,49.0,,,,,,0.0
2006-12-07,,,,,48.2,50.0,45.0,,,,,,0.0
2006-12-08,,,,,47.6,52.0,40.0,,,,,,0.0
2006-12-09,,,,,39.7,44.0,37.0,,,,,,0.1
2006-12-10,,,,,33.6,37.0,31.0,,,,,,0.09
2006-12-11,,,,,38.9,42.0,35.0,,,,,,0.75
2006-12-12,,,,,38.4,43.0,35.0,,,,,,0.22
2006-12-13,,,,,41.6,46.0,39.0,,,,,,0.89
2006-12-14,,,,,42.7,46.0,32.0,,,,,,0.46
2006-12-15,,,,,26.8,32.0,22.0,,,,,,0.0
2006-12-16,,,,,25.4,29.0,23.0,,,,,,0.0
2006-12-17,,,,,29.5,50.0,22.0,,,,,,0.0
2006-12-18,,,,,37.3,47.0,26.0,,,,,,0.0
2006-12-19,,,,,39.0,45.0,34.0,,,,,,0.0
2006-12-20,,,,,35.0,39.0,32.0,,,,,,0.16
2006-12-21,,,,,35.0,40.0,30.0,,,,,,0.47
2006-12-22,,,,,31.2,37.0,26.0,,,,,,0.0
2006-12-23,,,,,38.9,42.0,36.0,,,,,,0.15
2006-12-24,,,,,42.0,45.0,38.0,,,,,,0.36
2006-12-25,,,,,39.5,43.0,36.0,,,,,,3.03
2006-12-26,,,,,36.8,38.0,34.0,,,,,,1.59
2006-12-27,,,,,28.6,35.0,25.0,,,,,,0.07
2006-12-28,,,,,28.8,37.0,19.0,,,,,,0.0
2006-12-29,,,,,39.0,49.0,33.0,,,,,,0.07
2006-12-30,,,,,41.4,51.0,34.0,,,,,,0.03
2006-12-31,,,,,40.9,53.0,36.0,,,,,,0.0
2007-01-01,,,,,42.4,46.0,39.0,,,,,,0.0
2007-01-02,,,,,44.8,47.0,42.0,,,,,,0.0
2007-01-03,,,,,38.2,44.0,32.0,,,,,,1.51
2007-01-04,,,,,27.8,32.0,24.0,,,,,,0.0
2007-01-05,,,,,25.2,29.0,21.0,,,,,,0.0
2007-01-06,,,,,32.3,34.0,30.0,,,,,,0.0
2007-01-07,,,,,34.9,37.0,33.0,,,,,,0.75
2007-01-08,,,,,44.4,57.0,36.0,,,,,,0.16
2007-01-09,,,,,46.1,58.0,32.0,,,,,,0.05
2007-01-10,,,,,25.3,31.0,21.0,,,,,,0.0
2007-01-11,,,,,21.5,29.0,16.0,,,,,,0.0
2007-01-12,,,,,21.0,33.0,11.0,,,,,,0.0
2007-01-13,,,,,25.2,37.0,18.0,,,,,,0.0
2007-01-14,,,,,28.0,41.0,20.0,,,,,,0.0
2007-01-15,,,,,35.5,41.0,28.0,,,,,,0.0
2007-01-16,,,,,30.8,36.0,27.0,,,,,,0.0
2007-01-17,,,,,30.0,37.0,22.0,,,,,,0.02
2007-01-18,,,,,41.2,54.0,30.0,,,,,,0.1
2007-01-19,,,,,39.5,47.0,32.0,,,,,,0.0
2007-01-20,,,,,30.2,38.0,27.0,,,,,,0.01
2007-01-21,,,,,37.4,52.0,27.0,,,,,,0.0
2007-01-22,,,,,45.7,55.0,39.0,,,,,,0.0
2007-01-23,,,,,49.3,58.0,45.0,,,,,,0.0
2007-01-24,,,,,48.8,58.0,43.0,,,,,,0.0
2007-01-25,,,,,44.0,58.0,36.0,,,,,,0.0
2007-01-26,,,,,47.4,58.0,40.0,,,,,,0.0
2007-01-27,,,,,47.1,58.0,38.0,,,,,,0.0
2007-01-28,,,,,43.5,55.0,33.0,,,,,,0.0
2007-01-29,,,,,46.1,57.0,38.0,,,,,,0.0
2007-01-30,,,,,44.4,55.0,37.0,,,,,,0.0
2007-01-31,,,,,43.0,55.0,33.0,,,,,,0.0
2007-02-01,,,,,40.7,51.0,34.0,,,,,,0.0
2007-02-02,,,,,43.7,52.0,38.0,,,,,,0.0
2007-02-03,,,,,46.8,57.0,42.0,,,,,,0.0
2007-02-04,,,,,55.5,66.0,48.0,,,,,,0.0
2007-02-05,,,,,56.5,61.0,54.0,,,,,,0.0
2007-02-06,,,,,47.2,52.0,44.0,,,,,,0.0
2007-02-07,,,,,39.1,44.0,32.0,,,,,,0.3
2007-02-08,,,,,34.6,38.0,32.0,,,,,,0.41
2007-02-09,,,,,42.0,51.0,36.0,,,,,,0.02
2007-02-10,,,,,41.1,46.0,38.0,,,,,,0.44
2007-02-11,,,,,34.0,38.0,32.0,,,,,,0.19
2007-02-12,,,,,35.8,46.0,31.0,,,,,,0.11
2007-02-13,,,,,35.6,45.0,32.0,,,,,,0.05
2007-02-14,,,,,35.6,41.0,33.0,,,,,,0.14
2007-02-15,,,,,43.1,49.0,41.0,,,,,,0.25
2007-02-16,,,,,44.4,49.0,42.0,,,,,,0.04
2007-02-17,,,,,47.2,60.0,35.0,,,,,,0.0
2007-02-18,,,,,31.6,35.0,28.0,,,,,,0.09
2007-02-19,,,,,31.5,36.0,28.0,,,,,,0.08
2007-02-20,,,,,31.0,34.0,27.0,,,,,,0.05
2007-02-21,,,,,29.2,31.0,27.0,,,,,,0.0
2007-02-22,,,,,29.2,34.0,25.0,,,,,,0.0
2007-02-23,,,,,27.0,34.0,22.0,,,,,,0.0
2007-02-24,,,,,31.1,33.0,29.0,,,,,,0.17
2007-02-25,,,,,26.9,29.0,25.0,,,,,,0.0
2007-02-26,,,,,26.0,32.0,23.0,,,,,,0.0
2007-02-27,,,,,26.1,31.0,23.0,,,,,,0.0
2007-02-28,,,,,26.8,32.0,24.0,,,,,,0.0
2007-03-01,,,,,30.2,35.0,26.0,,,,,,0.01
2007-03-02,,,,,33.7,36.0,32.0,,,,,,0.96
2007-03-03,,,,,45.6,61.0,35.0,,,,,,0.34
2007-03-04,,,,,48.5,59.0,42.0,,,,,,0.0
2007-03-05,,,,,48.4,62.0,42.0,,,,,,0.0
2007-03-06,,,,,47.6,54.0,41.0,,,,,,0.0
2007-03-07,,,,,37.7,43.0,30.0,,,,,,0.2
2007-03-08,,,,,36.4,49.0,29.0,,,,,,0.01
2007-03-09,,,,,35.5,40.0,31.0,,,,,,0.22
2007-03-10,,,,,43.0,48.0,38.0,,,,,,0.01
2007-03-11,,,,,54.4,67.0,47.0,,,,,,0.0
2007-03-12,,,,,51.4,60.0,45.0,,,,,,0.0
2007-03-13,,,,,45.6,59.0,36.0,,,,,,0.0
2007-03-14,,,,,40.2,53.0,31.0,,,,,,0.0
2007-03-15,,,,,52.9,66.0,39.0,,,,,,0.0
2007-03-16,,,,,58.6,69.0,50.0,,,,,,0.0
2007-03-17,,,,,53.2,65.0,45.0,,,,,,0.0
2007-03-18,,,,,49.3,63.0,41.0,,,,,,0.0
2007-03-19,,,,,40.2,45.0,33.0,,,,,,0.28
2007-03-20,,,,,32.9,38.0,27.0,,,,,,0.1
2007-03-21,,,,,35.6,49.0,24.0,,,,,,0.07
2007-03-22,,,,,48.8,62.0,38.0,,,,,,0.0
2007-03-23,,,,,51.5,63.0,40.0,,,,,,0.0
2007-03-24,,,,,51.0,61.0,43.0,,,,,,0.0
2007-03-25,,,,,39.7,46.0,32.0,,,,,,0.4
2007-03-26,,,,,33.3,40.0,27.0,,,,,,0.03
2007-03-27,,,,,29.0,33.0,26.0,,,,,,0.01
2007-03-28,,,,,33.3,45.0,23.0,,,,,,0.48
2007-03-29,,,,,49.1,65.0,32.0,,,,,,0.18
2007-03-30,,,,,49.7,62.0,42.0,,,,,,0.0
2007-03-31,,,,,41.5,49.0,36.0,,,,,,0.0
2007-04-01,,,,,34.8,41.0,27.0,,,,,,0.09
2007-04-02,,,,,35.1,49.0,24.0,,,,,,0.0
2007-04-03,,,,,49.0,62.0,38.0,,,,,,0.0
2007-04-04,,,,,51.2,64.0,44.0,,,,,,0.0
2007-04-05,,,,,59.2,74.0,46.0,,,,,,0.0
2007-04-06,,,,,57.8,70.0,50.0,,,,,,0.0
2007-04-07,,,,,47.6,58.0,37.0,,,,,,0.16
2007-04-08,,,,,43.6,55.0,37.0,,,,,,0.11
2007-04-09,,,,,37.0,46.0,31.0,,,,,,0.13
2007-04-10,,,,,40.3,51.0,30.0,,,,,,0.0
2007-04-11,,,,,34.0,41.0,28.0,,,,,,0.19
2007-04-12,,,,,34.3,47.0,27.0,,,,,,0.25
2007-04-13,,,,,43.2,58.0,34.0,,,,,,0.0
2007-04-14,,,,,34.5,39.0,31.0,,,,,,0.45
2007-04-15,,,,,37.1,50.0,30.0,,,,,,0.08
2007-04-16,,,,,42.5,52.0,36.0,,,,,,0.09
2007-04-17,,,,,31.5,35.0,28.0,,,,,,0.15
2007-04-18,,,,,30.9,37.0,27.0,,,,,,0.19
2007-04-19,,,,,32.7,41.0,26.0,,,,,,0.03
2007-04-20,,,,,40.2,52.0,31.0,,,,,,0.0
2007-04-21,,,,,34.6,38.0,31.0,,,,,,0.43
2007-04-22,,,,,37.5,44.0,33.0,,,,,,0.2
2007-04-23,,,,,46.0,64.0,34.0,,,,,,0.01
2007-04-24,,,,,48.2,61.0,41.0,,,,,,0.0
2007-04-25,,,,,42.0,52.0,36.0,,,,,,0.0
2007-04-26,,,,,47.0,62.0,35.0,,,,,,0.0
2007-04-27,,,,,54.9,69.0,43.0,,,,,,0.0
2007-04-28,,,,,52.4,65.0,43.0,,,,,,0.0
2007-04-29,,,,,49.3,60.0,41.0,,,,,,0.0
2007-04-30,,,,,47.2,61.0,38.0,,,,,,0.0
2007-05-01,,,,,41.4,50.0,36.0,,,,,,0.35
2007-05-02,,,,,34.2,43.0,30.0,,,,,,0.28
2007-05-03,,,,,34.0,44.0,30.0,,,,,,0.04
2007-05-04,,,,,34.9,44.0,31.0,,,,,,0.24
2007-05-05,,,,,42.0,56.0,30.0,,,,,,0.0
2007-05-06,,,,,53.4,67.0,39.0,,,,,,0.0
2007-05-07,,,,,60.4,73.0,48.0,,,,,,0.0
2007-05-08,,,,,62.9,73.0,43.0,,,,,,0.0
2007-05-09,,,,,47.7,58.0,39.0,,,,,,0.0
2007-05-10,,,,,49.9,63.0,38.0,,,,,,0.0
2007-05-11,,,,,53.1,63.0,45.0,,,,,,0.0
2007-05-12,,,,,38.9,44.0,33.0,,,,,,0.0
2007-05-13,,,,,43.6,59.0,31.0,,,,,,0.0
2007-05-14,,,,,62.0,76.0,45.0,,,,,,0.0
2007-05-15,,,,,59.0,71.0,39.0,,,,,,0.0
2007-05-16,,,,,51.2,65.0,39.0,,,,,,0.0
2007-05-17,,,,,53.2,68.0,43.0,,,,,,0.0
2007-05-18,,,,,53.3,68.0,44.0,,,,,,0.0
2007-05-19,,,,,46.8,57.0,37.0,,,,,,0.0
2007-05-20,,,,,40.3,52.0,35.0,,,,,,0.1
2007-05-21,,,,,42.3,57.0,32.0,,,,,,0.01
2007-05-22,,,,,46.0,60.0,35.0,,,,,,0.0
2007-05-23,,,,,57.4,73.0,43.0,,,,,,0.0
2007-05-24,,,,,60.2,74.0,51.0,,,,,,0.0
2007-05-25,,,,,58.8,70.0,50.0,,,,,,0.0
2007-05-26,,,,,57.5,73.0,46.0,,,,,,0.0
2007-05-27,,,,,44.4,53.0,36.0,,,,,,0.0
2007-05-28,,,,,50.4,63.0,34.0,,,,,,0.0
2007-05-29,,,,,67.5,84.0,51.0,,,,,,0.0
2007-05-30,,,,,67.7,82.0,55.0,,,,,,0.0
2007-05-31,,,,,64.4,79.0,54.0,,,,,,0.0
2007-06-01,,,,,64.6,80.0,54.0,,,,,,0.0
2007-06-02,,,,,65.9,80.0,54.0,,,,,,0.0
2007-06-03,,,,,65.8,81.0,55.0,,,,,,0.0
2007-06-04,,,,,53.9,67.0,43.0,,,,,,0.21
2007-06-05,,,,,40.5,46.0,35.0,,,,,,0.39
2007-06-06,,,,,39.1,45.0,34.0,,,,,,0.05
2007-06-07,,,,,44.3,59.0,36.0,,,,,,0.0
2007-06-08,,,,,54.0,70.0,40.0,,,,,,0.0
2007-06-09,,,,,49.4,51.0,47.0,,,,,,0.11
2007-06-10,,,,,46.9,54.0,39.0,,,,,,0.0
2007-06-11,,,,,47.7,63.0,38.0,,,,,,0.0
2007-06-12,,,,,59.1,75.0,45.0,,,,,,0.0
2007-06-13,,,,,58.0,74.0,43.0,,,,,,0.0
2007-06-14,,,,,58.1,72.0,43.0,,,,,,0.0
2007-06-15,,,,,60.3,76.0,49.0,,,,,,0.0
2007-06-16,,,,,48.0,56.0,41.0,,,,,,0.0
2007-06-17,,,,,51.2,68.0,39.0,,,,,,0.0
2007-06-18,,,,,54.8,70.0,43.0,,,,,,0.0
2007-06-19,,,,,65.5,81.0,52.0,,,,,,0.0
2007-06-20,,,,,62.8,77.0,48.0,,,,,,0.0
2007-06-21,,,,,56.3,70.0,45.0,,,,,,0.0
2007-06-22,,,,,49.7,67.0,40.0,,,,,,0.0
2007-06-23,,,,,48.2,61.0,38.0,,,,,,0.0
2007-06-24,,,,,46.0,60.0,36.0,,,,,,0.0
2007-06-25,,,,,54.5,72.0,37.0,,,,,,0.0
2007-06-26,,,,,62.2,77.0,48.0,,,,,,0.0
2007-06-27,,,,,59.8,74.0,46.0,,,,,,0.0
2007-06-28,,,,,55.2,64.0,48.0,,,,,,0.02
2007-06-29,,,,,49.1,56.0,45.0,,,,,,0.24
2007-06-30,,,,,56.0,72.0,42.0,,,,,,0.0
2007-07-01,,,,,55.7,71.0,45.0,,,,,,0.0
2007-07-02,,,,,61.4,76.0,48.0,,,,,,0.0
2007-07-03,,,,,67.2,82.0,55.0,,,,,,0.0
2007-07-04,,,,,70.1,85.0,59.0,,,,,,0.0
2007-07-05,,,,,67.5,85.0,54.0,,,,,,0.0
2007-07-06,,,,,65.2,83.0,53.0,,,,,,0.0
2007-07-07,,,,,62.6,80.0,49.0,,,,,,0.0
2007-07-08,,,,,66.2,85.0,50.0,,,,,,0.0
2007-07-09,,,,,65.4,81.0,50.0,,,,,,0.0
2007-07-10,,,,,79.1,95.0,64.0,,,,,,0.04
2007-07-11,,,,,71.6,86.0,59.0,,,,,,0.01
2007-07-12,,,,,64.8,74.0,55.0,,,,,,0.0
2007-07-13,,,,,63.4,77.0,53.0,,,,,,0.0
2007-07-14,,,,,67.9,83.0,56.0,,,,,,0.0
2007-07-15,,,,,62.7,76.0,54.0,,,,,,0.0
2007-07-16,,,,,58.8,71.0,52.0,,,,,,0.0
2007-07-17,,,,,54.6,63.0,51.0,,,,,,0.15
2007-07-18,,,,,55.1,65.0,48.0,,,,,,0.17
2007-07-19,,,,,55.7,69.0,46.0,,,,,,0.0
2007-07-20,,,,,55.3,67.0,49.0,,,,,,0.0
2007-07-21,,,,,59.3,74.0,52.0,,,,,,0.0
2007-07-22,,,,,67.2,84.0,54.0,,,,,,0.0
2007-07-23,,,,,63.5,74.0,55.0,,,,,,0.0
2007-07-24,,,,,57.8,73.0,51.0,,,,,,0.12
2007-07-25,,,,,63.1,80.0,49.0,,,,,,0.0
2007-07-26,,,,,62.9,76.0,52.0,,,,,,0.0
2007-07-27,,,,,66.2,83.0,53.0,,,,,,0.0
2007-07-28,,,,,64.8,79.0,52.0,,,,,,0.0
2007-07-29,,,,,55.1,63.0,49.0,,,,,,0.0
2007-07-30,,,,,57.9,75.0,48.0,,,,,,0.0
2007-07-31,,,,,63.2,81.0,48.0,,,,,,0.0
2007-08-01,,,,,69.8,86.0,57.0,,,,,,0.0
2007-08-02,,,,,68.3,86.0,55.0,,,,,,0.0
2007-08-03,,,,,63.7,78.0,51.0,,,,,,0.0
2007-08-04,,,,,57.9,75.0,47.0,,,,,,0.0
2007-08-05,,,,,57.5,74.0,49.0,,,,,,0.0
2007-08-06,,,,,53.9,67.0,47.0,,,,,,0.0
2007-08-07,,,,,57.7,74.0,47.0,,,,,,0.0
2007-08-08,,,,,62.9,78.0,53.0,,,,,,0.0
2007-08-09,,,,,56.3,73.0,47.0,,,,,,0.0
2007-08-10,,,,,58.3,76.0,46.0,,,,,,0.0
2007-08-11,,,,,59.8,77.0,44.0,,,,,,0.0
2007-08-12,,,,,55.5,74.0,43.0,,,,,,0.0
2007-08-13,,,,,64.4,82.0,49.0,,,,,,0.0
2007-08-14,,,,,68.0,84.0,56.0,,,,,,0.0
2007-08-15,,,,,64.8,81.0,52.0,,,,,,0.0
2007-08-16,,,,,56.0,73.0,47.0,,,,,,0.0
2007-08-17,,,,,55.9,74.0,45.0,,,,,,0.0
2007-08-18,,,,,54.8,70.0,45.0,,,,,,0.0
2007-08-19,,,,,52.5,63.0,44.0,,,,,,0.51
2007-08-20,,,,,56.5,67.0,52.0,,,,,,0.02
2007-08-21,,,,,59.0,72.0,53.0,,,,,,0.01
2007-08-22,,,,,56.6,68.0,49.0,,,,,,0.0
2007-08-23,,,,,60.8,74.0,49.0,,,,,,0.0
2007-08-24,,,,,65.4,80.0,54.0,,,,,,0.0
2007-08-25,,,,,63.7,81.0,50.0,,,,,,0.0
2007-08-26,,,,,52.8,66.0,46.0,,,,,,0.05
2007-08-27,,,,,55.0,72.0,42.0,,,,,,0.0
2007-08-28,,,,,66.0,78.0,51.0,,,,,,0.0
2007-08-29,,,,,77.2,92.0,63.0,,,,,,0.0
2007-08-30,,,,,74.9,87.0,64.0,,,,,,0.0
2007-08-31,,,,,66.2,79.0,53.0,,,,,,0.0
2007-09-01,,,,,64.5,81.0,54.0,,,,,,0.0
2007-09-02,,,,,65.1,81.0,52.0,,,,,,0.0
2007-09-03,,,,,66.8,83.0,54.0,,,,,,0.0
2007-09-04,,,,,52.5,58.0,48.0,,,,,,0.55
2007-09-05,,,,,56.2,70.0,50.0,,,,,,0.0
2007-09-06,,,,,56.9,70.0,48.0,,,,,,0.0
2007-09-07,,,,,54.8,72.0,46.0,,,,,,0.0
2007-09-08,,,,,61.8,77.0,46.0,,,,,,0.0
2007-09-09,,,,,71.2,86.0,58.0,,,,,,0.0
2007-09-10,,,,,75.5,90.0,64.0,,,,,,0.0
2007-09-11,,,,,74.2,86.0,61.0,,,,,,0.0
2007-09-12,,,,,67.2,79.0,55.0,,,,,,0.0
2007-09-13,,,,,50.0,56.0,43.0,,,,,,0.0
2007-09-14,,,,,52.8,67.0,46.0,,,,,,0.0
2007-09-15,,,,,57.3,71.0,48.0,,,,,,0.0
2007-09-16,,,,,47.8,53.0,44.0,,,,,,0.0
2007-09-17,,,,,48.2,61.0,40.0,,,,,,0.03
2007-09-18,,,,,45.8,60.0,36.0,,,,,,0.0
2007-09-19,,,,,42.6,49.0,39.0,,,,,,0.16
2007-09-20,,,,,51.2,67.0,39.0,,,,,,0.0
2007-09-21,,,,,56.2,71.0,45.0,,,,,,0.0
2007-09-22,,,,,47.6,59.0,39.0,,,,,,0.0
2007-09-23,,,,,45.0,58.0,37.0,,,,,,0.0
2007-09-24,,,,,49.4,64.0,39.0,,,,,,0.0
2007-09-25,,,,,53.2,66.0,42.0,,,,,,0.0
2007-09-26,,,,,63.2,76.0,49.0,,,,,,0.0
2007-09-27,,,,,64.6,77.0,48.0,,,,,,0.0
2007-09-28,,,,,39.5,47.0,34.0,,,,,,0.6
2007-09-29,,,,,41.8,52.0,34.0,,,,,,0.02
2007-09-30,,,,,40.8,45.0,37.0,,,,,,0.59
2007-10-01,,,,,44.8,56.0,39.0,,,,,,0.0
2007-10-02,,,,,48.7,59.0,42.0,,,,,,0.02
2007-10-03,,,,,41.8,49.0,36.0,,,,,,0.25
2007-10-04,,,,,36.1,42.0,33.0,,,,,,0.26
2007-10-05,,,,,36.5,46.0,33.0,,,,,,0.1
2007-10-06,,,,,41.8,49.0,34.0,,,,,,0.0
2007-10-07,,,,,51.2,66.0,45.0,,,,,,0.0
2007-10-08,,,,,51.8,59.0,45.0,,,,,,0.0
2007-10-09,,,,,49.8,56.0,40.0,,,,,,0.18
2007-10-10,,,,,40.7,45.0,38.0,,,,,,0.2
2007-10-11,,,,,41.9,47.0,39.0,,,,,,0.03
2007-10-12,,,,,47.3,57.0,42.0,,,,,,0.0
2007-10-13,,,,,52.3,64.0,42.0,,,,,,0.0
2007-10-14,,,,,54.3,66.0,46.0,,,,,,0.0
2007-10-15,,,,,43.2,46.0,39.0,,,,,,0.41
2007-10-16,,,,,37.8,44.0,34.0,,,,,,0.15
2007-10-17,,,,,35.5,39.0,32.0,,,,,,0.19
2007-10-18,,,,,45.5,52.0,35.0,,,,,,0.65
2007-10-19,,,,,41.6,52.0,35.0,,,,,,0.57
2007-10-20,,,,,35.0,43.0,32.0,,,,,,0.22
2007-10-21,,,,,44.3,55.0,33.0,,,,,,0.01
2007-10-22,,,,,63.5,76.0,54.0,,,,,,0.0
2007-10-23,,,,,63.6,71.0,57.0,,,,,,0.0
2007-10-24,,,,,51.7,60.0,38.0,,,,,,0.1
2007-10-25,,,,,33.8,37.0,31.0,,,,,,0.08
2007-10-26,,,,,42.3,56.0,29.0,,,,,,0.0
2007-10-27,,,,,56.8,69.0,45.0,,,,,,0.0
2007-10-28,,,,,59.1,69.0,55.0,,,,,,0.0
2007-10-29,,,,,53.0,61.0,43.0,,,,,,0.2
2007-10-30,,,,,46.1,57.0,39.0,,,,,,0.01
2007-10-31,,,,,49.3,60.0,39.0,,,,,,0.0
2007-11-01,,,,,43.8,57.0,37.0,,,,,,0.0
2007-11-02,,,,,49.3,57.0,39.0,,,,,,0.0
2007-11-03,,,,,57.4,69.0,49.0,,,,,,0.0
2007-11-04,,,,,58.5,66.0,50.0,,,,,,0.0
2007-11-05,,,,,60.8,72.0,54.0,,,,,,0.0
2007-11-06,,,,,61.9,74.0,56.0,,,,,,0.0
2007-11-07,,,,,61.5,73.0,56.0,,,,,,0.0
2007-11-08,,,,,55.8,64.0,47.0,,,,,,0.0
2007-11-09,,,,,47.5,55.0,42.0,,,,,,0.01
2007-11-10,,,,,43.8,49.0,31.0,,,,,,0.06
2007-11-11,,,,,37.8,46.0,31.0,,,,,,0.01
2007-11-12,,,,,42.4,46.0,37.0,,,,,,0.33
2007-11-13,,,,,37.0,44.0,34.0,,,,,,0.04
2007-11-14,,,,,46.8,52.0,40.0,,,,,,0.0
2007-11-15,,,,,45.2,47.0,42.0,,,,,,0.04
2007-11-16,,,,,42.8,46.0,40.0,,,,,,0.38
2007-11-17,,,,,46.6,48.0,45.0,,,,,,0.77
2007-11-18,,,,,42.2,50.0,32.0,,,,,,1.08
2007-11-19,,,,,31.8,36.0,28.0,,,,,,0.0
2007-11-20,,,,,30.6,39.0,26.0,,,,,,0.11
2007-11-21,,,,,36.6,47.0,27.0,,,,,,0.25
2007-11-22,,,,,39.9,49.0,32.0,,,,,,0.14
2007-11-23,,,,,44.9,56.0,35.0,,,,,,0.07
2007-11-24,,,,,46.2,51.0,41.0,,,,,,0.0
2007-11-25,,,,,44.5,56.0,37.0,,,,,,0.0
2007-11-26,,,,,41.3,46.0,32.0,,,,,,0.16
2007-11-27,,,,,31.9,41.0,28.0,,,,,,0.04
2007-11-28,,,,,31.8,36.0,27.0,,,,,,0.03
2007-11-29,,,,,29.8,33.0,26.0,,,,,,0.01
2007-11-30,,,,,26.5,34.0,23.0,,,,,,0.01
2007-12-01,,,,,25.4,29.0,21.0,,,,,,0.0
2007-12-02,,,,,33.5,39.0,30.0,,,,,,0.89
2007-12-03,,,,,45.1,48.0,40.0,,,,,,1.5
2007-12-04,,,,,45.7,54.0,41.0,,,,,,0.03
2007-12-05,,,,,40.3,44.0,38.0,,,,,,0.0
2007-12-06,,,,,35.3,38.0,33.0,,,,,,0.38
2007-12-07,,,,,31.4,33.0,29.0,,,,,,0.03
2007-12-08,,,,,28.2,31.0,25.0,,,,,,0.0
2007-12-09,,,,,29.8,39.0,24.0,,,,,,0.0
2007-12-10,,,,,32.6,45.0,26.0,,,,,,0.05
2007-12-11,,,,,35.1,41.0,26.0,,,,,,0.0
2007-12-12,,,,,34.0,43.0,27.0,,,,,,0.09
2007-12-13,,,,,34.2,44.0,28.0,,,,,,0.05
2007-12-14,,,,,37.8,41.0,34.0,,,,,,0.02
2007-12-15,,,,,31.3,35.0,29.0,,,,,,0.01
2007-12-16,,,,,30.7,36.0,29.0,,,,,,0.02
2007-12-17,,,,,30.7,32.0,29.0,,,,,,0.0
2007-12-18,,,,,33.3,37.0,32.0,,,,,,0.98
2007-12-19,,,,,31.9,32.0,31.0,,,,,,0.02
2007-12-20,,,,,27.7,32.0,24.0,,,,,,0.0
2007-12-21,,,,,26.7,32.0,22.0,,,,,,0.0
2007-12-22,,,,,33.5,37.0,29.0,,,,,,0.75
2007-12-23,,,,,39.8,43.0,32.0,,,,,,0.32
2007-12-24,,,,,27.7,32.0,22.0,,,,,,0.0
2007-12-25,,,,,26.6,29.0,22.0,,,,,,0.0
2007-12-26,,,,,24.5,26.0,23.0,,,,,,0.0
2007-12-27,,,,,25.3,30.0,22.0,,,,,,0.0
2007-12-28,,,,,,,,,,,,,0.0
2007-12-29,,,,,32.7,37.0,29.0,,,,,,0.35
2007-12-30,,,,,26.5,32.0,22.0,,,,,,0.0
2007-12-31,,,,,27.9,36.0,19.0,,,,,,0.01
2008-01-01,,,,,40.2,45.0,34.0,,,,,,0.03
2008-01-02,,,,,41.1,45.0,37.0,,,,,,0.15
2008-01-03,,,,,35.1,38.0,33.0,,,,,,0.42
2008-01-04,,,,,32.1,36.0,28.0,,,,,,0.57
2008-01-05,,,,,27.1,29.0,25.0,,,,,,0.0
2008-01-06,,,,,26.0,28.0,25.0,,,,,,0.0
2008-01-07,,,,,25.1,29.0,21.0,,,,,,0.0
2008-01-08,,,,,30.5,32.0,26.0,,,,,,0.0
2008-01-09,,,,,28.6,32.0,26.0,,,,,,0.0
2008-01-10,,,,,35.9,39.0,32.0,,,,,,1.19
2008-01-11,,,,,34.8,37.0,33.0,,,,,,0.12
2008-01-12,,,,,36.5,47.0,34.0,,,,,,0.02
2008-01-13,,,,,46.9,56.0,33.0,,,,,,0.0
2008-01-14,,,,,41.6,48.0,27.0,,,,,,0.1
2008-01-15,,,,,24.0,28.0,21.0,,,,,,0.0
2008-01-16,,,,,26.3,33.0,20.0,,,,,,0.0
2008-01-17,,,,,36.0,48.0,25.0,,,,,,0.06
2008-01-18,,,,,44.0,58.0,33.0,,,,,,0.0
2008-01-19,,,,,38.8,48.0,28.0,,,,,,0.0
2008-01-20,,,,,29.2,35.0,27.0,,,,,,0.05
2008-01-21,,,,,26.0,38.0,18.0,,,,,,0.0
2008-01-22,,,,,28.3,46.0,18.0,,,,,,0.05
2008-01-23,,,,,33.2,49.0,24.0,,,,,,0.07
2008-01-24,,,,,27.4,30.0,25.0,,,,,,0.0
2008-01-25,,,,,33.9,47.0,24.0,,,,,,0.06
2008-01-26,,,,,35.5,37.0,34.0,,,,,,0.25
2008-01-27,,,,,28.5,37.0,20.0,,,,,,0.24
2008-01-28,,,,,24.5,30.0,21.0,,,,,,0.0
2008-01-29,,,,,25.4,28.0,24.0,,,,,,0.0
2008-01-30,,,,,25.9,29.0,22.0,,,,,,0.0
2008-01-31,,,,,30.1,32.0,27.0,,,,,,0.0
2008-02-01,,,,,27.1,32.0,24.0,,,,,,0.0
2008-02-02,,,,,29.3,32.0,26.0,,,,,,0.0
2008-02-03,,,,,28.1,32.0,25.0,,,,,,0.0
2008-02-04,,,,,28.6,36.0,25.0,,,,,,0.0
2008-02-05,,,,,30.1,35.0,26.0,,,,,,0.0
2008-02-06,,,,,29.0,32.0,26.0,,,,,,0.0
2008-02-07,,,,,32.1,36.0,29.0,,,,,,0.0
2008-02-08,,,,,33.2,41.0,28.0,,,,,,0.43
2008-02-09,,,,,42.6,56.0,33.0,,,,,,0.67
2008-02-10,,,,,39.6,43.0,38.0,,,,,,0.03
2008-02-11,,,,,46.5,60.0,36.0,,,,,,0.0
2008-02-12,,,,,45.7,55.0,32.0,,,,,,0.0
2008-02-13,,,,,30.0,39.0,27.0,,,,,,0.02
2008-02-14,,,,,34.2,48.0,23.0,,,,,,0.0
2008-02-15,,,,,48.0,63.0,36.0,,,,,,0.0
2008-02-16,,,,,45.5,59.0,39.0,,,,,,0.0
2008-02-17,,,,,49.0,63.0,40.0,,,,,,0.0
2008-02-18,,,,,49.5,60.0,40.0,,,,,,0.0
2008-02-19,,,,,40.0,47.0,34.0,,,,,,0.07
2008-02-20,,,,,38.8,49.0,33.0,,,,,,0.01
2008-02-21,,,,,36.6,46.0,33.0,,,,,,0.0
2008-02-22,,,,,31.4,38.0,24.0,,,,,,0.13
2008-02-23,,,,,31.7,45.0,25.0,,,,,,0.09
2008-02-24,,,,,37.1,50.0,30.0,,,,,,0.2
2008-02-25,,,,,37.4,49.0,33.0,,,,,,0.04
2008-02-26,,,,,46.0,56.0,38.0,,,,,,0.0
2008-02-27,,,,,44.1,54.0,38.0,,,,,,0.0
2008-02-28,,,,,50.5,64.0,36.0,,,,,,0.0
2008-02-29,,,,,44.6,54.0,32.0,,,,,,0.07
2008-03-01,,,,,30.6,35.0,28.0,,,,,,0.11
2008-03-02,,,,,36.5,51.0,27.0,,,,,,0.07
2008-03-03,,,,,37.4,43.0,30.0,,,,,,0.01
2008-03-04,,,,,31.8,43.0,28.0,,,,,,0.06
2008-03-05,,,,,42.2,56.0,27.0,,,,,,0.0
2008-03-06,,,,,46.0,56.0,40.0,,,,,,0.0
2008-03-07,,,,,41.9,46.0,35.0,,,,,,0.02
2008-03-08,,,,,41.1,54.0,31.0,,,,,,0.0
2008-03-09,,,,,49.1,62.0,41.0,,,,,,0.0
2008-03-10,,,,,45.3,58.0,34.0,,,,,,0.01
2008-03-11,,,,,39.2,51.0,31.0,,,,,,0.0
2008-03-12,,,,,40.8,52.0,34.0,,,,,,0.22
2008-03-13,,,,,33.7,41.0,30.0,,,,,,0.02
2008-03-14,,,,,29.9,32.0,28.0,,,,,,0.1
2008-03-15,,,,,30.0,34.0,28.0,,,,,,0.01
2008-03-16,,,,,31.7,41.0,27.0,,,,,,0.09
2008-03-17,,,,,34.7,41.0,29.0,,,,,,0.43
2008-03-18,,,,,39.4,43.0,37.0,,,,,,0.28
2008-03-19,,,,,33.1,37.0,29.0,,,,,,0.44
2008-03-20,,,,,30.5,38.0,28.0,,,,,,0.06
2008-03-21,,,,,33.4,47.0,23.0,,,,,,0.21
2008-03-22,,,,,45.5,61.0,34.0,,,,,,0.0
2008-03-23,,,,,39.4,48.0,35.0,,,,,,0.15
2008-03-24,,,,,33.6,40.0,29.0,,,,,,0.01
2008-03-25,,,,,33.5,43.0,27.0,,,,,,0.01
2008-03-26,,,,,28.5,32.0,23.0,,,,,,0.0
2008-03-27,,,,,31.5,46.0,22.0,,,,,,0.44
2008-03-28,,,,,27.0,33.0,21.0,,,,,,0.05
2008-03-29,,,,,27.8,44.0,19.0,,,,,,0.06
2008-03-30,,,,,27.4,40.0,20.0,,,,,,0.02
2008-03-31,,,,,30.8,45.0,18.0,,,,,,0.23
2008-04-01,,,,,38.3,52.0,28.0,,,,,,0.0
2008-04-02,,,,,42.5,55.0,33.0,,,,,,0.0
2008-04-03,,,,,47.0,60.0,36.0,,,,,,0.0
2008-04-04,,,,,34.2,42.0,27.0,,,,,,0.0
2008-04-05,,,,,30.0,32.0,27.0,,,,,,0.03
2008-04-06,,,,,32.9,40.0,29.0,,,,,,0.03
2008-04-07,,,,,31.5,43.0,25.0,,,,,,0.04
2008-04-08,,,,,32.1,40.0,27.0,,,,,,0.0
2008-04-09,,,,,34.2,43.0,30.0,,,,,,0.06
2008-04-10,,,,,39.5,54.0,28.0,,,,,,0.0
2008-04-11,,,,,53.0,66.0,37.0,,,,,,0.0
2008-04-12,,,,,62.9,79.0,51.0,,,,,,0.0
2008-04-13,,,,,53.3,67.0,33.0,,,,,,0.0
2008-04-14,,,,,30.8,38.0,27.0,,,,,,0.0
2008-04-15,,,,,30.0,37.0,25.0,,,,,,0.3
2008-04-16,,,,,41.2,54.0,28.0,,,,,,0.05
2008-04-17,,,,,46.1,57.0,38.0,,,,,,0.0
2008-04-18,,,,,33.0,38.0,26.0,,,,,,0.23
2008-04-19,,,,,26.1,35.0,22.0,,,,,,0.02
2008-04-20,,,,,26.6,37.0,22.0,,,,,,0.13
2008-04-21,,,,,28.0,33.0,23.0,,,,,,0.0
2008-04-22,,,,,33.2,37.0,29.0,,,,,,0.13
2008-04-23,,,,,29.8,36.0,26.0,,,,,,0.08
2008-04-24,,,,,35.7,48.0,26.0,,,,,,0.03
2008-04-25,,,,,42.8,52.0,31.0,,,,,,0.0
2008-04-26,,,,,55.8,70.0,45.0,,,,,,0.0
2008-04-27,,,,,52.8,64.0,45.0,,,,,,0.0
2008-04-28,,,,,48.3,63.0,36.0,,,,,,0.0
2008-04-29,,,,,32.0,40.0,27.0,,,,,,0.17
2008-04-30,,,,,30.6,37.0,26.0,,,,,,0.15
2008-05-01,,,,,41.0,55.0,28.0,,,,,,0.02
2008-05-02,,,,,46.5,60.0,38.0,,,,,,0.0
2008-05-03,,,,,44.5,59.0,34.0,,,,,,0.0
2008-05-04,,,,,43.6,60.0,31.0,,,,,,0.0
2008-05-05,,,,,54.0,68.0,42.0,,,,,,0.0
2008-05-06,,,,,47.0,63.0,37.0,,,,,,0.0
2008-05-07,,,,,38.6,50.0,34.0,,,,,,0.01
2008-05-08,,,,,38.8,53.0,31.0,,,,,,0.0
2008-05-09,,,,,44.7,58.0,31.0,,,,,,0.0
2008-05-10,,,,,48.9,63.0,36.0,,,,,,0.0
2008-05-11,,,,,38.4,47.0,33.0,,,,,,0.0
2008-05-12,,,,,43.0,55.0,30.0,,,,,,0.0
2008-05-13,,,,,53.1,64.0,45.0,,,,,,0.0
2008-05-14,,,,,56.9,71.0,47.0,,,,,,0.0
2008-05-15,,,,,68.5,81.0,52.0,,,,,,0.0
2008-05-16,,,,,78.4,95.0,66.0,,,,,,0.0
2008-05-17,,,,,75.9,90.0,64.0,,,,,,0.0
2008-05-18,,,,,71.5,84.0,59.0,,,,,,0.0
2008-05-19,,,,,66.8,83.0,53.0,,,,,,0.0
2008-05-20,,,,,44.7,54.0,34.0,,,,,,0.08
2008-05-21,,,,,38.0,48.0,32.0,,,,,,0.05
2008-05-22,,,,,35.9,43.0,32.0,,,,,,0.38
2008-05-23,,,,,36.4,42.0,32.0,,,,,,0.22
2008-05-24,,,,,46.5,63.0,36.0,,,,,,0.58
2008-05-25,,,,,44.8,52.0,39.0,,,,,,0.03
2008-05-26,,,,,46.1,54.0,42.0,,,,,,0.0
2008-05-27,,,,,47.4,56.0,42.0,,,,,,0.0
2008-05-28,,,,,44.0,47.0,42.0,,,,,,0.49
2008-05-29,,,,,45.0,52.0,40.0,,,,,,0.01
2008-05-30,,,,,52.7,65.0,43.0,,,,,,0.0
2008-05-31,,,,,45.7,53.0,40.0,,,,,,0.0
2008-06-01,,,,,41.6,50.0,36.0,,,,,,0.04
2008-06-02,,,,,48.2,61.0,36.0,,,,,,0.08
2008-06-03,,,,,43.4,51.0,35.0,,,,,,0.19
2008-06-04,,,,,42.1,55.0,35.0,,,,,,0.05
2008-06-05,,,,,43.4,55.0,38.0,,,,,,0.0
2008-06-06,,,,,38.8,46.0,35.0,,,,,,0.02
2008-06-07,,,,,42.4,56.0,35.0,,,,,,0.03
2008-06-08,,,,,53.5,68.0,38.0,,,,,,0.0
2008-06-09,,,,,50.1,59.0,36.0,,,,,,0.0
2008-06-10,,,,,38.5,49.0,30.0,,,,,,0.0
2008-06-11,,,,,44.5,60.0,33.0,,,,,,0.0
2008-06-12,,,,,53.1,68.0,37.0,,,,,,0.0
2008-06-13,,,,,59.9,76.0,47.0,,,,,,0.0
2008-06-14,,,,,56.4,71.0,44.0,,,,,,0.0
2008-06-15,,,,,54.0,69.0,41.0,,,,,,0.0
2008-06-16,,,,,55.1,73.0,42.0,,,,,,0.0
2008-06-17,,,,,52.6,67.0,40.0,,,,,,0.0
2008-06-18,,,,,52.5,64.0,40.0,,,,,,0.0
2008-06-19,,,,,62.8,79.0,47.0,,,,,,0.0
2008-06-20,,,,,68.4,83.0,57.0,,,,,,0.0
2008-06-21,,,,,65.1,76.0,50.0,,,,,,0.0
2008-06-22,,,,,55.0,67.0,45.0,,,,,,0.0
2008-06-23,,,,,54.8,66.0,44.0,,,,,,0.0
2008-06-24,,,,,57.0,74.0,44.0,,,,,,0.0
2008-06-25,,,,,56.2,72.0,44.0,,,,,,0.0
2008-06-26,,,,,56.1,69.0,43.0,,,,,,0.0
2008-06-27,,,,,68.6,83.0,49.0,,,,,,0.0
2008-06-28,,,,,79.3,92.0,70.0,,,,,,0.0
2008-06-29,,,,,73.5,86.0,63.0,,,,,,0.0
2008-06-30,,,,,70.7,81.0,59.0,,,,,,0.0
2008-07-01,,,,,69.0,80.0,61.0,,,,,,0.0
2008-07-02,,,,,69.3,84.0,60.0,,,,,,0.0
2008-07-03,,,,,63.6,78.0,52.0,,,,,,0.0
2008-07-04,,,,,58.9,74.0,50.0,,,,,,0.0
2008-07-05,,,,,61.5,76.0,54.0,,,,,,0.0
2008-07-06,,,,,58.6,74.0,49.0,,,,,,0.0
2008-07-07,,,,,62.0,79.0,47.0,,,,,,0.0
2008-07-08,,,,,68.8,84.0,55.0,,,,,,0.0
2008-07-09,,,,,74.2,90.0,61.0,,,,,,0.0
2008-07-10,,,,,65.7,82.0,50.0,,,,,,0.0
2008-07-11,,,,,65.6,81.0,49.0,,,,,,0.0
2008-07-12,,,,,73.8,89.0,58.0,,,,,,0.0
2008-07-13,,,,,74.2,89.0,62.0,,,,,,0.0
2008-07-14,,,,,73.6,88.0,63.0,,,,,,0.0
2008-07-15,,,,,67.8,83.0,55.0,,,,,,0.0
2008-07-16,,,,,64.7,80.0,53.0,,,,,,0.0
2008-07-17,,,,,64.0,79.0,50.0,,,,,,0.0
2008-07-18,,,,,61.8,78.0,49.0,,,,,,0.0
2008-07-19,,,,,58.3,74.0,45.0,,,,,,0.0
2008-07-20,,,,,64.0,78.0,50.0,,,,,,0.0
2008-07-21,,,,,65.2,81.0,50.0,,,,,,0.0
2008-07-22,,,,,49.0,56.0,44.0,,,,,,0.0
2008-07-23,,,,,54.8,71.0,42.0,,,,,,0.0
2008-07-24,,,,,59.1,75.0,47.0,,,,,,0.0
2008-07-25,,,,,63.8,79.0,50.0,,,,,,0.0
2008-07-26,,,,,63.0,80.0,49.0,,,,,,0.0
2008-07-27,,,,,58.5,74.0,49.0,,,,,,0.0
2008-07-28,,,,,62.7,81.0,51.0,,,,,,0.0
2008-07-29,,,,,58.8,72.0,50.0,,,,,,0.0
2008-07-30,,,,,59.4,75.0,47.0,,,,,,0.0
2008-07-31,,,,,64.8,82.0,50.0,,,,,,0.0
2008-08-01,,,,,61.8,81.0,51.0,,,,,,0.0
2008-08-02,,,,,55.0,69.0,46.0,,,,,,0.0
2008-08-03,,,,,59.2,76.0,47.0,,,,,,0.0
2008-08-04,,,,,66.2,79.0,51.0,,,,,,0.0
2008-08-05,,,,,73.1,89.0,65.0,,,,,,0.0
2008-08-06,,,,,73.4,89.0,61.0,,,,,,0.0
2008-08-07,,,,,71.0,84.0,59.0,,,,,,0.0
2008-08-08,,,,,62.6,78.0,50.0,,,,,,0.0
2008-08-09,,,,,54.5,69.0,46.0,,,,,,0.02
2008-08-10,,,,,59.4,76.0,44.0,,,,,,0.0
2008-08-11,,,,,66.8,83.0,53.0,,,,,,0.0
2008-08-12,,,,,65.0,82.0,53.0,,,,,,0.0
2008-08-13,,,,,69.4,86.0,57.0,,,,,,0.0
2008-08-14,,,,,79.6,96.0,64.0,,,,,,0.0
2008-08-15,,,,,79.0,91.0,67.0,,,,,,0.0
2008-08-16,,,,,83.2,99.0,73.0,,,,,,0.0
2008-08-17,,,,,71.7,83.0,59.0,,,,,,0.0
2008-08-18,,,,,57.1,67.0,49.0,,,,,,0.04
2008-08-19,,,,,54.3,67.0,47.0,,,,,,0.04
2008-08-20,,,,,56.0,63.0,51.0,,,,,,0.02
2008-08-21,,,,,55.4,68.0,49.0,,,,,,0.0
2008-08-22,,,,,62.0,76.0,50.0,,,,,,0.0
2008-08-23,,,,,65.2,81.0,56.0,,,,,,0.0
2008-08-24,,,,,68.7,82.0,57.0,,,,,,0.0
2008-08-25,,,,,51.4,59.0,43.0,,,,,,0.24
2008-08-26,,,,,54.1,70.0,42.0,,,,,,0.0
2008-08-27,,,,,59.6,73.0,47.0,,,,,,0.0
2008-08-28,,,,,66.0,81.0,56.0,,,,,,0.0
2008-08-29,,,,,66.4,83.0,55.0,,,,,,0.0
2008-08-30,,,,,50.1,61.0,41.0,,,,,,0.14
2008-08-31,,,,,43.4,54.0,38.0,,,,,,0.02
2008-09-01,,,,,49.3,65.0,39.0,,,,,,0.0
2008-09-02,,,,,55.1,70.0,43.0,,,,,,0.0
2008-09-03,,,,,57.6,74.0,47.0,,,,,,0.0
2008-09-04,,,,,58.0,76.0,45.0,,,,,,0.0
2008-09-05,,,,,61.5,80.0,49.0,,,,,,0.0
2008-09-06,,,,,63.2,80.0,52.0,,,,,,0.0
2008-09-07,,,,,64.8,78.0,50.0,,,,,,0.0
2008-09-08,,,,,70.3,83.0,55.0,,,,,,0.0
2008-09-09,,,,,58.7,77.0,48.0,,,,,,0.0
2008-09-10,,,,,61.2,75.0,49.0,,,,,,0.0
2008-09-11,,,,,70.6,88.0,58.0,,,,,,0.0
2008-09-12,,,,,66.6,83.0,54.0,,,,,,0.0
2008-09-13,,,,,64.9,78.0,55.0,,,,,,0.0
2008-09-14,,,,,75.0,91.0,63.0,,,,,,0.0
2008-09-15,,,,,77.8,95.0,67.0,,,,,,0.0
2008-09-16,,,,,75.5,89.0,67.0,,,,,,0.0
2008-09-17,,,,,70.3,83.0,56.0,,,,,,0.0
2008-09-18,,,,,60.3,72.0,52.0,,,,,,0.0
2008-09-19,,,,,56.4,69.0,47.0,,,,,,0.0
2008-09-20,,,,,50.0,58.0,44.0,,,,,,0.0
2008-09-21,,,,,50.2,63.0,43.0,,,,,,0.03
2008-09-22,,,,,49.0,63.0,41.0,,,,,,0.0
2008-09-23,,,,,58.5,78.0,43.0,,,,,,0.0
2008-09-24,,,,,61.6,76.0,52.0,,,,,,0.0
2008-09-25,,,,,50.9,63.0,44.0,,,,,,0.0
2008-09-26,,,,,59.7,77.0,48.0,,,,,,0.0
2008-09-27,,,,,61.6,72.0,51.0,,,,,,0.0
2008-09-28,,,,,71.6,89.0,59.0,,,,,,0.0
2008-09-29,,,,,72.2,89.0,63.0,,,,,,0.0
2008-09-30,,,,,70.9,88.0,60.0,,,,,,0.0
2008-10-01,,,,,64.4,76.0,56.0,,,,,,0.0
2008-10-02,,,,,50.6,56.0,46.0,,,,,,0.14
2008-10-03,,,,,47.7,49.0,45.0,,,,,,0.68
2008-10-04,,,,,44.8,47.0,42.0,,,,,,0.86
2008-10-05,,,,,45.0,49.0,41.0,,,,,,0.02
2008-10-06,,,,,53.0,64.0,46.0,,,,,,0.0
2008-10-07,,,,,46.7,55.0,40.0,,,,,,0.21
2008-10-08,,,,,40.1,53.0,33.0,,,,,,0.0
2008-10-09,,,,,35.0,41.0,31.0,,,,,,0.09
2008-10-10,,,,,32.5,37.0,30.0,,,,,,0.23
2008-10-11,,,,,35.2,45.0,30.0,,,,,,0.0
2008-10-12,,,,,41.4,55.0,30.0,,,,,,0.0
2008-10-13,,,,,52.5,67.0,42.0,,,,,,0.0
2008-10-14,,,,,44.9,50.0,39.0,,,,,,0.0
2008-10-15,,,,,48.4,62.0,38.0,,,,,,0.0
2008-10-16,,,,,53.2,65.0,45.0,,,,,,0.0
2008-10-17,,,,,58.6,68.0,49.0,,,,,,0.0
2008-10-18,,,,,50.0,58.0,44.0,,,,,,0.0
2008-10-19,,,,,49.8,63.0,44.0,,,,,,0.0
2008-10-20,,,,,42.4,47.0,36.0,,,,,,0.11
2008-10-21,,,,,44.9,58.0,34.0,,,,,,0.0
2008-10-22,,,,,58.5,72.0,46.0,,,,,,0.0
2008-10-23,,,,,54.9,65.0,45.0,,,,,,0.0
2008-10-24,,,,,56.1,72.0,47.0,,,,,,0.0
2008-10-25,,,,,56.4,63.0,51.0,,,,,,0.0
2008-10-26,,,,,65.5,77.0,56.0,,,,,,0.0
2008-10-27,,,,,63.2,70.0,58.0,,,,,,0.0
2008-10-28,,,,,60.0,70.0,55.0,,,,,,0.0
2008-10-29,,,,,59.2,67.0,53.0,,,,,,0.0
2008-10-30,,,,,54.1,62.0,47.0,,,,,,0.05
2008-10-31,,,,,48.5,54.0,44.0,,,,,,0.15
2008-11-01,,,,,46.1,52.0,42.0,,,,,,0.54
2008-11-02,,,,,40.3,42.0,38.0,,,,,,0.4
2008-11-03,,,,,37.0,40.0,32.0,,,,,,0.89
2008-11-04,,,,,31.6,34.0,31.0,,,,,,0.0
2008-11-05,,,,,35.1,43.0,31.0,,,,,,1.35
2008-11-06,,,,,46.4,49.0,43.0,,,,,,0.02
2008-11-07,,,,,49.8,57.0,44.0,,,,,,0.0
2008-11-08,,,,,41.2,48.0,36.0,,,,,,0.65
2008-11-09,,,,,38.2,41.0,35.0,,,,,,0.08
2008-11-10,,,,,37.8,40.0,36.0,,,,,,0.07
2008-11-11,,,,,43.1,50.0,39.0,,,,,,0.75
2008-11-12,,,,,48.8,53.0,47.0,,,,,,0.02
2008-11-13,,,,,45.6,49.0,39.0,,,,,,0.26
2008-11-14,,,,,53.5,63.0,46.0,,,,,,0.0
2008-11-15,,,,,60.9,70.0,52.0,,,,,,0.0
2008-11-16,,,,,67.2,75.0,61.0,,,,,,0.0
2008-11-17,,,,,60.3,67.0,55.0,,,,,,0.0
2008-11-18,,,,,52.5,57.0,48.0,,,,,,0.0
2008-11-19,,,,,47.1,50.0,41.0,,,,,,0.0
2008-11-20,,,,,36.6,42.0,31.0,,,,,,0.38
2008-11-21,,,,,36.6,42.0,29.0,,,,,,0.01
2008-11-22,,,,,35.2,39.0,32.0,,,,,,0.13
2008-11-23,,,,,43.8,52.0,32.0,,,,,,0.0
2008-11-24,,,,,52.4,61.0,47.0,,,,,,0.0
2008-11-25,,,,,44.6,53.0,38.0,,,,,,0.0
2008-11-26,,,,,48.2,61.0,38.0,,,,,,0.0
2008-11-27,,,,,45.4,56.0,40.0,,,,,,0.0
2008-11-28,,,,,45.4,54.0,40.0,,,,,,0.0
2008-11-29,,,,,52.5,62.0,45.0,,,,,,0.0
2008-11-30,,,,,55.6,63.0,48.0,,,,,,0.0
2008-12-01,,,,,48.2,55.0,42.0,,,,,,0.0
2008-12-02,,,,,40.5,44.0,38.0,,,,,,0.01
2008-12-03,,,,,46.1,56.0,40.0,,,,,,0.0
2008-12-04,,,,,47.8,59.0,40.0,,,,,,0.0
2008-12-05,,,,,47.9,56.0,41.0,,,,,,0.0
2008-12-06,,,,,48.1,56.0,42.0,,,,,,0.0
2008-12-07,,,,,41.1,47.0,35.0,,,,,,0.03
2008-12-08,,,,,33.0,41.0,30.0,,,,,,0.16
2008-12-09,,,,,43.4,56.0,34.0,,,,,,0.0
2008-12-10,,,,,48.8,60.0,44.0,,,,,,0.0
2008-12-11,,,,,44.8,51.0,36.0,,,,,,0.0
2008-12-12,,,,,36.4,44.0,25.0,,,,,,0.27
2008-12-13,,,,,25.4,29.0,24.0,,,,,,0.0
2008-12-14,,,,,25.1,28.0,24.0,,,,,,0.0
2008-12-15,,,,,23.2,30.0,18.0,,,,,,0.0
2008-12-16,,,,,22.8,35.0,16.0,,,,,,0.0
2008-12-17,,,,,24.7,30.0,20.0,,,,,,0.0
2008-12-18,,,,,26.4,30.0,22.0,,,,,,0.0
2008-12-19,,,,,23.3,27.0,20.0,,,,,,0.0
2008-12-20,,,,,26.8,32.0,25.0,,,,,,0.0
2008-12-21,,,,,32.9,37.0,26.0,,,,,,1.08
2008-12-22,,,,,27.2,31.0,26.0,,,,,,0.0
2008-12-23,,,,,,,,,,,,,
2008-12-24,,,,,,,,,,,,,
2008-12-25,,,,,,,,,,,,,
2008-12-26,,,,,,,,,,,,,
2008-12-27,,,,,35.2,39.0,29.0,,,,,,1.02
2008-12-28,,,,,39.8,41.0,39.0,,,,,,0.85
2008-12-29,,,,,34.2,41.0,26.0,,,,,,1.39
2008-12-30,,,,,31.3,38.0,25.0,,,,,,0.01
2008-12-31,,,,,34.2,37.0,32.0,,,,,,0.04
2009-01-01,,,,,37.5,40.0,32.0,,,,,,0.15
2009-01-02,,,,,29.1,41.0,19.0,,,,,,0.34
2009-01-03,,,,,24.8,38.0,18.0,,,,,,0.0
2009-01-04,,,,,25.8,30.0,20.0,,,,,,0.01
2009-01-05,,,,,35.7,38.0,31.0,,,,,,0.33
2009-01-06,,,,,40.0,43.0,35.0,,,,,,0.11
2009-01-07,,,,,39.4,42.0,38.0,,,,,,0.01
2009-01-08,,,,,34.8,38.0,28.0,,,,,,0.25
2009-01-09,,,,,35.7,48.0,25.0,,,,,,0.13
2009-01-10,,,,,48.3,57.0,42.0,,,,,,0.0
2009-01-11,,,,,46.2,56.0,41.0,,,,,,0.0
2009-01-12,,,,,49.6,58.0,43.0,,,,,,0.0
2009-01-13,,,,,56.9,70.0,47.0,,,,,,0.0
2009-01-14,,,,,62.9,78.0,55.0,,,,,,0.0
2009-01-15,,,,,64.8,77.0,58.0,,,,,,0.0
2009-01-16,,,,,65.2,78.0,58.0,,,,,,0.0
2009-01-17,,,,,61.2,73.0,47.0,,,,,,0.0
2009-01-18,,,,,51.8,63.0,46.0,,,,,,0.0
2009-01-19,,,,,52.5,65.0,44.0,,,,,,0.0
2009-01-20,,,,,53.8,67.0,48.0,,,,,,0.0
2009-01-21,,,,,49.5,55.0,43.0,,,,,,0.0
2009-01-22,,,,,41.6,46.0,40.0,,,,,,0.0
2009-01-23,,,,,43.5,52.0,39.0,,,,,,0.0
2009-01-24,,,,,34.8,42.0,29.0,,,,,,0.04
2009-01-25,,,,,30.2,36.0,27.0,,,,,,0.0
2009-01-26,,,,,27.6,37.0,22.0,,,,,,0.0
2009-01-27,,,,,32.5,38.0,28.0,,,,,,0.3
2009-01-28,,,,,32.2,35.0,29.0,,,,,,0.4
2009-01-29,,,,,44.3,60.0,30.0,,,,,,0.09
2009-01-30,,,,,49.8,62.0,37.0,,,,,,0.0
2009-01-31,,,,,33.3,39.0,27.0,,,,,,0.01
2009-02-01,,,,,44.5,57.0,31.0,,,,,,0.0
2009-02-02,,,,,52.8,60.0,49.0,,,,,,0.0
2009-02-03,,,,,55.0,66.0,47.0,,,,,,0.0
2009-02-04,,,,,53.0,66.0,47.0,,,,,,0.0
2009-02-05,,,,,42.5,48.0,36.0,,,,,,0.08
2009-02-06,,,,,37.0,41.0,35.0,,,,,,0.2
2009-02-07,,,,,39.2,50.0,33.0,,,,,,0.0
2009-02-08,,,,,33.5,38.0,26.0,,,,,,0.0
2009-02-09,,,,,26.0,34.0,21.0,,,,,,0.03
2009-02-10,,,,,25.0,28.0,21.0,,,,,,0.0
2009-02-11,,,,,29.8,34.0,27.0,,,,,,0.01
2009-02-12,,,,,28.2,31.0,26.0,,,,,,0.0
2009-02-13,,,,,27.4,35.0,22.0,,,,,,0.0
2009-02-14,,,,,28.8,36.0,26.0,,,,,,0.0
2009-02-15,,,,,34.8,46.0,29.0,,,,,,0.13
2009-02-16,,,,,38.0,52.0,31.0,,,,,,0.53
2009-02-17,,,,,37.9,51.0,29.0,,,,,,0.2
2009-02-18,,,,,40.3,55.0,32.0,,,,,,0.0
2009-02-19,,,,,42.1,54.0,36.0,,,,,,0.0
2009-02-20,,,,,47.3,59.0,39.0,,,,,,0.0
2009-02-21,,,,,45.9,58.0,38.0,,,,,,0.08
2009-02-22,,,,,38.8,41.0,37.0,,,,,,1.31
2009-02-23,,,,,36.7,41.0,32.0,,,,,,1.22
2009-02-24,,,,,35.8,39.0,33.0,,,,,,0.12
2009-02-25,,,,,34.3,36.0,33.0,,,,,,0.27
2009-02-26,,,,,29.0,32.0,26.0,,,,,,0.01
2009-02-27,,,,,31.7,39.0,26.0,,,,,,0.18
2009-02-28,,,,,40.8,49.0,33.0,,,,,,0.09
2009-03-01,,,,,42.3,46.0,41.0,,,,,,0.2
2009-03-02,,,,,38.5,48.0,33.0,,,,,,0.59
2009-03-03,,,,,29.6,32.0,28.0,,,,,,0.0
2009-03-04,,,,,31.1,36.0,26.0,,,,,,0.0
2009-03-05,,,,,29.0,33.0,25.0,,,,,,0.0
2009-03-06,,,,,32.5,46.0,27.0,,,,,,0.09
2009-03-07,,,,,30.8,39.0,25.0,,,,,,0.19
2009-03-08,,,,,25.8,32.0,22.0,,,,,,0.0
2009-03-09,,,,,25.0,36.0,20.0,,,,,,0.01
2009-03-10,,,,,26.7,34.0,23.0,,,,,,0.0
2009-03-11,,,,,34.5,50.0,23.0,,,,,,0.42
2009-03-12,,,,,48.0,64.0,36.0,,,,,,0.51
2009-03-13,,,,,47.0,63.0,33.0,,,,,,0.0
2009-03-14,,,,,30.8,33.0,28.0,,,,,,0.0
2009-03-15,,,,,34.7,40.0,32.0,,,,,,1.36
2009-03-16,,,,,32.5,36.0,31.0,,,,,,0.11
2009-03-17,,,,,35.1,42.0,32.0,,,,,,0.2
2009-03-18,,,,,42.0,55.0,33.0,,,,,,0.0
2009-03-19,,,,,43.8,52.0,37.0,,,,,,0.0
2009-03-20,,,,,42.3,54.0,37.0,,,,,,0.0
2009-03-21,,,,,34.9,42.0,30.0,,,,,,0.14
2009-03-22,,,,,28.3,32.0,23.0,,,,,,0.0
2009-03-23,,,,,27.3,32.0,21.0,,,,,,0.0
2009-03-24,,,,,36.1,44.0,32.0,,,,,,0.44
2009-03-25,,,,,35.8,40.0,31.0,,,,,,0.08
2009-03-26,,,,,39.2,47.0,34.0,,,,,,0.01
2009-03-27,,,,,45.2,59.0,35.0,,,,,,0.0
2009-03-28,,,,,41.1,54.0,29.0,,,,,,0.12
2009-03-29,,,,,29.0,36.0,25.0,,,,,,0.17
2009-03-30,,,,,34.9,48.0,24.0,,,,,,0.03
2009-03-31,,,,,37.5,44.0,30.0,,,,,,0.0
2009-04-01,,,,,35.4,41.0,29.0,,,,,,0.0
2009-04-02,,,,,34.1,38.0,28.0,,,,,,0.21
2009-04-03,,,,,28.9,33.0,26.0,,,,,,0.04
2009-04-04,,,,,39.7,59.0,23.0,,,,,,0.17
2009-04-05,,,,,51.2,67.0,37.0,,,,,,0.0
2009-04-06,,,,,58.3,71.0,48.0,,,,,,0.0
2009-04-07,,,,,50.9,59.0,39.0,,,,,,0.0
2009-04-08,,,,,38.5,42.0,35.0,,,,,,0.01
2009-04-09,,,,,34.5,41.0,32.0,,,,,,0.17
2009-04-10,,,,,34.6,45.0,27.0,,,,,,0.08
2009-04-11,,,,,39.1,50.0,31.0,,,,,,0.0
2009-04-12,,,,,40.5,45.0,34.0,,,,,,0.06
2009-04-13,,,,,31.8,40.0,26.0,,,,,,0.02
2009-04-14,,,,,29.3,42.0,24.0,,,,,,0.26
2009-04-15,,,,,33.1,45.0,27.0,,,,,,0.02
2009-04-16,,,,,43.4,60.0,32.0,,,,,,0.0
2009-04-17,,,,,43.4,50.0,39.0,,,,,,0.06
2009-04-18,,,,,50.9,66.0,37.0,,,,,,0.01
2009-04-19,,,,,59.7,71.0,48.0,,,,,,0.0
2009-04-20,,,,,65.2,77.0,54.0,,,,,,0.0
2009-04-21,,,,,64.5,76.0,52.0,,,,,,0.0
2009-04-22,,,,,52.5,70.0,31.0,,,,,,0.0
2009-04-23,,,,,37.8,52.0,28.0,,,,,,0.0
2009-04-24,,,,,39.1,55.0,29.0,,,,,,0.0
2009-04-25,,,,,34.8,48.0,29.0,,,,,,0.0
2009-04-26,,,,,37.5,52.0,29.0,,,,,,0.0
2009-04-27,,,,,35.1,46.0,32.0,,,,,,0.1
2009-04-28,,,,,34.0,45.0,29.0,,,,,,0.12
2009-04-29,,,,,36.0,47.0,28.0,,,,,,0.0
2009-04-30,,,,,44.8,60.0,30.0,,,,,,0.0
2009-05-01,,,,,47.5,64.0,40.0,,,,,,0.29
2009-05-02,,,,,40.9,47.0,36.0,,,,,,0.21
2009-05-03,,,,,41.4,54.0,33.0,,,,,,0.57
2009-05-04,,,,,43.0,47.0,39.0,,,,,,1.08
2009-05-05,,,,,43.4,50.0,40.0,,,,,,0.03
2009-05-06,,,,,44.3,55.0,35.0,,,,,,0.02
2009-05-07,,,,,42.3,57.0,34.0,,,,,,0.01
2009-05-08,,,,,42.5,58.0,33.0,,,,,,0.0
2009-05-09,,,,,46.6,64.0,33.0,,,,,,0.0
2009-05-10,,,,,53.1,70.0,42.0,,,,,,0.0
2009-05-11,,,,,46.5,64.0,34.0,,,,,,0.0
2009-05-12,,,,,38.1,48.0,31.0,,,,,,0.02
2009-05-13,,,,,41.1,49.0,32.0,,,,,,0.02
2009-05-14,,,,,49.4,66.0,42.0,,,,,,0.01
2009-05-15,,,,,54.7,69.0,42.0,,,,,,0.0
2009-05-16,,,,,65.4,79.0,52.0,,,,,,0.0
2009-05-17,,,,,68.0,80.0,55.0,,,,,,0.0
2009-05-18,,,,,61.2,74.0,48.0,,,,,,0.0
2009-05-19,,,,,43.7,53.0,34.0,,,,,,0.0
2009-05-20,,,,,45.2,63.0,32.0,,,,,,0.0
2009-05-21,,,,,50.8,67.0,37.0,,,,,,0.0
2009-05-22,,,,,50.6,65.0,39.0,,,,,,0.0
2009-05-23,,,,,50.4,67.0,41.0,,,,,,0.0
2009-05-24,,,,,52.2,67.0,41.0,,,,,,0.0
2009-05-25,,,,,53.9,69.0,40.0,,,,,,0.0
2009-05-26,,,,,59.5,75.0,47.0,,,,,,0.0
2009-05-27,,,,,60.9,75.0,48.0,,,,,,0.0
2009-05-28,,,,,67.1,82.0,49.0,,,,,,0.0
2009-05-29,,,,,71.8,84.0,62.0,,,,,,0.0
2009-05-30,,,,,71.8,85.0,59.0,,,,,,0.0
2009-05-31,,,,,66.5,82.0,55.0,,,,,,0.0
2009-06-01,,,,,61.0,74.0,51.0,,,,,,1.41
2009-06-02,,,,,58.2,73.0,50.0,,,,,,0.5
2009-06-03,,,,,59.3,71.0,51.0,,,,,,0.0
2009-06-04,,,,,53.8,61.0,48.0,,,,,,0.11
2009-06-05,,,,,51.1,64.0,44.0,,,,,,0.0
2009-06-06,,,,,50.3,64.0,43.0,,,,,,0.0
2009-06-07,,,,,50.8,68.0,42.0,,,,,,0.0
2009-06-08,,,,,55.2,70.0,42.0,,,,,,0.0
2009-06-09,,,,,53.5,66.0,42.0,,,,,,0.0
2009-06-10,,,,,49.2,60.0,42.0,,,,,,0.04
2009-06-11,,,,,51.4,64.0,44.0,,,,,,0.03
2009-06-12,,,,,53.8,66.0,48.0,,,,,,0.01
2009-06-13,,,,,53.8,66.0,46.0,,,,,,0.01
2009-06-14,,,,,54.0,69.0,45.0,,,,,,0.0
2009-06-15,,,,,57.8,74.0,45.0,,,,,,0.01
2009-06-16,,,,,60.0,73.0,51.0,,,,,,0.0
2009-06-17,,,,,57.3,69.0,49.0,,,,,,0.0
2009-06-18,,,,,60.1,75.0,49.0,,,,,,0.0
2009-06-19,,,,,50.7,59.0,42.0,,,,,,0.1
2009-06-20,,,,,42.5,52.0,39.0,,,,,,0.08
2009-06-21,,,,,43.8,57.0,38.0,,,,,,0.03
2009-06-22,,,,,50.2,66.0,37.0,,,,,,0.0
2009-06-23,,,,,61.9,78.0,47.0,,,,,,0.0
2009-06-24,,,,,64.0,77.0,49.0,,,,,,0.0
2009-06-25,,,,,52.6,68.0,43.0,,,,,,0.0
2009-06-26,,,,,53.4,71.0,43.0,,,,,,0.0
2009-06-27,,,,,64.8,81.0,48.0,,,,,,0.0
2009-06-28,,,,,60.0,74.0,46.0,,,,,,0.0
2009-06-29,,,,,58.0,76.0,44.0,,,,,,0.0
2009-06-30,,,,,59.3,76.0,44.0,,,,,,0.0
2009-07-01,,,,,64.9,79.0,50.0,,,,,,0.0
2009-07-02,,,,,74.0,89.0,59.0,,,,,,0.0
2009-07-03,,,,,73.3,90.0,61.0,,,,,,0.0
2009-07-04,,,,,74.5,90.0,63.0,,,,,,0.0
2009-07-05,,,,,67.0,84.0,44.0,,,,,,0.0
2009-07-06,,,,,53.6,72.0,40.0,,,,,,0.0
2009-07-07,,,,,54.1,69.0,42.0,,,,,,0.0
2009-07-08,,,,,52.4,68.0,40.0,,,,,,0.0
2009-07-09,,,,,56.4,74.0,44.0,,,,,,0.0
2009-07-10,,,,,58.0,69.0,48.0,,,,,,0.01
2009-07-11,,,,,58.2,72.0,48.0,,,,,,0.0
2009-07-12,,,,,49.6,61.0,45.0,,,,,,0.07
2009-07-13,,,,,59.2,77.0,46.0,,,,,,0.0
2009-07-14,,,,,64.5,78.0,53.0,,,,,,0.0
2009-07-15,,,,,70.5,87.0,57.0,,,,,,0.0
2009-07-16,,,,,72.4,90.0,57.0,,,,,,0.0
2009-07-17,,,,,73.6,88.0,63.0,,,,,,0.0
2009-07-18,,,,,67.5,83.0,56.0,,,,,,0.0
2009-07-19,,,,,66.0,83.0,53.0,,,,,,0.0
2009-07-20,,,,,72.4,88.0,57.0,,,,,,0.0
2009-07-21,,,,,70.8,88.0,57.0,,,,,,0.0
2009-07-22,,,,,65.6,81.0,52.0,,,,,,0.0
2009-07-23,,,,,62.2,78.0,51.0,,,,,,0.0
2009-07-24,,,,,67.2,86.0,51.0,,,,,,0.0
2009-07-25,,,,,71.6,89.0,59.0,,,,,,0.0
2009-07-26,,,,,75.5,91.0,62.0,,,,,,0.0
2009-07-27,,,,,80.8,97.0,68.0,,,,,,0.0
2009-07-28,,,,,84.9,100.0,72.0,,,,,,0.0
2009-07-29,,,,,83.2,100.0,70.0,,,,,,0.0
2009-07-30,,,,,77.7,94.0,66.0,,,,,,0.0
2009-07-31,,,,,74.6,87.0,66.0,,,,,,0.0
2009-08-01,,,,,74.3,91.0,61.0,,,,,,0.0
2009-08-02,,,,,71.7,86.0,61.0,,,,,,0.0
2009-08-03,,,,,71.7,88.0,61.0,,,,,,0.0
2009-08-04,,,,,67.3,83.0,57.0,,,,,,0.0
2009-08-05,,,,,62.0,76.0,50.0,,,,,,0.13
2009-08-06,,,,,48.7,53.0,45.0,,,,,,0.01
2009-08-07,,,,,49.3,56.0,44.0,,,,,,0.04
2009-08-08,,,,,57.5,75.0,46.0,,,,,,0.0
2009-08-09,,,,,61.5,78.0,50.0,,,,,,0.0
2009-08-10,,,,,69.2,86.0,55.0,,,,,,0.0
2009-08-11,,,,,68.1,87.0,57.0,,,,,,0.0
2009-08-12,,,,,63.3,80.0,51.0,,,,,,0.0
2009-08-13,,,,,55.1,70.0,45.0,,,,,,0.0
2009-08-14,,,,,53.0,69.0,43.0,,,,,,0.0
2009-08-15,,,,,55.2,73.0,42.0,,,,,,0.0
2009-08-16,,,,,60.3,79.0,47.0,,,,,,0.0
2009-08-17,,,,,68.8,85.0,52.0,,,,,,0.0
2009-08-18,,,,,77.8,92.0,67.0,,,,,,0.0
2009-08-19,,,,,82.4,101.0,72.0,,,,,,0.0
2009-08-20,,,,,75.0,88.0,58.0,,,,,,0.0
2009-08-21,,,,,65.9,78.0,52.0,,,,,,0.0
2009-08-22,,,,,58.7,77.0,50.0,,,,,,0.0
2009-08-23,,,,,54.5,74.0,41.0,,,,,,0.0
2009-08-24,,,,,63.2,83.0,48.0,,,,,,0.0
2009-08-25,,,,,60.4,77.0,46.0,,,,,,0.0
2009-08-26,,,,,70.1,90.0,56.0,,,,,,0.0
2009-08-27,,,,,73.1,90.0,63.0,,,,,,0.0
2009-08-28,,,,,60.2,66.0,54.0,,,,,,0.02
2009-08-29,,,,,61.3,75.0,51.0,,,,,,0.0
2009-08-30,,,,,60.8,78.0,50.0,,,,,,0.0
2009-08-31,,,,,66.2,79.0,55.0,,,,,,0.0
2009-09-01,,,,,62.5,74.0,55.0,,,,,,0.0
2009-09-02,,,,,67.0,83.0,51.0,,,,,,0.0
2009-09-03,,,,,60.5,76.0,50.0,,,,,,0.0
2009-09-04,,,,,61.1,77.0,51.0,,,,,,0.0
2009-09-05,,,,,52.0,57.0,45.0,,,,,,0.35
2009-09-06,,,,,48.8,63.0,44.0,,,,,,0.03
2009-09-07,,,,,52.2,68.0,42.0,,,,,,0.0
2009-09-08,,,,,59.5,74.0,47.0,,,,,,0.0
2009-09-09,,,,,63.0,76.0,56.0,,,,,,0.0
2009-09-10,,,,,70.1,84.0,56.0,,,,,,0.0
2009-09-11,,,,,77.9,95.0,67.0,,,,,,0.0
2009-09-12,,,,,73.8,88.0,64.0,,,,,,0.03
2009-09-13,,,,,62.9,73.0,52.0,,,,,,0.0
2009-09-14,,,,,57.0,72.0,50.0,,,,,,0.0
2009-09-15,,,,,63.8,85.0,48.0,,,,,,0.0
2009-09-16,,,,,58.6,73.0,50.0,,,,,,0.01
2009-09-17,,,,,54.8,67.0,47.0,,,,,,0.03
2009-09-18,,,,,67.0,86.0,53.0,,,,,,0.0
2009-09-19,,,,,53.4,61.0,46.0,,,,,,0.11
2009-09-20,,,,,52.8,66.0,44.0,,,,,,0.01
2009-09-21,,,,,72.9,92.0,57.0,,,,,,0.0
2009-09-22,,,,,78.1,95.0,66.0,,,,,,0.0
2009-09-23,,,,,76.1,90.0,63.0,,,,,,0.0
2009-09-24,,,,,61.0,70.0,51.0,,,,,,0.0
2009-09-25,,,,,67.9,86.0,51.0,,,,,,0.0
2009-09-26,,,,,64.2,75.0,53.0,,,,,,0.0
2009-09-27,,,,,71.8,88.0,57.0,,,,,,0.0
2009-09-28,,,,,52.2,67.0,39.0,,,,,,0.01
2009-09-29,,,,,38.4,47.0,35.0,,,,,,0.19
2009-09-30,,,,,40.9,52.0,35.0,,,,,,0.0
2009-10-01,,,,,46.7,61.0,37.0,,,,,,0.0
2009-10-02,,,,,42.7,51.0,39.0,,,,,,0.01
2009-10-03,,,,,37.2,50.0,32.0,,,,,,0.01
2009-10-04,,,,,34.3,37.0,32.0,,,,,,0.31
2009-10-05,,,,,43.7,58.0,33.0,,,,,,0.0
2009-10-06,,,,,48.4,63.0,36.0,,,,,,0.0
2009-10-07,,,,,48.0,62.0,41.0,,,,,,0.0
2009-10-08,,,,,50.6,64.0,42.0,,,,,,0.0
2009-10-09,,,,,52.7,67.0,43.0,,,,,,0.0
2009-10-10,,,,,50.6,65.0,41.0,,,,,,0.0
2009-10-11,,,,,52.3,65.0,43.0,,,,,,0.0
2009-10-12,,,,,45.5,56.0,41.0,,,,,,0.0
2009-10-13,,,,,42.9,47.0,41.0,,,,,,1.5
2009-10-14,,,,,47.8,51.0,44.0,,,,,,1.28
2009-10-15,,,,,53.1,64.0,46.0,,,,,,0.02
2009-10-16,,,,,60.5,74.0,52.0,,,,,,0.0
2009-10-17,,,,,51.7,57.0,44.0,,,,,,0.11
2009-10-18,,,,,48.0,58.0,42.0,,,,,,0.0
2009-10-19,,,,,43.5,48.0,40.0,,,,,,0.03
2009-10-20,,,,,48.2,62.0,40.0,,,,,,0.0
2009-10-21,,,,,46.8,53.0,43.0,,,,,,0.04
2009-10-22,,,,,48.2,60.0,40.0,,,,,,0.0
2009-10-23,,,,,50.4,53.0,46.0,,,,,,0.15
2009-10-24,,,,,45.4,51.0,40.0,,,,,,0.07
2009-10-25,,,,,53.3,63.0,48.0,,,,,,0.0
2009-10-26,,,,,43.0,52.0,33.0,,,,,,0.32
2009-10-27,,,,,33.0,34.0,32.0,,,,,,0.02
2009-10-28,,,,,35.0,42.0,32.0,,,,,,0.35
2009-10-29,,,,,43.0,48.0,32.0,,,,,,0.19
2009-10-30,,,,,46.5,51.0,44.0,,,,,,0.06
2009-10-31,,,,,45.7,51.0,42.0,,,,,,0.12
2009-11-01,,,,,44.5,53.0,37.0,,,,,,0.02
2009-11-02,,,,,53.8,66.0,47.0,,,,,,0.0
2009-11-03,,,,,56.0,66.0,46.0,,,,,,0.0
2009-11-04,,,,,58.0,69.0,46.0,,,,,,0.0
2009-11-05,,,,,43.3,46.0,40.0,,,,,,0.48
2009-11-06,,,,,38.5,43.0,35.0,,,,,,0.21
2009-11-07,,,,,35.4,40.0,33.0,,,,,,0.08
2009-11-08,,,,,38.8,47.0,34.0,,,,,,0.0
2009-11-09,,,,,37.8,40.0,35.0,,,,,,0.08
2009-11-10,,,,,37.8,42.0,35.0,,,,,,0.01
2009-11-11,,,,,34.5,37.0,30.0,,,,,,0.2
2009-11-12,,,,,31.3,34.0,29.0,,,,,,0.0
2009-11-13,,,,,30.7,33.0,29.0,,,,,,0.0
2009-11-14,,,,,32.2,41.0,26.0,,,,,,0.06
2009-11-15,,,,,39.3,48.0,34.0,,,,,,0.23
2009-11-16,,,,,41.0,50.0,33.0,,,,,,0.0
2009-11-17,,,,,36.1,45.0,31.0,,,,,,0.53
2009-11-18,,,,,31.7,36.0,29.0,,,,,,0.06
2009-11-19,,,,,37.2,46.0,32.0,,,,,,0.0
2009-11-20,,,,,34.0,43.0,29.0,,,,,,0.02
2009-11-21,,,,,30.6,34.0,27.0,,,,,,0.0
2009-11-22,,,,,33.2,37.0,32.0,,,,,,0.71
2009-11-23,,,,,41.2,47.0,32.0,,,,,,0.24
2009-11-24,,,,,50.6,58.0,46.0,,,,,,0.0
2009-11-25,,,,,53.8,59.0,50.0,,,,,,0.0
2009-11-26,,,,,46.7,52.0,40.0,,,,,,0.51
2009-11-27,,,,,34.4,41.0,32.0,,,,,,0.07
2009-11-28,,,,,33.9,40.0,30.0,,,,,,0.0
2009-11-29,,,,,45.2,57.0,36.0,,,,,,0.0
2009-11-30,,,,,48.7,63.0,38.0,,,,,,0.0
2009-12-01,,,,,45.8,57.0,36.0,,,,,,0.0
2009-12-02,,,,,48.8,57.0,44.0,,,,,,0.0
2009-12-03,,,,,49.0,56.0,43.0,,,,,,0.0
2009-12-04,,,,,40.8,52.0,28.0,,,,,,0.0
2009-12-05,,,,,28.0,36.0,24.0,,,,,,0.0
2009-12-06,,,,,22.0,32.0,18.0,,,,,,0.0
2009-12-07,,,,,20.0,31.0,15.0,,,,,,0.0
2009-12-08,,,,,21.7,30.0,16.0,,,,,,0.0
2009-12-09,,,,,27.0,34.0,20.0,,,,,,0.0
2009-12-10,,,,,32.6,39.0,28.0,,,,,,0.0
2009-12-11,,,,,34.8,38.0,32.0,,,,,,0.12
2009-12-12,,,,,35.2,39.0,32.0,,,,,,0.06
2009-12-13,,,,,32.8,35.0,30.0,,,,,,0.0
2009-12-14,,,,,32.4,35.0,30.0,,,,,,0.04
2009-12-15,,,,,37.5,40.0,35.0,,,,,,1.79
2009-12-16,,,,,40.5,42.0,39.0,,,,,,0.15
2009-12-17,,,,,41.8,46.0,39.0,,,,,,0.0
2009-12-18,,,,,44.8,50.0,40.0,,,,,,0.05
2009-12-19,,,,,47.1,53.0,43.0,,,,,,0.0
2009-12-20,,,,,42.9,46.0,41.0,,,,,,0.59
2009-12-21,,,,,34.4,42.0,28.0,,,,,,0.13
2009-12-22,,,,,27.8,32.0,23.0,,,,,,0.0
2009-12-23,,,,,35.3,46.0,25.0,,,,,,0.02
2009-12-24,,,,,46.3,57.0,37.0,,,,,,0.21
2009-12-25,,,,,48.1,58.0,41.0,,,,,,0.0
2009-12-26,,,,,40.7,49.0,34.0,,,,,,0.0
2009-12-27,,,,,34.6,40.0,32.0,,,,,,0.0
2009-12-28,,,,,35.0,44.0,32.0,,,,,,0.0
2009-12-29,,,,,31.2,33.0,29.0,,,,,,0.0
2009-12-30,,,,,32.0,33.0,31.0,,,,,,0.0
2009-12-31,,,,,37.9,44.0,31.0,,,,,,2.43
2010-01-01,,,,,38.4,42.0,33.0,,,,,,0.38
2010-01-02,,,,,35.3,39.0,33.0,,,,,,0.01
2010-01-03,,,,,45.8,49.0,39.0,,,,,,0.0
2010-01-04,,,,,43.8,47.0,40.0,,,,,,0.0
2010-01-05,,,,,45.0,48.0,42.0,,,,,,0.04
2010-01-06,,,,,47.5,50.0,45.0,,,,,,0.36
2010-01-07,,,,,45.2,54.0,43.0,,,,,,0.02
2010-01-08,,,,,44.5,47.0,42.0,,,,,,0.13
2010-01-09,,,,,43.8,48.0,41.0,,,,,,0.01
2010-01-10,,,,,44.3,48.0,41.0,,,,,,0.0
2010-01-11,,,,,46.2,51.0,41.0,,,,,,0.04
2010-01-12,,,,,40.2,42.0,37.0,,,,,,1.24
2010-01-13,,,,,36.9,43.0,33.0,,,,,,0.63
2010-01-14,,,,,38.5,43.0,34.0,,,,,,0.01
2010-01-15,,,,,43.9,49.0,40.0,,,,,,0.0
2010-01-16,,,,,37.9,41.0,35.0,,,,,,0.21
2010-01-17,,,,,37.2,39.0,34.0,,,,,,0.62
2010-01-18,,,,,36.5,44.0,32.0,,,,,,0.2
2010-01-19,,,,,34.7,38.0,32.0,,,,,,0.06
2010-01-20,,,,,34.1,41.0,31.0,,,,,,0.01
2010-01-21,,,,,33.5,37.0,31.0,,,,,,0.09
2010-01-22,,,,,32.3,36.0,31.0,,,,,,0.0
2010-01-23,,,,,32.2,37.0,28.0,,,,,,0.0
2010-01-24,,,,,33.1,36.0,32.0,,,,,,0.66
2010-01-25,,,,,36.2,40.0,35.0,,,,,,0.73
2010-01-26,,,,,35.7,38.0,33.0,,,,,,0.32
2010-01-27,,,,,36.8,42.0,32.0,,,,,,0.01
2010-01-28,,,,,42.7,49.0,38.0,,,,,,0.0
2010-01-29,,,,,42.8,50.0,37.0,,,,,,0.05
2010-01-30,,,,,35.8,39.0,33.0,,,,,,0.13
2010-01-31,,,,,35.0,40.0,32.0,,,,,,0.0
2010-02-01,,,,,34.3,37.0,32.0,,,,,,0.19
2010-02-02,,,,,34.7,39.0,32.0,,,,,,0.21
2010-02-03,,,,,34.5,37.0,32.0,,,,,,0.17
2010-02-04,,,,,36.8,41.0,33.0,,,,,,0.36
2010-02-05,,,,,38.7,49.0,33.0,,,,,,0.01
2010-02-06,,,,,36.5,40.0,35.0,,,,,,0.27
2010-02-07,,,,,34.8,39.0,32.0,,,,,,0.11
2010-02-08,,,,,36.9,44.0,32.0,,,,,,0.01
2010-02-09,,,,,35.9,45.0,32.0,,,,,,0.0
2010-02-10,,,,,33.2,36.0,32.0,,,,,,0.12
2010-02-11,,,,,38.4,41.0,36.0,,,,,,0.5
2010-02-12,,,,,36.3,39.0,33.0,,,,,,0.62
2010-02-13,,,,,41.1,45.0,38.0,,,,,,0.02
2010-02-14,,,,,39.2,42.0,37.0,,,,,,0.33
2010-02-15,,,,,41.0,46.0,37.0,,,,,,0.09
2010-02-16,,,,,45.6,58.0,41.0,,,,,,0.0
2010-02-17,,,,,48.7,59.0,40.0,,,,,,0.0
2010-02-18,,,,,46.6,57.0,39.0,,,,,,0.0
2010-02-19,,,,,44.0,55.0,37.0,,,,,,0.0
2010-02-20,,,,,39.2,50.0,31.0,,,,,,0.0
2010-02-21,,,,,36.4,46.0,30.0,,,,,,0.0
2010-02-22,,,,,38.6,48.0,32.0,,,,,,0.0
2010-02-23,,,,,37.1,41.0,33.0,,,,,,0.31
2010-02-24,,,,,36.4,39.0,34.0,,,,,,0.1
2010-02-25,,,,,38.5,46.0,34.0,,,,,,0.13
2010-02-26,,,,,36.9,40.0,32.0,,,,,,1.74
2010-02-27,,,,,39.9,51.0,32.0,,,,,,0.0
2010-02-28,,,,,44.4,56.0,34.0,,,,,,0.0
2010-03-01,,,,,44.5,51.0,40.0,,,,,,0.0
2010-03-02,,,,,36.8,41.0,32.0,,,,,,0.16
2010-03-03,,,,,32.0,34.0,30.0,,,,,,0.09
2010-03-04,,,,,34.5,41.0,32.0,,,,,,0.12
2010-03-05,,,,,37.9,47.0,32.0,,,,,,0.01
2010-03-06,,,,,45.0,57.0,37.0,,,,,,0.0
2010-03-07,,,,,40.5,48.0,32.0,,,,,,0.03
2010-03-08,,,,,29.5,34.0,23.0,,,,,,0.16
2010-03-09,,,,,26.2,31.0,21.0,,,,,,0.04
2010-03-10,,,,,31.0,41.0,26.0,,,,,,0.28
2010-03-11,,,,,35.0,39.0,30.0,,,,,,0.29
2010-03-12,,,,,32.0,39.0,25.0,,,,,,0.31
2010-03-13,,,,,31.3,42.0,23.0,,,,,,0.47
2010-03-14,,,,,40.4,54.0,28.0,,,,,,0.0
2010-03-15,,,,,49.6,63.0,41.0,,,,,,0.0
2010-03-16,,,,,40.3,48.0,33.0,,,,,,0.0
2010-03-17,,,,,35.1,43.0,29.0,,,,,,0.0
2010-03-18,,,,,45.3,60.0,30.0,,,,,,0.0
2010-03-19,,,,,55.6,70.0,46.0,,,,,,0.0
2010-03-20,,,,,51.2,63.0,42.0,,,,,,0.0
2010-03-21,,,,,38.6,43.0,32.0,,,,,,0.15
2010-03-22,,,,,35.8,46.0,31.0,,,,,,0.05
2010-03-23,,,,,45.0,57.0,32.0,,,,,,0.0
2010-03-24,,,,,46.3,62.0,33.0,,,,,,0.1
2010-03-25,,,,,32.2,34.0,31.0,,,,,,0.15
2010-03-26,,,,,33.8,38.0,31.0,,,,,,0.12
2010-03-27,,,,,44.7,59.0,32.0,,,,,,0.01
2010-03-28,,,,,39.9,44.0,34.0,,,,,,0.16
2010-03-29,,,,,35.7,42.0,30.0,,,,,,0.67
2010-03-30,,,,,30.4,36.0,28.0,,,,,,0.11
2010-03-31,,,,,32.2,42.0,27.0,,,,,,0.55
2010-04-01,,,,,33.9,51.0,26.0,,,,,,0.29
2010-04-02,,,,,30.1,35.0,26.0,,,,,,0.3
2010-04-03,,,,,29.5,34.0,26.0,,,,,,0.21
2010-04-04,,,,,29.7,33.0,27.0,,,,,,0.03
2010-04-05,,,,,29.8,33.0,27.0,,,,,,0.13
2010-04-06,,,,,35.2,42.0,31.0,,,,,,0.21
2010-04-07,,,,,44.9,63.0,32.0,,,,,,0.0
2010-04-08,,,,,31.7,43.0,25.0,,,,,,0.18
2010-04-09,,,,,34.2,51.0,23.0,,,,,,0.0
2010-04-10,,,,,41.2,57.0,33.0,,,,,,0.26
2010-04-11,,,,,37.9,45.0,33.0,,,,,,0.08
2010-04-12,,,,,38.1,50.0,32.0,,,,,,0.13
2010-04-13,,,,,36.1,41.0,33.0,,,,,,0.22
2010-04-14,,,,,35.7,42.0,32.0,,,,,,0.28
2010-04-15,,,,,42.9,58.0,31.0,,,,,,0.0
2010-04-16,,,,,48.1,62.0,41.0,,,,,,0.04
2010-04-17,,,,,47.7,63.0,39.0,,,,,,0.0
2010-04-18,,,,,53.5,72.0,40.0,,,,,,0.0
2010-04-19,,,,,48.9,62.0,38.0,,,,,,0.06
2010-04-20,,,,,35.0,39.0,31.0,,,,,,0.84
2010-04-21,,,,,33.7,41.0,30.0,,,,,,0.18
2010-04-22,,,,,38.7,52.0,30.0,,,,,,0.0
2010-04-23,,,,,48.0,65.0,35.0,,,,,,0.0
2010-04-24,,,,,40.6,53.0,33.0,,,,,,0.02
2010-04-25,,,,,52.7,67.0,38.0,,,,,,0.0
2010-04-26,,,,,47.0,54.0,40.0,,,,,,0.86
2010-04-27,,,,,34.3,39.0,30.0,,,,,,0.7
2010-04-28,,,,,32.2,41.0,29.0,,,,,,0.21
2010-04-29,,,,,33.0,36.0,30.0,,,,,,0.22
2010-04-30,,,,,37.7,49.0,31.0,,,,,,0.04
2010-05-01,,,,,41.0,54.0,34.0,,,,,,0.01
2010-05-02,,,,,45.7,59.0,33.0,,,,,,0.0
2010-05-03,,,,,37.5,43.0,29.0,,,,,,0.15
2010-05-04,,,,,36.3,51.0,27.0,,,,,,0.0
2010-05-05,,,,,32.5,40.0,29.0,,,,,,0.18
2010-05-06,,,,,40.9,56.0,28.0,,,,,,0.03
2010-05-07,,,,,47.8,63.0,39.0,,,,,,0.0
2010-05-08,,,,,45.7,61.0,37.0,,,,,,0.0
2010-05-09,,,,,42.2,55.0,34.0,,,,,,0.0
2010-05-10,,,,,34.0,39.0,32.0,,,,,,0.36
2010-05-11,,,,,37.0,43.0,32.0,,,,,,0.02
2010-05-12,,,,,44.0,57.0,35.0,,,,,,0.0
2010-05-13,,,,,52.3,67.0,39.0,,,,,,0.01
2010-05-14,,,,,57.8,71.0,47.0,,,,,,0.0
2010-05-15,,,,,56.9,70.0,48.0,,,,,,0.0
2010-05-16,,,,,57.0,69.0,48.0,,,,,,0.16
2010-05-17,,,,,48.3,60.0,41.0,,,,,,0.52
2010-05-18,,,,,43.8,54.0,38.0,,,,,,0.06
2010-05-19,,,,,39.8,48.0,32.0,,,,,,0.28
2010-05-20,,,,,37.5,50.0,32.0,,,,,,0.03
2010-05-21,,,,,32.0,34.0,30.0,,,,,,0.21
2010-05-22,,,,,33.4,42.0,29.0,,,,,,0.18
2010-05-23,,,,,37.6,49.0,32.0,,,,,,0.13
2010-05-24,,,,,40.3,52.0,32.0,,,,,,0.01
2010-05-25,,,,,41.1,48.0,37.0,,,,,,0.36
2010-05-26,,,,,40.8,51.0,35.0,,,,,,0.48
2010-05-27,,,,,39.4,49.0,34.0,,,,,,0.41
2010-05-28,,,,,41.2,54.0,32.0,,,,,,0.0
2010-05-29,,,,,47.5,64.0,33.0,,,,,,0.0
2010-05-30,,,,,53.4,66.0,42.0,,,,,,0.03
2010-05-31,,,,,49.3,57.0,44.0,,,,,,0.06
2010-06-01,,,,,49.2,56.0,44.0,,,,,,0.08
2010-06-02,,,,,48.2,51.0,45.0,,,,,,0.49
2010-06-03,,,,,46.6,50.0,44.0,,,,,,0.9
2010-06-04,,,,,51.0,60.0,44.0,,,,,,0.17
2010-06-05,,,,,50.9,57.0,42.0,,,,,,0.01
2010-06-06,,,,,53.0,63.0,43.0,,,,,,0.03
2010-06-07,,,,,52.8,67.0,42.0,,,,,,0.0
2010-06-08,,,,,52.8,69.0,42.0,,,,,,0.08
2010-06-09,,,,,45.7,52.0,37.0,,,,,,0.14
2010-06-10,,,,,40.2,46.0,37.0,,,,,,0.31
2010-06-11,,,,,45.0,59.0,35.0,,,,,,0.01
2010-06-12,,,,,58.3,69.0,46.0,,,,,,0.0
2010-06-13,,,,,59.2,72.0,47.0,,,,,,0.0
2010-06-14,,,,,49.8,65.0,40.0,,,,,,0.0
2010-06-15,,,,,44.0,58.0,37.0,,,,,,0.0
2010-06-16,,,,,41.8,53.0,34.0,,,,,,0.02
2010-06-17,,,,,45.3,56.0,38.0,,,,,,0.03
2010-06-18,,,,,44.5,54.0,39.0,,,,,,0.0
2010-06-19,,,,,43.6,56.0,38.0,,,,,,0.04
2010-06-20,,,,,46.6,58.0,37.0,,,,,,0.0
2010-06-21,,,,,54.3,69.0,41.0,,,,,,0.0
2010-06-22,,,,,59.5,72.0,48.0,,,,,,0.0
2010-06-23,,,,,60.2,72.0,51.0,,,,,,0.0
2010-06-24,,,,,61.9,77.0,51.0,,,,,,0.0
2010-06-25,,,,,59.4,72.0,48.0,,,,,,0.0
2010-06-26,,,,,62.4,76.0,50.0,,,,,,0.0
2010-06-27,,,,,64.0,79.0,50.0,,,,,,0.0
2010-06-28,,,,,61.0,76.0,48.0,,,,,,0.0
2010-06-29,,,,,49.4,61.0,40.0,,,,,,0.03
2010-06-30,,,,,51.0,67.0,39.0,,,,,,0.0
2010-07-01,,,,,51.6,66.0,43.0,,,,,,0.0
2010-07-02,,,,,46.8,55.0,42.0,,,,,,0.04
2010-07-03,,,,,50.2,64.0,41.0,,,,,,0.0
2010-07-04,,,,,55.6,72.0,41.0,,,,,,0.0
2010-07-05,,,,,52.2,66.0,42.0,,,,,,0.0
2010-07-06,,,,,64.0,78.0,42.0,,,,,,0.0
2010-07-07,,,,,75.6,92.0,62.0,,,,,,0.0
2010-07-08,,,,,75.4,89.0,67.0,,,,,,0.0
2010-07-09,,,,,74.4,88.0,62.0,,,,,,0.0
2010-07-10,,,,,67.4,82.0,55.0,,,,,,0.0
2010-07-11,,,,,69.1,84.0,56.0,,,,,,0.0
2010-07-12,,,,,61.8,74.0,45.0,,,,,,0.0
2010-07-13,,,,,54.0,70.0,43.0,,,,,,0.0
2010-07-14,,,,,64.4,78.0,47.0,,,,,,0.0
2010-07-15,,,,,72.7,85.0,61.0,,,,,,0.0
2010-07-16,,,,,68.5,84.0,56.0,,,,,,0.0
2010-07-17,,,,,65.2,81.0,52.0,,,,,,0.0
2010-07-18,,,,,60.0,75.0,47.0,,,,,,0.0
2010-07-19,,,,,58.5,74.0,46.0,,,,,,0.0
2010-07-20,,,,,60.2,77.0,48.0,,,,,,0.0
2010-07-21,,,,,59.9,76.0,47.0,,,,,,0.0
2010-07-22,,,,,65.7,83.0,52.0,,,,,,0.0
2010-07-23,,,,,64.7,78.0,52.0,,,,,,0.0
2010-07-24,,,,,73.0,87.0,59.0,,,,,,0.0
2010-07-25,,,,,72.2,88.0,61.0,,,,,,0.0
2010-07-26,,,,,70.4,85.0,60.0,,,,,,0.0
2010-07-27,,,,,71.1,86.0,60.0,,,,,,0.0
2010-07-28,,,,,67.2,81.0,58.0,,,,,,0.0
2010-07-29,,,,,67.3,79.0,54.0,,,,,,0.0
2010-07-30,,,,,62.1,77.0,50.0,,,,,,0.0
2010-07-31,,,,,58.0,71.0,47.0,,,,,,0.0
2010-08-01,,,,,61.2,75.0,48.0,,,,,,0.0
2010-08-02,,,,,63.9,79.0,53.0,,,,,,0.0
2010-08-03,,,,,66.9,82.0,55.0,,,,,,0.0
2010-08-04,,,,,65.8,78.0,55.0,,,,,,0.0
2010-08-05,,,,,64.9,81.0,55.0,,,,,,0.0
2010-08-06,,,,,65.9,81.0,53.0,,,,,,0.0
2010-08-07,,,,,62.0,78.0,51.0,,,,,,0.0
2010-08-08,,,,,59.8,73.0,51.0,,,,,,0.0
2010-08-09,,,,,58.2,74.0,50.0,,,,,,0.01
2010-08-10,,,,,57.8,72.0,47.0,,,,,,0.0
2010-08-11,,,,,58.4,73.0,50.0,,,,,,0.0
2010-08-12,,,,,67.4,83.0,54.0,,,,,,0.0
2010-08-13,,,,,73.4,88.0,62.0,,,,,,0.0
2010-08-14,,,,,73.8,91.0,59.0,,,,,,0.0
2010-08-15,,,,,71.0,85.0,58.0,,,,,,0.01
2010-08-16,,,,,78.4,93.0,64.0,,,,,,0.0
2010-08-17,,,,,71.4,85.0,59.0,,,,,,0.0
2010-08-18,,,,,67.2,83.0,56.0,,,,,,0.0
2010-08-19,,,,,64.2,78.0,51.0,,,,,,0.0
2010-08-20,,,,,63.2,76.0,51.0,,,,,,0.0
2010-08-21,,,,,55.2,67.0,44.0,,,,,,0.0
2010-08-22,,,,,53.8,70.0,41.0,,,,,,0.0
2010-08-23,,,,,61.5,75.0,49.0,,,,,,0.0
2010-08-24,,,,,78.1,94.0,63.0,,,,,,0.0
2010-08-25,,,,,82.7,99.0,72.0,,,,,,0.0
2010-08-26,,,,,60.2,71.0,44.0,,,,,,0.0
2010-08-27,,,,,51.0,66.0,41.0,,,,,,0.0
2010-08-28,,,,,48.2,59.0,39.0,,,,,,0.02
2010-08-29,,,,,45.5,59.0,39.0,,,,,,0.01
2010-08-30,,,,,46.6,53.0,41.0,,,,,,0.22
2010-08-31,,,,,54.7,70.0,45.0,,,,,,0.0
2010-09-01,,,,,56.7,69.0,51.0,,,,,,0.0
2010-09-02,,,,,71.2,88.0,57.0,,,,,,0.0
2010-09-03,,,,,71.2,86.0,53.0,,,,,,0.0
2010-09-04,,,,,55.8,70.0,43.0,,,,,,0.0
2010-09-05,,,,,48.5,63.0,39.0,,,,,,0.0
2010-09-06,,,,,54.2,71.0,42.0,,,,,,0.0
2010-09-07,,,,,50.1,61.0,46.0,,,,,,0.59
2010-09-08,,,,,45.9,48.0,43.0,,,,,,0.23
2010-09-09,,,,,46.5,57.0,42.0,,,,,,0.03
2010-09-10,,,,,53.5,67.0,42.0,,,,,,0.0
2010-09-11,,,,,58.8,72.0,49.0,,,,,,0.0
2010-09-12,,,,,60.2,74.0,51.0,,,,,,0.0
2010-09-13,,,,,59.8,70.0,52.0,,,,,,0.0
2010-09-14,,,,,62.0,76.0,51.0,,,,,,0.0
2010-09-15,,,,,59.2,72.0,54.0,,,,,,0.0
2010-09-16,,,,,58.1,67.0,53.0,,,,,,0.0
2010-09-17,,,,,56.1,64.0,52.0,,,,,,0.07
2010-09-18,,,,,52.8,57.0,51.0,,,,,,0.82
2010-09-19,,,,,50.0,55.0,45.0,,,,,,0.42
2010-09-20,,,,,48.9,60.0,43.0,,,,,,0.0
2010-09-21,,,,,46.0,54.0,42.0,,,,,,0.01
2010-09-22,,,,,48.9,62.0,41.0,,,,,,0.0
2010-09-23,,,,,51.3,63.0,42.0,,,,,,0.0
2010-09-24,,,,,60.6,76.0,48.0,,,,,,0.0
2010-09-25,,,,,67.1,79.0,59.0,,,,,,0.0
2010-09-26,,,,,64.8,77.0,57.0,,,,,,0.0
2010-09-27,,,,,67.7,80.0,59.0,,,,,,0.0
2010-09-28,,,,,64.0,73.0,58.0,,,,,,0.0
2010-09-29,,,,,71.8,84.0,57.0,,,,,,0.01
2010-09-30,,,,,76.1,90.0,67.0,,,,,,0.0
2010-10-01,,,,,67.5,80.0,59.0,,,,,,0.0
2010-10-02,,,,,62.7,75.0,50.0,,,,,,0.0
2010-10-03,,,,,48.3,54.0,42.0,,,,,,0.06
2010-10-04,,,,,42.9,50.0,39.0,,,,,,0.09
2010-10-05,,,,,44.2,54.0,36.0,,,,,,0.0
2010-10-06,,,,,58.4,71.0,48.0,,,,,,0.0
2010-10-07,,,,,51.4,64.0,44.0,,,,,,0.0
2010-10-08,,,,,51.1,62.0,43.0,,,,,,0.12
2010-10-09,,,,,51.5,57.0,45.0,,,,,,0.31
2010-10-10,,,,,49.9,63.0,42.0,,,,,,0.2
2010-10-11,,,,,45.2,54.0,37.0,,,,,,0.01
2010-10-12,,,,,60.5,73.0,47.0,,,,,,0.0
2010-10-13,,,,,65.4,77.0,57.0,,,,,,0.0
2010-10-14,,,,,58.4,69.0,42.0,,,,,,0.0
2010-10-15,,,,,45.0,52.0,41.0,,,,,,0.05
2010-10-16,,,,,48.0,59.0,39.0,,,,,,0.0
2010-10-17,,,,,44.7,56.0,38.0,,,,,,0.0
2010-10-18,,,,,52.4,64.0,37.0,,,,,,0.0
2010-10-19,,,,,61.5,72.0,51.0,,,,,,0.0
2010-10-20,,,,,63.4,76.0,56.0,,,,,,0.0
2010-10-21,,,,,48.4,56.0,42.0,,,,,,0.0
2010-10-22,,,,,42.8,50.0,39.0,,,,,,0.28
2010-10-23,,,,,42.1,45.0,37.0,,,,,,0.82
2010-10-24,,,,,39.4,46.0,33.0,,,,,,0.88
2010-10-25,,,,,35.0,39.0,33.0,,,,,,0.33
2010-10-26,,,,,32.9,38.0,31.0,,,,,,0.35
2010-10-27,,,,,36.6,42.0,30.0,,,,,,0.01
2010-10-28,,,,,38.9,41.0,38.0,,,,,,0.68
2010-10-29,,,,,45.5,53.0,37.0,,,,,,0.05
2010-10-30,,,,,42.1,46.0,39.0,,,,,,0.19
2010-10-31,,,,,43.8,47.0,38.0,,,,,,0.35
2010-11-01,,,,,49.3,54.0,46.0,,,,,,0.0
2010-11-02,,,,,58.3,70.0,50.0,,,,,,0.0
2010-11-03,,,,,62.7,70.0,58.0,,,,,,0.0
2010-11-04,,,,,62.4,70.0,58.0,,,,,,0.0
2010-11-05,,,,,55.0,63.0,46.0,,,,,,0.0
2010-11-06,,,,,45.4,50.0,42.0,,,,,,0.46
2010-11-07,,,,,36.5,45.0,33.0,,,,,,0.53
2010-11-08,,,,,33.6,39.0,32.0,,,,,,0.01
2010-11-09,,,,,33.4,37.0,31.0,,,,,,0.33
2010-11-10,,,,,35.6,41.0,32.0,,,,,,0.15
2010-11-11,,,,,39.5,45.0,33.0,,,,,,0.01
2010-11-12,,,,,38.7,45.0,35.0,,,,,,0.0
2010-11-13,,,,,44.4,47.0,40.0,,,,,,0.09
2010-11-14,,,,,47.8,51.0,45.0,,,,,,0.05
2010-11-15,,,,,45.0,49.0,41.0,,,,,,0.09
2010-11-16,,,,,37.0,42.0,32.0,,,,,,0.05
2010-11-17,,,,,40.4,43.0,37.0,,,,,,0.0
2010-11-18,,,,,32.8,40.0,30.0,,,,,,0.43
2010-11-19,,,,,30.0,32.0,29.0,,,,,,0.0
2010-11-20,,,,,29.7,32.0,28.0,,,,,,0.0
2010-11-21,,,,,29.4,32.0,27.0,,,,,,0.04
2010-11-22,,,,,29.2,32.0,26.0,,,,,,0.0
2010-11-23,,,,,21.9,28.0,17.0,,,,,,0.0
2010-11-24,,,,,22.6,28.0,17.0,,,,,,0.0
2010-11-25,,,,,31.4,42.0,21.0,,,,,,0.35
2010-11-26,,,,,32.7,36.0,30.0,,,,,,0.26
2010-11-27,,,,,31.1,33.0,28.0,,,,,,0.01
2010-11-28,,,,,30.1,35.0,26.0,,,,,,0.1
2010-11-29,,,,,30.4,33.0,28.0,,,,,,0.0
2010-11-30,,,,,34.9,38.0,31.0,,,,,,0.68
2010-12-01,,,,,38.8,42.0,37.0,,,,,,0.35
2010-12-02,,,,,32.3,37.0,27.0,,,,,,0.09
2010-12-03,,,,,32.4,41.0,25.0,,,,,,0.27
2010-12-04,,,,,40.3,51.0,36.0,,,,,,0.01
2010-12-05,,,,,41.8,52.0,37.0,,,,,,0.03
2010-12-06,,,,,39.7,42.0,36.0,,,,,,0.16
2010-12-07,,,,,42.0,49.0,38.0,,,,,,0.0
2010-12-08,,,,,38.9,41.0,37.0,,,,,,0.44
2010-12-09,,,,,39.6,42.0,37.0,,,,,,0.4
2010-12-10,,,,,36.4,39.0,33.0,,,,,,0.14
2010-12-11,,,,,43.8,48.0,37.0,,,,,,0.36
2010-12-12,,,,,45.0,47.0,41.0,,,,,,0.18
2010-12-13,,,,,44.5,47.0,41.0,,,,,,0.23
2010-12-14,,,,,32.6,41.0,29.0,,,,,,0.46
2010-12-15,,,,,30.4,34.0,28.0,,,,,,0.09
2010-12-16,,,,,31.4,35.0,29.0,,,,,,0.03
2010-12-17,,,,,33.2,41.0,29.0,,,,,,0.11
2010-12-18,,,,,31.3,33.0,30.0,,,,,,0.04
2010-12-19,,,,,29.0,29.0,29.0,,,,,,0.0
2010-12-20,,,,,30.0,30.0,30.0,,,,,,0.0
2010-12-21,,,,,33.5,37.0,32.0,,,,,,0.45
2010-12-22,,,,,33.1,43.0,30.0,,,,,,0.09
2010-12-23,,,,,32.2,36.0,30.0,,,,,,0.0
2010-12-24,,,,,37.5,47.0,33.0,,,,,,0.0
2010-12-25,,,,,35.7,43.0,31.0,,,,,,0.17
2010-12-26,,,,,30.2,31.0,29.0,,,,,,0.0
2010-12-27,,,,,33.6,35.0,32.0,,,,,,0.44
2010-12-28,,,,,35.2,38.0,32.0,,,,,,1.4
2010-12-29,,,,,26.4,30.0,25.0,,,,,,0.0
2010-12-30,,,,,27.2,35.0,22.0,,,,,,0.24
2010-12-31,,,,,24.7,27.0,21.0,,,,,,0.0
2011-01-01,,,,,31.2,46.0,25.0,,,,,,0.14
2011-01-02,,,,,37.3,51.0,30.0,,,,,,0.04
2011-01-03,,,,,43.0,59.0,34.0,,,,,,0.0
2011-01-04,,,,,40.0,51.0,34.0,,,,,,0.0
2011-01-05,,,,,40.6,47.0,36.0,,,,,,0.0
2011-01-06,,,,,46.1,61.0,39.0,,,,,,0.0
2011-01-07,,,,,39.4,50.0,35.0,,,,,,0.01
2011-01-08,,,,,30.7,38.0,25.0,,,,,,0.2
2011-01-09,,,,,27.2,36.0,23.0,,,,,,0.01
2011-01-10,,,,,29.0,39.0,22.0,,,,,,0.03
2011-01-11,,,,,32.8,37.0,31.0,,,,,,0.01
2011-01-12,,,,,39.2,42.0,34.0,,,,,,0.04
2011-01-13,,,,,42.8,45.0,40.0,,,,,,0.45
2011-01-14,,,,,43.2,47.0,41.0,,,,,,0.02
2011-01-15,,,,,46.1,48.0,44.0,,,,,,0.69
2011-01-16,,,,,47.3,50.0,45.0,,,,,,0.56
2011-01-17,,,,,39.7,44.0,34.0,,,,,,0.02
2011-01-18,,,,,39.8,43.0,35.0,,,,,,0.17
2011-01-19,,,,,36.5,44.0,32.0,,,,,,0.08
2011-01-20,,,,,45.6,53.0,35.0,,,,,,0.0
2011-01-21,,,,,45.5,52.0,39.0,,,,,,0.01
2011-01-22,,,,,45.2,56.0,37.0,,,,,,0.01
2011-01-23,,,,,52.0,60.0,47.0,,,,,,0.0
2011-01-24,,,,,48.2,59.0,36.0,,,,,,0.0
2011-01-25,,,,,45.9,56.0,34.0,,,,,,0.0
2011-01-26,,,,,52.5,61.0,48.0,,,,,,0.0
2011-01-27,,,,,52.5,60.0,46.0,,,,,,0.0
2011-01-28,,,,,41.7,50.0,34.0,,,,,,0.0
2011-01-29,,,,,37.0,45.0,32.0,,,,,,0.02
2011-01-30,,,,,35.1,43.0,32.0,,,,,,0.03
2011-01-31,,,,,37.8,47.0,32.0,,,,,,0.01
2011-02-01,,,,,39.1,51.0,32.0,,,,,,0.0
2011-02-02,,,,,47.0,57.0,39.0,,,,,,0.0
2011-02-03,,,,,48.8,60.0,42.0,,,,,,0.0
2011-02-04,,,,,46.5,58.0,40.0,,,,,,0.0
2011-02-05,,,,,43.6,49.0,40.0,,,,,,0.0
2011-02-06,,,,,45.9,57.0,36.0,,,,,,0.01
2011-02-07,,,,,33.5,38.0,30.0,,,,,,0.11
2011-02-08,,,,,30.1,34.0,28.0,,,,,,0.15
2011-02-09,,,,,35.5,44.0,27.0,,,,,,0.02
2011-02-10,,,,,48.2,58.0,38.0,,,,,,0.0
2011-02-11,,,,,50.0,55.0,46.0,,,,,,0.0
2011-02-12,,,,,44.1,53.0,35.0,,,,,,0.0
2011-02-13,,,,,39.9,50.0,35.0,,,,,,0.0
2011-02-14,,,,,34.5,39.0,31.0,,,,,,0.52
2011-02-15,,,,,30.6,33.0,30.0,,,,,,0.0
2011-02-16,,,,,,,,,,,,,
2011-02-17,,,,,31.1,38.0,27.0,,,,,,0.17
2011-02-18,,,,,27.7,35.0,24.0,,,,,,0.16
2011-02-19,,,,,28.7,38.0,23.0,,,,,,0.41
2011-02-20,,,,,28.5,33.0,25.0,,,,,,0.15
2011-02-21,,,,,33.0,50.0,24.0,,,,,,0.02
2011-02-22,,,,,28.2,30.0,25.0,,,,,,0.01
2011-02-23,,,,,27.1,31.0,25.0,,,,,,0.08
2011-02-24,,,,,24.3,32.0,20.0,,,,,,0.04
2011-02-25,,,,,21.2,30.0,16.0,,,,,,0.07
2011-02-26,,,,,25.4,40.0,13.0,,,,,,0.33
2011-02-27,,,,,29.2,38.0,24.0,,,,,,0.01
2011-02-28,,,,,32.0,34.0,30.0,,,,,,0.11
2011-03-01,,,,,36.9,50.0,32.0,,,,,,0.08
2011-03-02,,,,,32.8,36.0,29.0,,,,,,0.41
2011-03-03,,,,,32.4,35.0,30.0,,,,,,0.14
2011-03-04,,,,,36.7,45.0,32.0,,,,,,0.25
2011-03-05,,,,,37.3,40.0,35.0,,,,,,0.48
2011-03-06,,,,,35.4,43.0,29.0,,,,,,0.19
2011-03-07,,,,,31.6,40.0,28.0,,,,,,0.1
2011-03-08,,,,,36.8,42.0,32.0,,,,,,0.24
2011-03-09,,,,,39.2,43.0,36.0,,,,,,0.01
2011-03-10,,,,,33.8,38.0,31.0,,,,,,1.0
2011-03-11,,,,,35.9,48.0,30.0,,,,,,0.0
2011-03-12,,,,,35.8,40.0,32.0,,,,,,0.03
2011-03-13,,,,,36.9,41.0,32.0,,,,,,0.38
2011-03-14,,,,,35.6,39.0,33.0,,,,,,0.46
2011-03-15,,,,,35.2,41.0,31.0,,,,,,1.13
2011-03-16,,,,,30.7,36.0,29.0,,,,,,0.12
2011-03-17,,,,,30.9,36.0,27.0,,,,,,0.18
2011-03-18,,,,,30.5,34.0,28.0,,,,,,0.2
2011-03-19,,,,,31.8,43.0,27.0,,,,,,0.26
2011-03-20,,,,,34.6,44.0,31.0,,,,,,0.15
2011-03-21,,,,,32.3,37.0,28.0,,,,,,0.26
2011-03-22,,,,,35.9,51.0,26.0,,,,,,0.06
2011-03-23,,,,,36.9,50.0,32.0,,,,,,0.02
2011-03-24,,,,,31.9,37.0,30.0,,,,,,0.24
2011-03-25,,,,,31.6,38.0,29.0,,,,,,0.18
2011-03-26,,,,,31.5,34.0,30.0,,,,,,0.41
2011-03-27,,,,,31.9,35.0,30.0,,,,,,0.07
2011-03-28,,,,,34.4,43.0,29.0,,,,,,0.06
2011-03-29,,,,,37.1,43.0,33.0,,,,,,0.53
2011-03-30,,,,,47.6,56.0,41.0,,,,,,0.0
2011-03-31,,,,,51.9,63.0,43.0,,,,,,0.0
2011-04-01,,,,,50.5,64.0,33.0,,,,,,0.03
2011-04-02,,,,,32.0,38.0,27.0,,,,,,0.25
2011-04-03,,,,,36.0,47.0,25.0,,,,,,0.0
2011-04-04,,,,,41.8,50.0,38.0,,,,,,0.3
2011-04-05,,,,,35.2,43.0,30.0,,,,,,0.18
2011-04-06,,,,,30.2,33.0,26.0,,,,,,0.15
2011-04-07,,,,,30.2,42.0,25.0,,,,,,0.42
2011-04-08,,,,,33.5,43.0,27.0,,,,,,0.18
2011-04-09,,,,,38.5,52.0,30.0,,,,,,0.0
2011-04-10,,,,,38.8,46.0,33.0,,,,,,0.0
2011-04-11,,,,,33.4,41.0,29.0,,,,,,0.12
2011-04-12,,,,,35.5,48.0,28.0,,,,,,0.04
2011-04-13,,,,,32.0,40.0,29.0,,,,,,0.04
2011-04-14,,,,,33.6,37.0,30.0,,,,,,0.03
2011-04-15,,,,,40.1,45.0,33.0,,,,,,0.28
2011-04-16,,,,,43.4,47.0,39.0,,,,,,0.53
2011-04-17,,,,,39.6,49.0,33.0,,,,,,0.54
2011-04-18,,,,,35.7,46.0,30.0,,,,,,0.17
2011-04-19,,,,,39.3,51.0,28.0,,,,,,0.0
2011-04-20,,,,,37.2,44.0,30.0,,,,,,0.13
2011-04-21,,,,,33.6,45.0,25.0,,,,,,0.24
2011-04-22,,,,,42.1,58.0,29.0,,,,,,0.01
2011-04-23,,,,,41.6,52.0,35.0,,,,,,0.26
2011-04-24,,,,,38.5,48.0,34.0,,,,,,0.07
2011-04-25,,,,,36.0,41.0,32.0,,,,,,0.21
2011-04-26,,,,,34.9,44.0,30.0,,,,,,0.13
2011-04-27,,,,,39.6,56.0,32.0,,,,,,0.01
2011-04-28,,,,,32.0,38.0,29.0,,,,,,0.25
2011-04-29,,,,,32.5,39.0,29.0,,,,,,0.23
2011-04-30,,,,,37.9,51.0,31.0,,,,,,0.07
2011-05-01,,,,,50.1,65.0,32.0,,,,,,0.0
2011-05-02,,,,,43.5,52.0,32.0,,,,,,0.0
2011-05-03,,,,,41.8,56.0,32.0,,,,,,0.0
2011-05-04,,,,,54.5,71.0,37.0,,,,,,0.0
2011-05-05,,,,,51.2,64.0,41.0,,,,,,0.0
2011-05-06,,,,,43.2,53.0,36.0,,,,,,0.07
2011-05-07,,,,,39.9,46.0,32.0,,,,,,0.13
2011-05-08,,,,,35.3,43.0,32.0,,,,,,0.13
2011-05-09,,,,,38.1,47.0,32.0,,,,,,0.04
2011-05-10,,,,,49.6,65.0,35.0,,,,,,0.0
2011-05-11,,,,,44.2,57.0,35.0,,,,,,0.12
2011-05-12,,,,,42.1,57.0,33.0,,,,,,0.0
2011-05-13,,,,,45.7,60.0,33.0,,,,,,0.0
2011-05-14,,,,,38.1,42.0,36.0,,,,,,0.06
2011-05-15,,,,,33.8,37.0,32.0,,,,,,0.54
2011-05-16,,,,,37.4,49.0,32.0,,,,,,0.16
2011-05-17,,,,,36.9,43.0,33.0,,,,,,0.16
2011-05-18,,,,,42.0,55.0,35.0,,,,,,0.04
2011-05-19,,,,,50.0,65.0,37.0,,,,,,0.0
2011-05-20,,,,,51.3,64.0,41.0,,,,,,0.0
2011-05-21,,,,,46.2,58.0,37.0,,,,,,0.0
2011-05-22,,,,,42.1,53.0,36.0,,,,,,0.0
2011-05-23,,,,,40.6,51.0,35.0,,,,,,0.1
2011-05-24,,,,,45.5,59.0,35.0,,,,,,0.21
2011-05-25,,,,,39.5,46.0,34.0,,,,,,0.3
2011-05-26,,,,,37.6,43.0,33.0,,,,,,0.13
2011-05-27,,,,,37.7,46.0,32.0,,,,,,0.18
2011-05-28,,,,,34.4,43.0,32.0,,,,,,0.16
2011-05-29,,,,,36.8,44.0,32.0,,,,,,0.93
2011-05-30,,,,,40.1,53.0,35.0,,,,,,0.12
2011-05-31,,,,,38.4,46.0,34.0,,,,,,0.44
2011-06-01,,,,,37.8,45.0,33.0,,,,,,0.24
2011-06-02,,,,,41.0,53.0,33.0,,,,,,0.02
2011-06-03,,,,,49.8,61.0,36.0,,,,,,0.0
2011-06-04,,,,,54.9,65.0,46.0,,,,,,0.0
2011-06-05,,,,,54.8,69.0,45.0,,,,,,0.0
2011-06-06,,,,,49.3,63.0,42.0,,,,,,0.0
2011-06-07,,,,,46.9,60.0,38.0,,,,,,0.01
2011-06-08,,,,,48.1,63.0,37.0,,,,,,0.0
2011-06-09,,,,,55.8,69.0,46.0,,,,,,0.0
2011-06-10,,,,,49.8,63.0,43.0,,,,,,0.01
2011-06-11,,,,,50.4,64.0,42.0,,,,,,0.0
2011-06-12,,,,,52.5,65.0,45.0,,,,,,0.2
2011-06-13,,,,,53.0,68.0,45.0,,,,,,0.01
2011-06-14,,,,,50.6,64.0,42.0,,,,,,0.01
2011-06-15,,,,,47.2,61.0,39.0,,,,,,0.0
2011-06-16,,,,,48.9,66.0,37.0,,,,,,0.0
2011-06-17,,,,,56.8,70.0,45.0,,,,,,0.0
2011-06-18,,,,,50.7,57.0,46.0,,,,,,0.02
2011-06-19,,,,,55.0,70.0,43.0,,,,,,0.0
2011-06-20,,,,,62.1,75.0,51.0,,,,,,0.0
2011-06-21,,,,,68.1,82.0,55.0,,,,,,0.0
2011-06-22,,,,,59.4,70.0,41.0,,,,,,0.0
2011-06-23,,,,,47.7,60.0,39.0,,,,,,0.0
2011-06-24,,,,,50.2,65.0,41.0,,,,,,0.0
2011-06-25,,,,,55.5,68.0,44.0,,,,,,0.0
2011-06-26,,,,,60.7,75.0,46.0,,,,,,0.0
2011-06-27,,,,,61.2,73.0,52.0,,,,,,0.1
2011-06-28,,,,,51.4,61.0,46.0,,,,,,0.61
2011-06-29,,,,,51.0,60.0,45.0,,,,,,0.01
2011-06-30,,,,,50.6,63.0,43.0,,,,,,0.02
2011-07-01,,,,,57.5,70.0,43.0,,,,,,0.0
2011-07-02,,,,,60.2,76.0,48.0,,,,,,0.0
2011-07-03,,,,,59.8,73.0,49.0,,,,,,0.0
2011-07-04,,,,,59.9,74.0,49.0,,,,,,0.0
2011-07-05,,,,,63.0,79.0,48.0,,,,,,0.0
2011-07-06,,,,,64.8,81.0,52.0,,,,,,0.0
2011-07-07,,,,,59.4,70.0,48.0,,,,,,0.0
2011-07-08,,,,,53.6,69.0,44.0,,,,,,0.0
2011-07-09,,,,,56.5,74.0,40.0,,,,,,0.0
2011-07-10,,,,,58.5,74.0,48.0,,,,,,0.0
2011-07-11,,,,,55.1,71.0,44.0,,,,,,0.0
2011-07-12,,,,,50.9,55.0,46.0,,,,,,0.17
2011-07-13,,,,,50.2,67.0,43.0,,,,,,0.08
2011-07-14,,,,,55.2,71.0,43.0,,,,,,0.01
2011-07-15,,,,,58.5,72.0,49.0,,,,,,0.03
2011-07-16,,,,,53.0,59.0,49.0,,,,,,0.04
2011-07-17,,,,,50.5,53.0,48.0,,,,,,0.4
2011-07-18,,,,,53.6,62.0,48.0,,,,,,0.53
2011-07-19,,,,,50.1,58.0,45.0,,,,,,0.17
2011-07-20,,,,,54.2,66.0,46.0,,,,,,0.0
2011-07-21,,,,,56.0,68.0,48.0,,,,,,0.0
2011-07-22,,,,,56.8,71.0,47.0,,,,,,0.0
2011-07-23,,,,,67.4,78.0,53.0,,,,,,0.0
2011-07-24,,,,,69.8,81.0,56.0,,,,,,0.0
2011-07-25,,,,,56.0,69.0,48.0,,,,,,0.0
2011-07-26,,,,,57.2,70.0,48.0,,,,,,0.0
2011-07-27,,,,,54.8,70.0,47.0,,,,,,0.0
2011-07-28,,,,,59.6,74.0,46.0,,,,,,0.0
2011-07-29,,,,,63.2,77.0,51.0,,,,,,0.0
2011-07-30,,,,,65.0,80.0,55.0,,,,,,0.0
2011-07-31,,,,,65.0,79.0,55.0,,,,,,0.0
2011-08-01,,,,,67.1,80.0,56.0,,,,,,0.0
2011-08-02,,,,,63.5,77.0,53.0,,,,,,0.0
2011-08-03,,,,,64.1,78.0,54.0,,,,,,0.0
2011-08-04,,,,,60.0,74.0,52.0,,,,,,0.0
2011-08-05,,,,,60.0,72.0,52.0,,,,,,0.0
2011-08-06,,,,,61.5,74.0,51.0,,,,,,0.0
2011-08-07,,,,,62.1,74.0,51.0,,,,,,0.01
2011-08-08,,,,,57.8,69.0,48.0,,,,,,0.0
2011-08-09,,,,,55.9,70.0,47.0,,,,,,0.0
2011-08-10,,,,,60.7,76.0,48.0,,,,,,0.0
2011-08-11,,,,,62.4,77.0,52.0,,,,,,0.0
2011-08-12,,,,,62.8,78.0,52.0,,,,,,0.0
2011-08-13,,,,,58.1,70.0,49.0,,,,,,0.0
2011-08-14,,,,,57.5,73.0,46.0,,,,,,0.0
2011-08-15,,,,,61.0,75.0,50.0,,,,,,0.0
2011-08-16,,,,,64.7,79.0,54.0,,,,,,0.0
2011-08-17,,,,,64.5,79.0,52.0,,,,,,0.0
2011-08-18,,,,,61.5,77.0,50.0,,,,,,0.0
2011-08-19,,,,,59.3,75.0,47.0,,,,,,0.0
2011-08-20,,,,,69.5,83.0,55.0,,,,,,0.02
2011-08-21,,,,,69.0,85.0,57.0,,,,,,0.0
2011-08-22,,,,,65.5,79.0,55.0,,,,,,0.0
2011-08-23,,,,,68.9,84.0,56.0,,,,,,0.0
2011-08-24,,,,,69.1,85.0,60.0,,,,,,0.06
2011-08-25,,,,,67.8,84.0,57.0,,,,,,0.0
2011-08-26,,,,,68.4,82.0,59.0,,,,,,0.0
2011-08-27,,,,,68.5,83.0,60.0,,,,,,0.0
2011-08-28,,,,,68.1,82.0,57.0,,,,,,0.0
2011-08-29,,,,,61.7,75.0,49.0,,,,,,0.0
2011-08-30,,,,,52.4,62.0,45.0,,,,,,0.0
2011-08-31,,,,,49.5,65.0,41.0,,,,,,0.0
2011-09-01,,,,,52.9,68.0,39.0,,,,,,0.0
2011-09-02,,,,,59.8,73.0,48.0,,,,,,0.0
2011-09-03,,,,,72.8,88.0,57.0,,,,,,0.0
2011-09-04,,,,,74.8,88.0,62.0,,,,,,0.0
2011-09-05,,,,,70.6,84.0,60.0,,,,,,0.0
2011-09-06,,,,,71.8,84.0,62.0,,,,,,0.0
2011-09-07,,,,,74.2,90.0,63.0,,,,,,0.0
2011-09-08,,,,,71.0,83.0,60.0,,,,,,0.0
2011-09-09,,,,,69.3,81.0,58.0,,,,,,0.0
2011-09-10,,,,,75.9,89.0,69.0,,,,,,0.0
2011-09-11,,,,,72.9,86.0,59.0,,,,,,0.0
2011-09-12,,,,,67.8,81.0,59.0,,,,,,0.0
2011-09-13,,,,,66.7,81.0,53.0,,,,,,0.0
2011-09-14,,,,,51.6,56.0,48.0,,,,,,0.01
2011-09-15,,,,,51.3,66.0,45.0,,,,,,0.0
2011-09-16,,,,,51.9,65.0,44.0,,,,,,0.01
2011-09-17,,,,,55.5,70.0,44.0,,,,,,0.0
2011-09-18,,,,,61.9,77.0,51.0,,,,,,0.0
2011-09-19,,,,,63.7,76.0,53.0,,,,,,0.0
2011-09-20,,,,,66.0,80.0,57.0,,,,,,0.0
2011-09-21,,,,,69.9,84.0,61.0,,,,,,0.0
2011-09-22,,,,,69.1,84.0,62.0,,,,,,0.0
2011-09-23,,,,,70.7,84.0,63.0,,,,,,0.0
2011-09-24,,,,,65.0,80.0,51.0,,,,,,0.0
2011-09-25,,,,,48.5,55.0,43.0,,,,,,0.03
2011-09-26,,,,,54.8,71.0,43.0,,,,,,0.0
2011-09-27,,,,,50.7,54.0,45.0,,,,,,0.01
2011-09-28,,,,,59.8,74.0,43.0,,,,,,0.0
2011-09-29,,,,,72.6,84.0,66.0,,,,,,0.0
2011-09-30,,,,,62.1,76.0,47.0,,,,,,0.0
2011-10-01,,,,,51.3,59.0,48.0,,,,,,0.02
2011-10-02,,,,,46.5,55.0,42.0,,,,,,0.12
2011-10-03,,,,,43.1,46.0,41.0,,,,,,0.38
2011-10-04,,,,,40.7,47.0,35.0,,,,,,0.59
2011-10-05,,,,,35.5,38.0,33.0,,,,,,0.15
2011-10-06,,,,,40.6,48.0,33.0,,,,,,0.01
2011-10-07,,,,,44.5,51.0,39.0,,,,,,0.01
2011-10-08,,,,,49.9,61.0,42.0,,,,,,0.01
2011-10-09,,,,,51.7,60.0,47.0,,,,,,0.0
2011-10-10,,,,,50.0,55.0,45.0,,,,,,0.12
2011-10-11,,,,,46.6,55.0,42.0,,,,,,0.01
2011-10-12,,,,,47.7,58.0,40.0,,,,,,0.0
2011-10-13,,,,,55.8,66.0,46.0,,,,,,0.0
2011-10-14,,,,,58.6,70.0,50.0,,,,,,0.0
2011-10-15,,,,,57.1,69.0,52.0,,,,,,0.0
2011-10-16,,,,,52.2,61.0,45.0,,,,,,0.0
2011-10-17,,,,,59.1,71.0,48.0,,,,,,0.0
2011-10-18,,,,,63.5,74.0,57.0,,,,,,0.0
2011-10-19,,,,,51.5,57.0,44.0,,,,,,0.0
2011-10-20,,,,,54.8,67.0,44.0,,,,,,0.0
2011-10-21,,,,,50.0,62.0,42.0,,,,,,0.0
2011-10-22,,,,,57.2,67.0,51.0,,,,,,0.0
2011-10-23,,,,,54.2,70.0,45.0,,,,,,0.0
2011-10-24,,,,,39.5,51.0,32.0,,,,,,0.0
2011-10-25,,,,,37.9,48.0,31.0,,,,,,0.01
2011-10-26,,,,,45.9,58.0,36.0,,,,,,0.0
2011-10-27,,,,,52.0,63.0,41.0,,,,,,0.0
2011-10-28,,,,,51.6,59.0,46.0,,,,,,0.0
2011-10-29,,,,,50.2,57.0,43.0,,,,,,0.01
2011-10-30,,,,,52.8,61.0,43.0,,,,,,0.14
2011-10-31,,,,,38.6,45.0,34.0,,,,,,0.12
2011-11-01,,,,,39.6,53.0,30.0,,,,,,0.0
2011-11-02,,,,,47.2,57.0,37.0,,,,,,0.0
2011-11-03,,,,,33.2,39.0,31.0,,,,,,0.18
2011-11-04,,,,,32.4,37.0,30.0,,,,,,0.38
2011-11-05,,,,,31.1,33.0,30.0,,,,,,0.0
2011-11-06,,,,,32.8,35.0,30.0,,,,,,0.36
2011-11-07,,,,,34.5,41.0,31.0,,,,,,0.12
2011-11-08,,,,,37.0,41.0,32.0,,,,,,0.0
2011-11-09,,,,,42.0,50.0,37.0,,,,,,0.0
2011-11-10,,,,,46.4,57.0,40.0,,,,,,0.0
2011-11-11,,,,,45.8,57.0,38.0,,,,,,0.0
2011-11-12,,,,,35.4,44.0,32.0,,,,,,0.18
2011-11-13,,,,,38.3,42.0,34.0,,,,,,0.08
2011-11-14,,,,,36.8,43.0,34.0,,,,,,0.01
2011-11-15,,,,,37.6,40.0,35.0,,,,,,0.15
2011-11-16,,,,,39.9,42.0,38.0,,,,,,0.07
2011-11-17,,,,,35.7,42.0,32.0,,,,,,0.19
2011-11-18,,,,,29.5,33.0,26.0,,,,,,0.0
2011-11-19,,,,,30.2,38.0,27.0,,,,,,0.2
2011-11-20,,,,,32.8,42.0,28.0,,,,,,0.32
2011-11-21,,,,,35.0,41.0,32.0,,,,,,0.89
2011-11-22,,,,,42.8,45.0,41.0,,,,,,1.24
2011-11-23,,,,,37.1,43.0,32.0,,,,,,0.78
2011-11-24,,,,,32.5,36.0,30.0,,,,,,0.24
2011-11-25,,,,,36.7,42.0,32.0,,,,,,0.1
2011-11-26,,,,,48.5,54.0,43.0,,,,,,0.0
2011-11-27,,,,,44.2,52.0,37.0,,,,,,0.07
2011-11-28,,,,,43.3,52.0,39.0,,,,,,0.04
2011-11-29,,,,,42.2,55.0,32.0,,,,,,0.02
2011-11-30,,,,,34.2,38.0,30.0,,,,,,0.06
2011-12-01,,,,,42.4,52.0,31.0,,,,,,0.0
2011-12-02,,,,,32.5,40.0,29.0,,,,,,0.0
2011-12-03,,,,,36.2,50.0,29.0,,,,,,0.0
2011-12-04,,,,,35.2,44.0,28.0,,,,,,0.0
2011-12-05,,,,,42.1,54.0,32.0,,,,,,0.0
2011-12-06,,,,,46.4,56.0,41.0,,,,,,0.0
2011-12-07,,,,,45.0,51.0,42.0,,,,,,0.0
2011-12-08,,,,,47.3,59.0,41.0,,,,,,0.0
2011-12-09,,,,,49.3,60.0,43.0,,,,,,0.0
2011-12-10,,,,,41.3,49.0,29.0,,,,,,0.0
2011-12-11,,,,,28.8,31.0,26.0,,,,,,0.0
2011-12-12,,,,,28.3,35.0,24.0,,,,,,0.0
2011-12-13,,,,,36.8,45.0,32.0,,,,,,0.0
2011-12-14,,,,,34.2,37.0,32.0,,,,,,0.0
2011-12-15,,,,,34.2,40.0,32.0,,,,,,0.03
2011-12-16,,,,,43.7,55.0,32.0,,,,,,0.0
2011-12-17,,,,,50.4,61.0,45.0,,,,,,0.0
2011-12-18,,,,,38.1,45.0,32.0,,,,,,0.11
2011-12-19,,,,,38.8,51.0,30.0,,,,,,0.01
2011-12-20,,,,,40.8,54.0,32.0,,,,,,0.01
2011-12-21,,,,,32.9,40.0,27.0,,,,,,0.0
2011-12-22,,,,,39.2,46.0,32.0,,,,,,0.0
2011-12-23,,,,,45.0,51.0,40.0,,,,,,0.0
2011-12-24,,,,,49.5,57.0,43.0,,,,,,0.0
2011-12-25,,,,,36.9,45.0,32.0,,,,,,0.02
2011-12-26,,,,,33.0,36.0,31.0,,,,,,0.01
2011-12-27,,,,,37.4,42.0,32.0,,,,,,0.1
2011-12-28,,,,,44.2,47.0,41.0,,,,,,0.28
2011-12-29,,,,,43.1,45.0,39.0,,,,,,0.22
2011-12-30,,,,,35.5,45.0,27.0,,,,,,0.61
2011-12-31,,,,,33.6,46.0,26.0,,,,,,0.03
2012-01-01,,,,,47.7,57.0,41.0,,,,,,0.0
2012-01-02,,,,,41.7,47.0,37.0,,,,,,0.0
2012-01-03,,,,,41.2,48.0,35.0,,,,,,0.0
2012-01-04,,,,,46.3,53.0,40.0,,,,,,0.0
2012-01-05,,,,,35.0,41.0,31.0,,,,,,0.03
2012-01-06,,,,,32.3,36.0,30.0,,,,,,0.01
2012-01-07,,,,,38.7,48.0,32.0,,,,,,0.04
2012-01-08,,,,,48.3,60.0,39.0,,,,,,0.0
2012-01-09,,,,,47.4,58.0,36.0,,,,,,0.0
2012-01-10,,,,,34.5,40.0,30.0,,,,,,0.06
2012-01-11,,,,,42.5,53.0,36.0,,,,,,0.0
2012-01-12,,,,,46.1,58.0,37.0,,,,,,0.0
2012-01-13,,,,,49.1,59.0,44.0,,,,,,0.0
2012-01-14,,,,,38.5,46.0,27.0,,,,,,0.0
2012-01-15,,,,,25.2,31.0,22.0,,,,,,0.06
2012-01-16,,,,,24.8,32.0,20.0,,,,,,0.07
2012-01-17,,,,,27.5,30.0,23.0,,,,,,0.0
2012-01-18,,,,,35.3,41.0,30.0,,,,,,1.41
2012-01-19,,,,,40.9,42.0,40.0,,,,,,1.93
2012-01-20,,,,,39.5,42.0,37.0,,,,,,1.41
2012-01-21,,,,,31.2,37.0,27.0,,,,,,0.17
2012-01-22,,,,,30.1,33.0,28.0,,,,,,0.01
2012-01-23,,,,,34.6,43.0,30.0,,,,,,0.45
2012-01-24,,,,,37.2,42.0,32.0,,,,,,0.23
2012-01-25,,,,,41.9,45.0,40.0,,,,,,0.08
2012-01-26,,,,,34.8,43.0,26.0,,,,,,0.38
2012-01-27,,,,,36.7,48.0,25.0,,,,,,0.01
2012-01-28,,,,,49.8,59.0,41.0,,,,,,0.0
2012-01-29,,,,,42.9,49.0,36.0,,,,,,0.02
2012-01-30,,,,,38.3,43.0,35.0,,,,,,0.02
2012-01-31,,,,,37.3,43.0,32.0,,,,,,0.05
2012-02-01,,,,,34.4,38.0,32.0,,,,,,0.19
2012-02-02,,,,,43.4,57.0,32.0,,,,,,0.0
2012-02-03,,,,,42.7,51.0,37.0,,,,,,0.0
2012-02-04,,,,,43.3,55.0,36.0,,,,,,0.0
2012-02-05,,,,,45.3,56.0,39.0,,,,,,0.0
2012-02-06,,,,,46.7,58.0,39.0,,,,,,0.0
2012-02-07,,,,,43.0,49.0,38.0,,,,,,0.02
2012-02-08,,,,,40.4,48.0,37.0,,,,,,0.03
2012-02-09,,,,,47.6,51.0,44.0,,,,,,0.0
2012-02-10,,,,,40.8,47.0,35.0,,,,,,0.23
2012-02-11,,,,,36.2,48.0,32.0,,,,,,0.03
2012-02-12,,,,,34.0,38.0,30.0,,,,,,0.0
2012-02-13,,,,,31.7,35.0,29.0,,,,,,0.44
2012-02-14,,,,,29.0,33.0,26.0,,,,,,0.09
2012-02-15,,,,,32.2,42.0,24.0,,,,,,0.35
2012-02-16,,,,,37.9,41.0,36.0,,,,,,0.01
2012-02-17,,,,,38.4,42.0,32.0,,,,,,0.08
2012-02-18,,,,,29.2,33.0,25.0,,,,,,0.16
2012-02-19,,,,,29.6,39.0,23.0,,,,,,0.02
2012-02-20,,,,,36.9,40.0,33.0,,,,,,0.3
2012-02-21,,,,,43.9,48.0,39.0,,,,,,0.0
2012-02-22,,,,,39.4,45.0,30.0,,,,,,0.13
2012-02-23,,,,,34.5,45.0,27.0,,,,,,0.02
2012-02-24,,,,,40.8,55.0,29.0,,,,,,0.04
2012-02-25,,,,,26.4,32.0,21.0,,,,,,0.0
2012-02-26,,,,,26.4,31.0,23.0,,,,,,0.04
2012-02-27,,,,,26.5,32.0,22.0,,,,,,0.1
2012-02-28,,,,,27.0,30.0,24.0,,,,,,0.0
2012-02-29,,,,,27.2,32.0,25.0,,,,,,0.06
2012-03-01,,,,,29.2,35.0,26.0,,,,,,0.24
2012-03-02,,,,,34.0,47.0,25.0,,,,,,0.35
2012-03-03,,,,,45.7,61.0,37.0,,,,,,0.04
2012-03-04,,,,,50.4,67.0,42.0,,,,,,0.0
2012-03-05,,,,,36.9,43.0,27.0,,,,,,0.06
2012-03-06,,,,,26.0,31.0,23.0,,,,,,0.09
2012-03-07,,,,,33.5,48.0,21.0,,,,,,0.42
2012-03-08,,,,,49.5,64.0,37.0,,,,,,0.0
2012-03-09,,,,,47.9,64.0,39.0,,,,,,0.0
2012-03-10,,,,,37.4,46.0,32.0,,,,,,0.0
2012-03-11,,,,,31.0,37.0,27.0,,,,,,0.22
2012-03-12,,,,,31.5,35.0,28.0,,,,,,0.26
2012-03-13,,,,,29.8,36.0,26.0,,,,,,0.21
2012-03-14,,,,,34.3,39.0,29.0,,,,,,0.48
2012-03-15,,,,,38.0,41.0,32.0,,,,,,1.09
2012-03-16,,,,,32.7,40.0,29.0,,,,,,0.56
2012-03-17,,,,,31.4,41.0,25.0,,,,,,0.06
2012-03-18,,,,,27.7,33.0,22.0,,,,,,0.16
2012-03-19,,,,,27.4,33.0,23.0,,,,,,0.09
2012-03-20,,,,,37.4,41.0,33.0,,,,,,0.41
2012-03-21,,,,,38.5,43.0,29.0,,,,,,1.79
2012-03-22,,,,,30.9,42.0,24.0,,,,,,0.43
2012-03-23,,,,,36.1,50.0,26.0,,,,,,0.05
2012-03-24,,,,,35.4,42.0,31.0,,,,,,0.01
2012-03-25,,,,,32.5,37.0,29.0,,,,,,0.36
2012-03-26,,,,,32.9,40.0,28.0,,,,,,0.16
2012-03-27,,,,,34.2,38.0,31.0,,,,,,0.83
2012-03-28,,,,,32.8,35.0,31.0,,,,,,0.47
2012-03-29,,,,,38.2,42.0,33.0,,,,,,1.13
2012-03-30,,,,,42.1,44.0,39.0,,,,,,1.38
2012-03-31,,,,,33.8,41.0,29.0,,,,,,0.66
2012-04-01,,,,,30.1,33.0,27.0,,,,,,0.11
2012-04-02,,,,,39.2,51.0,31.0,,,,,,0.21
2012-04-03,,,,,34.2,38.0,27.0,,,,,,0.19
2012-04-04,,,,,29.8,37.0,25.0,,,,,,0.25
2012-04-05,,,,,29.8,36.0,25.0,,,,,,0.11
2012-04-06,,,,,33.5,47.0,26.0,,,,,,0.0
2012-04-07,,,,,41.0,58.0,32.0,,,,,,0.0
2012-04-08,,,,,46.6,59.0,39.0,,,,,,0.0
2012-04-09,,,,,44.8,56.0,38.0,,,,,,0.0
2012-04-10,,,,,42.8,51.0,37.0,,,,,,0.19
2012-04-11,,,,,37.1,45.0,32.0,,,,,,0.21
2012-04-12,,,,,34.0,42.0,31.0,,,,,,0.11
2012-04-13,,,,,34.0,40.0,30.0,,,,,,0.3
2012-04-14,,,,,40.5,52.0,32.0,,,,,,0.01
2012-04-15,,,,,42.5,52.0,36.0,,,,,,0.1
2012-04-16,,,,,40.8,47.0,36.0,,,,,,0.25
2012-04-17,,,,,39.0,43.0,34.0,,,,,,0.05
2012-04-18,,,,,40.4,50.0,34.0,,,,,,0.08
2012-04-19,,,,,47.6,55.0,42.0,,,,,,0.18
2012-04-20,,,,,54.5,68.0,46.0,,,,,,0.0
2012-04-21,,,,,60.4,73.0,48.0,,,,,,0.01
2012-04-22,,,,,66.0,78.0,56.0,,,,,,0.0
2012-04-23,,,,,60.7,76.0,45.0,,,,,,0.06
2012-04-24,,,,,50.2,66.0,42.0,,,,,,0.02
2012-04-25,,,,,47.0,57.0,41.0,,,,,,0.09
2012-04-26,,,,,36.0,43.0,32.0,,,,,,0.21
2012-04-27,,,,,38.6,46.0,32.0,,,,,,0.01
2012-04-28,,,,,46.8,59.0,38.0,,,,,,0.0
2012-04-29,,,,,49.7,63.0,41.0,,,,,,0.01
2012-04-30,,,,,42.3,52.0,32.0,,,,,,0.13
2012-05-01,,,,,36.2,48.0,30.0,,,,,,0.01
2012-05-02,,,,,38.2,51.0,29.0,,,,,,0.18
2012-05-03,,,,,38.7,44.0,33.0,,,,,,0.7
2012-05-04,,,,,34.3,39.0,32.0,,,,,,0.12
2012-05-05,,,,,40.1,55.0,30.0,,,,,,0.0
2012-05-06,,,,,49.1,63.0,38.0,,,,,,0.0
2012-05-07,,,,,59.6,74.0,46.0,,,,,,0.0
2012-05-08,,,,,55.4,68.0,38.0,,,,,,0.0
2012-05-09,,,,,40.2,52.0,33.0,,,,,,0.1
2012-05-10,,,,,40.5,57.0,29.0,,,,,,0.0
2012-05-11,,,,,52.8,66.0,37.0,,,,,,0.0
2012-05-12,,,,,65.7,80.0,51.0,,,,,,0.0
2012-05-13,,,,,69.0,83.0,57.0,,,,,,0.0
2012-05-14,,,,,56.8,65.0,46.0,,,,,,0.0
2012-05-15,,,,,59.4,70.0,48.0,,,,,,0.0
2012-05-16,,,,,55.2,70.0,43.0,,,,,,0.0
2012-05-17,,,,,46.0,63.0,34.0,,,,,,0.0
2012-05-18,,,,,47.5,62.0,32.0,,,,,,0.0
2012-05-19,,,,,53.9,65.0,43.0,,,,,,0.0
2012-05-20,,,,,58.0,74.0,47.0,,,,,,0.0
2012-05-21,,,,,47.8,56.0,42.0,,,,,,0.14
2012-05-22,,,,,41.8,47.0,37.0,,,,,,0.07
2012-05-23,,,,,40.4,51.0,34.0,,,,,,0.01
2012-05-24,,,,,37.4,41.0,32.0,,,,,,0.27
2012-05-25,,,,,39.0,53.0,32.0,,,,,,0.36
2012-05-26,,,,,44.8,58.0,38.0,,,,,,0.0
2012-05-27,,,,,48.8,61.0,40.0,,,,,,0.0
2012-05-28,,,,,43.2,52.0,39.0,,,,,,0.0
2012-05-29,,,,,50.7,65.0,39.0,,,,,,0.01
2012-05-30,,,,,60.9,75.0,47.0,,,,,,0.0
2012-05-31,,,,,66.0,79.0,55.0,,,,,,0.0
2012-06-01,,,,,62.2,75.0,51.0,,,,,,0.0
2012-06-02,,,,,51.5,63.0,43.0,,,,,,0.02
2012-06-03,,,,,47.2,55.0,41.0,,,,,,0.08
2012-06-04,,,,,43.9,56.0,34.0,,,,,,0.45
2012-06-05,,,,,37.8,44.0,33.0,,,,,,0.17
2012-06-06,,,,,47.2,65.0,33.0,,,,,,0.01
2012-06-07,,,,,44.3,54.0,35.0,,,,,,0.21
2012-06-08,,,,,39.7,52.0,34.0,,,,,,0.05
2012-06-09,,,,,43.2,55.0,34.0,,,,,,0.02
2012-06-10,,,,,52.1,67.0,39.0,,,,,,0.0
2012-06-11,,,,,57.3,71.0,45.0,,,,,,0.0
2012-06-12,,,,,55.2,69.0,46.0,,,,,,0.0
2012-06-13,,,,,51.2,64.0,41.0,,,,,,0.07
2012-06-14,,,,,52.5,68.0,41.0,,,,,,0.0
2012-06-15,,,,,57.5,73.0,42.0,,,,,,0.0
2012-06-16,,,,,65.0,79.0,51.0,,,,,,0.0
2012-06-17,,,,,59.8,74.0,44.0,,,,,,0.0
2012-06-18,,,,,46.0,55.0,40.0,,,,,,0.01
2012-06-19,,,,,49.0,63.0,36.0,,,,,,0.0
2012-06-20,,,,,57.8,74.0,40.0,,,,,,0.0
2012-06-21,,,,,60.1,74.0,47.0,,,,,,0.0
2012-06-22,,,,,46.4,54.0,37.0,,,,,,0.92
2012-06-23,,,,,42.2,52.0,35.0,,,,,,0.16
2012-06-24,,,,,47.3,61.0,39.0,,,,,,0.03
2012-06-25,,,,,43.8,51.0,39.0,,,,,,0.33
2012-06-26,,,,,45.8,56.0,39.0,,,,,,0.02
2012-06-27,,,,,57.0,69.0,43.0,,,,,,0.0
2012-06-28,,,,,55.5,69.0,49.0,,,,,,0.01
2012-06-29,,,,,56.4,67.0,50.0,,,,,,0.03
2012-06-30,,,,,56.3,65.0,52.0,,,,,,0.37
2012-07-01,,,,,57.2,71.0,51.0,,,,,,0.23
2012-07-02,,,,,54.5,68.0,44.0,,,,,,0.01
2012-07-03,,,,,51.5,64.0,43.0,,,,,,0.02
2012-07-04,,,,,53.5,67.0,42.0,,,,,,0.01
2012-07-05,,,,,59.7,75.0,49.0,,,,,,0.0
2012-07-06,,,,,62.5,74.0,50.0,,,,,,0.0
2012-07-07,,,,,68.6,81.0,58.0,,,,,,0.0
2012-07-08,,,,,71.6,83.0,62.0,,,,,,0.0
2012-07-09,,,,,66.7,79.0,55.0,,,,,,0.0
2012-07-10,,,,,63.4,76.0,55.0,,,,,,0.0
2012-07-11,,,,,66.8,80.0,53.0,,,,,,0.0
2012-07-12,,,,,63.8,77.0,51.0,,,,,,0.0
2012-07-13,,,,,63.5,79.0,52.0,,,,,,0.0
2012-07-14,,,,,66.1,80.0,54.0,,,,,,0.0
2012-07-15,,,,,59.8,71.0,46.0,,,,,,0.0
2012-07-16,,,,,52.2,65.0,44.0,,,,,,0.05
2012-07-17,,,,,53.5,67.0,48.0,,,,,,0.31
2012-07-18,,,,,56.2,67.0,48.0,,,,,,0.02
2012-07-19,,,,,62.3,79.0,51.0,,,,,,0.0
2012-07-20,,,,,56.4,70.0,49.0,,,,,,0.33
2012-07-21,,,,,62.0,73.0,51.0,,,,,,0.01
2012-07-22,,,,,53.8,64.0,46.0,,,,,,0.01
2012-07-23,,,,,54.0,69.0,43.0,,,,,,0.0
2012-07-24,,,,,60.9,74.0,47.0,,,,,,0.0
2012-07-25,,,,,68.6,82.0,56.0,,,,,,0.0
2012-07-26,,,,,70.3,82.0,56.0,,,,,,0.0
2012-07-27,,,,,60.2,73.0,49.0,,,,,,0.0
2012-07-28,,,,,60.0,73.0,49.0,,,,,,0.0
2012-07-29,,,,,58.5,71.0,49.0,,,,,,0.01
2012-07-30,,,,,60.8,76.0,50.0,,,,,,0.0
2012-07-31,,,,,60.9,76.0,51.0,,,,,,0.0
2012-08-01,,,,,62.7,80.0,52.0,,,,,,0.0
2012-08-02,,,,,63.4,78.0,51.0,,,,,,0.0
2012-08-03,,,,,67.7,82.0,52.0,,,,,,0.0
2012-08-04,,,,,79.8,95.0,68.0,,,,,,0.0
2012-08-05,,,,,72.0,86.0,64.0,,,,,,0.0
2012-08-06,,,,,71.3,82.0,62.0,,,,,,0.0
2012-08-07,,,,,68.5,79.0,58.0,,,,,,0.0
2012-08-08,,,,,64.9,78.0,52.0,,,,,,0.0
2012-08-09,,,,,61.4,77.0,51.0,,,,,,0.0
2012-08-10,,,,,59.8,77.0,50.0,,,,,,0.0
2012-08-11,,,,,68.2,85.0,54.0,,,,,,0.0
2012-08-12,,,,,74.7,88.0,62.0,,,,,,0.0
2012-08-13,,,,,72.0,85.0,62.0,,,,,,0.0
2012-08-14,,,,,72.8,87.0,63.0,,,,,,0.0
2012-08-15,,,,,76.2,89.0,66.0,,,,,,0.0
2012-08-16,,,,,78.6,93.0,69.0,,,,,,0.0
2012-08-17,,,,,77.8,91.0,65.0,,,,,,0.0
2012-08-18,,,,,74.0,86.0,61.0,,,,,,0.0
2012-08-19,,,,,66.8,78.0,57.0,,,,,,0.0
2012-08-20,,,,,67.3,80.0,55.0,,,,,,0.0
2012-08-21,,,,,62.0,79.0,50.0,,,,,,0.0
2012-08-22,,,,,61.0,78.0,49.0,,,,,,0.0
2012-08-23,,,,,55.8,73.0,46.0,,,,,,0.0
2012-08-24,,,,,56.3,73.0,42.0,,,,,,0.0
2012-08-25,,,,,63.7,79.0,53.0,,,,,,0.0
2012-08-26,,,,,59.1,75.0,51.0,,,,,,0.0
2012-08-27,,,,,57.5,71.0,48.0,,,,,,0.0
2012-08-28,,,,,54.8,71.0,45.0,,,,,,0.0
2012-08-29,,,,,54.5,73.0,42.0,,,,,,0.0
2012-08-30,,,,,59.5,75.0,51.0,,,,,,0.0
2012-08-31,,,,,56.6,72.0,46.0,,,,,,0.0
2012-09-01,,,,,55.5,73.0,42.0,,,,,,0.01
2012-09-02,,,,,59.4,74.0,51.0,,,,,,0.0
2012-09-03,,,,,60.5,78.0,49.0,,,,,,0.0
2012-09-04,,,,,64.1,79.0,54.0,,,,,,0.0
2012-09-05,,,,,68.6,81.0,58.0,,,,,,0.0
2012-09-06,,,,,69.8,84.0,61.0,,,,,,0.0
2012-09-07,,,,,71.2,88.0,59.0,,,,,,0.0
2012-09-08,,,,,67.2,79.0,55.0,,,,,,0.0
2012-09-09,,,,,53.1,67.0,41.0,,,,,,0.0
2012-09-10,,,,,51.9,67.0,41.0,,,,,,0.0
2012-09-11,,,,,50.6,66.0,38.0,,,,,,0.01
2012-09-12,,,,,71.0,87.0,54.0,,,,,,0.0
2012-09-13,,,,,76.6,93.0,67.0,,,,,,0.0
2012-09-14,,,,,73.6,86.0,64.0,,,,,,0.0
2012-09-15,,,,,67.4,79.0,55.0,,,,,,0.0
2012-09-16,,,,,65.6,80.0,54.0,,,,,,0.0
2012-09-17,,,,,73.0,88.0,62.0,,,,,,0.0
2012-09-18,,,,,71.0,85.0,61.0,,,,,,0.0
2012-09-19,,,,,69.5,82.0,60.0,,,,,,0.0
2012-09-20,,,,,66.1,79.0,56.0,,,,,,0.0
2012-09-21,,,,,53.3,72.0,42.0,,,,,,0.0
2012-09-22,,,,,53.1,68.0,42.0,,,,,,0.0
2012-09-23,,,,,57.5,70.0,48.0,,,,,,0.0
2012-09-24,,,,,56.8,70.0,48.0,,,,,,0.0
2012-09-25,,,,,55.8,70.0,46.0,,,,,,0.0
2012-09-26,,,,,61.7,75.0,50.0,,,,,,0.0
2012-09-27,,,,,72.4,86.0,61.0,,,,,,0.0
2012-09-28,,,,,68.9,80.0,56.0,,,,,,0.0
2012-09-29,,,,,64.1,76.0,54.0,,,,,,0.0
2012-09-30,,,,,60.8,71.0,53.0,,,,,,0.0
2012-10-01,,,,,68.2,85.0,55.0,,,,,,0.0
2012-10-02,,,,,58.3,72.0,46.0,,,,,,0.0
2012-10-03,,,,,63.9,79.0,55.0,,,,,,0.0
2012-10-04,,,,,62.0,72.0,51.0,,,,,,0.0
2012-10-05,,,,,55.5,68.0,43.0,,,,,,0.0
2012-10-06,,,,,55.2,70.0,42.0,,,,,,0.0
2012-10-07,,,,,60.6,77.0,50.0,,,,,,0.0
2012-10-08,,,,,53.7,67.0,43.0,,,,,,0.0
2012-10-09,,,,,53.2,66.0,44.0,,,,,,0.0
2012-10-10,,,,,56.7,70.0,49.0,,,,,,0.0
2012-10-11,,,,,59.4,72.0,48.0,,,,,,0.0
2012-10-12,,,,,52.6,61.0,47.0,,,,,,0.05
2012-10-13,,,,,52.2,63.0,47.0,,,,,,0.03
2012-10-14,,,,,53.5,61.0,49.0,,,,,,0.08
2012-10-15,,,,,52.2,55.0,48.0,,,,,,0.76
2012-10-16,,,,,46.2,54.0,38.0,,,,,,0.17
2012-10-17,,,,,52.7,68.0,39.0,,,,,,0.0
2012-10-18,,,,,61.4,74.0,53.0,,,,,,0.0
2012-10-19,,,,,52.8,60.0,45.0,,,,,,0.07
2012-10-20,,,,,38.9,45.0,32.0,,,,,,0.23
2012-10-21,,,,,35.6,45.0,32.0,,,,,,0.13
2012-10-22,,,,,32.5,34.0,31.0,,,,,,0.2
2012-10-23,,,,,31.5,33.0,30.0,,,,,,0.1
2012-10-24,,,,,32.2,33.0,30.0,,,,,,0.16
2012-10-25,,,,,38.3,48.0,32.0,,,,,,0.18
2012-10-26,,,,,43.8,55.0,37.0,,,,,,0.05
2012-10-27,,,,,48.5,52.0,41.0,,,,,,0.14
2012-10-28,,,,,51.4,58.0,48.0,,,,,,0.04
2012-10-29,,,,,51.0,57.0,48.0,,,,,,0.01
2012-10-30,,,,,49.6,55.0,46.0,,,,,,0.0
2012-10-31,,,,,44.0,47.0,41.0,,,,,,0.82
2012-11-01,,,,,42.0,48.0,39.0,,,,,,0.01
2012-11-02,,,,,43.2,48.0,40.0,,,,,,0.14
2012-11-03,,,,,49.0,54.0,44.0,,,,,,0.0
2012-11-04,,,,,56.6,70.0,50.0,,,,,,0.0
2012-11-05,,,,,62.7,77.0,53.0,,,,,,0.0
2012-11-06,,,,,60.7,70.0,47.0,,,,,,0.0
2012-11-07,,,,,40.0,49.0,32.0,,,,,,0.07
2012-11-08,,,,,31.7,35.0,28.0,,,,,,0.11
2012-11-09,,,,,29.8,33.0,27.0,,,,,,0.06
2012-11-10,,,,,31.2,36.0,29.0,,,,,,0.12
2012-11-11,,,,,31.8,34.0,30.0,,,,,,0.02
2012-11-12,,,,,38.0,42.0,33.0,,,,,,0.11
2012-11-13,,,,,40.4,44.0,38.0,,,,,,0.02
2012-11-14,,,,,43.1,56.0,36.0,,,,,,0.0
2012-11-15,,,,,46.7,54.0,41.0,,,,,,0.0
2012-11-16,,,,,42.2,45.0,39.0,,,,,,0.01
2012-11-17,,,,,36.8,42.0,32.0,,,,,,0.26
2012-11-18,,,,,34.5,39.0,32.0,,,,,,0.37
2012-11-19,,,,,42.9,46.0,39.0,,,,,,2.35
2012-11-20,,,,,41.7,45.0,38.0,,,,,,2.75
2012-11-21,,,,,33.9,39.0,32.0,,,,,,0.57
2012-11-22,,,,,39.9,46.0,32.0,,,,,,0.0
2012-11-23,,,,,45.6,49.0,43.0,,,,,,0.0
2012-11-24,,,,,43.7,48.0,36.0,,,,,,0.7
2012-11-25,,,,,37.1,42.0,33.0,,,,,,0.03
2012-11-26,,,,,46.9,53.0,41.0,,,,,,0.0
2012-11-27,,,,,45.3,49.0,41.0,,,,,,0.0
2012-11-28,,,,,42.1,46.0,39.0,,,,,,0.07
2012-11-29,,,,,38.1,43.0,34.0,,,,,,2.99
2012-11-30,,,,,40.2,42.0,39.0,,,,,,0.68
2012-12-01,,,,,38.3,41.0,34.0,,,,,,1.36
2012-12-02,,,,,35.6,41.0,32.0,,,,,,0.86
2012-12-03,,,,,36.3,39.0,34.0,,,,,,0.21
2012-12-04,,,,,45.7,48.0,40.0,,,,,,2.1
2012-12-05,,,,,36.1,42.0,32.0,,,,,,0.19
2012-12-06,,,,,31.5,36.0,27.0,,,,,,0.01
2012-12-07,,,,,32.4,37.0,30.0,,,,,,0.0
2012-12-08,,,,,31.6,35.0,30.0,,,,,,0.08
2012-12-09,,,,,39.7,49.0,31.0,,,,,,0.0
2012-12-10,,,,,45.8,53.0,40.0,,,,,,0.02
2012-12-11,,,,,36.4,44.0,31.0,,,,,,0.07
2012-12-12,,,,,31.0,34.0,29.0,,,,,,0.06
2012-12-13,,,,,31.4,38.0,27.0,,,,,,0.03
2012-12-14,,,,,29.5,33.0,27.0,,,,,,0.08
2012-12-15,,,,,29.0,33.0,26.0,,,,,,0.0
2012-12-16,,,,,33.5,40.0,31.0,,,,,,0.69
2012-12-17,,,,,29.7,34.0,25.0,,,,,,0.07
2012-12-18,,,,,25.8,33.0,23.0,,,,,,0.03
2012-12-19,,,,,28.2,32.0,24.0,,,,,,0.01
2012-12-20,,,,,29.9,32.0,29.0,,,,,,0.0
2012-12-21,,,,,30.0,30.0,30.0,,,,,,0.0
2012-12-22,,,,,29.5,31.0,29.0,,,,,,0.0
2012-12-23,,,,,30.3,33.0,28.0,,,,,,0.0
2012-12-24,,,,,29.6,33.0,27.0,,,,,,0.01
2012-12-25,,,,,31.0,33.0,28.0,,,,,,0.0
2012-12-26,,,,,31.3,33.0,29.0,,,,,,0.01
2012-12-27,,,,,31.6,43.0,29.0,,,,,,0.18
2012-12-28,,,,,29.7,33.0,27.0,,,,,,0.02
2012-12-29,,,,,30.7,40.0,27.0,,,,,,0.28
2012-12-30,,,,,30.3,39.0,26.0,,,,,,0.41
2012-12-31,,,,,31.7,37.0,29.0,,,,,,0.01
2013-01-01,,,,,32.6,42.0,27.0,,,,,,0.05
2013-01-02,,,,,38.6,51.0,32.0,,,,,,0.0
2013-01-03,,,,,35.7,41.0,32.0,,,,,,0.0
2013-01-04,,,,,39.8,53.0,33.0,,,,,,0.01
2013-01-05,,,,,36.2,40.0,32.0,,,,,,0.0
2013-01-06,,,,,33.8,40.0,31.0,,,,,,0.0
2013-01-07,,,,,37.0,40.0,33.0,,,,,,0.02
2013-01-08,,,,,39.6,44.0,36.0,,,,,,0.0
2013-01-09,,,,,32.1,41.0,26.0,,,,,,0.08
2013-01-10,,,,,26.6,28.0,25.0,,,,,,0.0
2013-01-11,,,,,26.2,32.0,21.0,,,,,,0.01
2013-01-12,,,,,24.6,39.0,17.0,,,,,,0.12
2013-01-13,,,,,24.8,34.0,17.0,,,,,,0.08
2013-01-14,,,,,32.8,53.0,24.0,,,,,,0.19
2013-01-15,,,,,47.8,74.0,31.0,,,,,,0.03
2013-01-16,,,,,56.2,72.0,47.0,,,,,,0.0
2013-01-17,,,,,55.0,73.0,46.0,,,,,,0.0
2013-01-18,,,,,50.7,60.0,45.0,,,,,,0.0
2013-01-19,,,,,49.7,62.0,41.0,,,,,,0.0
2013-01-20,,,,,49.6,62.0,42.0,,,,,,0.0
2013-01-21,,,,,53.0,67.0,46.0,,,,,,0.0
2013-01-22,,,,,48.6,53.0,43.0,,,,,,0.0
2013-01-23,,,,,39.0,44.0,33.0,,,,,,1.06
2013-01-24,,,,,39.8,44.0,34.0,,,,,,0.08
2013-01-25,,,,,39.8,42.0,33.0,,,,,,0.49
2013-01-26,,,,,31.1,35.0,29.0,,,,,,0.06
2013-01-27,,,,,30.2,34.0,29.0,,,,,,0.05
2013-01-28,,,,,31.5,33.0,30.0,,,,,,0.01
2013-01-29,,,,,33.2,36.0,32.0,,,,,,0.38
2013-01-30,,,,,35.5,44.0,32.0,,,,,,0.02
2013-01-31,,,,,37.7,46.0,32.0,,,,,,0.03
2013-02-01,,,,,49.2,65.0,40.0,,,,,,0.0
2013-02-02,,,,,50.5,60.0,44.0,,,,,,0.0
2013-02-03,,,,,46.8,57.0,41.0,,,,,,0.0
2013-02-04,,,,,44.7,53.0,38.0,,,,,,0.0
2013-02-05,,,,,35.1,42.0,32.0,,,,,,0.03
2013-02-06,,,,,33.3,38.0,32.0,,,,,,0.02
2013-02-07,,,,,29.5,32.0,27.0,,,,,,0.09
2013-02-08,,,,,28.8,35.0,25.0,,,,,,0.11
2013-02-09,,,,,30.8,40.0,27.0,,,,,,0.11
2013-02-10,,,,,33.1,44.0,30.0,,,,,,0.02
2013-02-11,,,,,32.1,38.0,28.0,,,,,,0.0
2013-02-12,,,,,36.0,43.0,32.0,,,,,,0.05
2013-02-13,,,,,36.6,43.0,33.0,,,,,,0.01
2013-02-14,,,,,41.4,54.0,33.0,,,,,,0.0
2013-02-15,,,,,48.7,59.0,40.0,,,,,,0.0
2013-02-16,,,,,40.1,50.0,31.0,,,,,,0.0
2013-02-17,,,,,32.7,40.0,29.0,,,,,,0.06
2013-02-18,,,,,31.4,36.0,28.0,,,,,,0.0
2013-02-19,,,,,30.2,36.0,27.0,,,,,,0.19
2013-02-20,,,,,30.5,35.0,28.0,,,,,,0.03
2013-02-21,,,,,30.7,35.0,27.0,,,,,,0.17
2013-02-22,,,,,31.5,35.0,29.0,,,,,,0.05
2013-02-23,,,,,29.0,34.0,27.0,,,,,,0.18
2013-02-24,,,,,33.3,48.0,24.0,,,,,,0.28
2013-02-25,,,,,30.8,34.0,27.0,,,,,,0.1
2013-02-26,,,,,34.2,49.0,24.0,,,,,,0.01
2013-02-27,,,,,38.6,47.0,35.0,,,,,,0.03
2013-02-28,,,,,40.5,43.0,38.0,,,,,,0.07
2013-03-01,,,,,46.3,58.0,39.0,,,,,,0.01
2013-03-02,,,,,43.8,50.0,37.0,,,,,,0.06
2013-03-03,,,,,33.2,38.0,29.0,,,,,,0.22
2013-03-04,,,,,40.3,52.0,31.0,,,,,,0.0
2013-03-05,,,,,34.2,37.0,32.0,,,,,,0.16
2013-03-06,,,,,31.5,34.0,29.0,,,,,,0.03
2013-03-07,,,,,35.1,50.0,26.0,,,,,,0.57
2013-03-08,,,,,35.3,45.0,28.0,,,,,,0.0
2013-03-09,,,,,40.4,51.0,32.0,,,,,,0.0
2013-03-10,,,,,45.2,57.0,36.0,,,,,,0.0
2013-03-11,,,,,45.5,56.0,39.0,,,,,,0.0
2013-03-12,,,,,48.2,58.0,42.0,,,,,,0.0
2013-03-13,,,,,52.4,67.0,43.0,,,,,,0.0
2013-03-14,,,,,49.3,59.0,42.0,,,,,,0.0
2013-03-15,,,,,46.5,59.0,37.0,,,,,,0.0
2013-03-16,,,,,36.5,40.0,33.0,,,,,,0.1
2013-03-17,,,,,32.4,43.0,26.0,,,,,,0.13
2013-03-18,,,,,38.5,51.0,28.0,,,,,,0.0
2013-03-19,,,,,42.2,51.0,38.0,,,,,,0.2
2013-03-20,,,,,35.8,42.0,26.0,,,,,,0.39
2013-03-21,,,,,29.5,34.0,26.0,,,,,,0.09
2013-03-22,,,,,29.1,35.0,25.0,,,,,,0.03
2013-03-23,,,,,33.8,43.0,25.0,,,,,,0.0
2013-03-24,,,,,42.0,53.0,35.0,,,,,,0.0
2013-03-25,,,,,43.3,56.0,36.0,,,,,,0.03
2013-03-26,,,,,38.4,46.0,32.0,,,,,,0.0
2013-03-27,,,,,43.1,52.0,39.0,,,,,,0.1
2013-03-28,,,,,43.6,51.0,40.0,,,,,,0.08
2013-03-29,,,,,51.1,64.0,41.0,,,,,,0.01
2013-03-30,,,,,57.0,69.0,46.0,,,,,,0.01
2013-03-31,,,,,44.8,48.0,41.0,,,,,,0.46
2013-04-01,,,,,43.0,49.0,39.0,,,,,,0.62
2013-04-02,,,,,48.0,59.0,41.0,,,,,,0.01
2013-04-03,,,,,51.2,61.0,42.0,,,,,,0.0
2013-04-04,,,,,43.9,47.0,39.0,,,,,,0.85
2013-04-05,,,,,40.2,43.0,39.0,,,,,,0.14
2013-04-06,,,,,39.0,43.0,36.0,,,,,,0.15
2013-04-07,,,,,34.0,41.0,30.0,,,,,,0.06
2013-04-08,,,,,34.5,45.0,29.0,,,,,,0.66
2013-04-09,,,,,44.1,56.0,32.0,,,,,,0.0
2013-04-10,,,,,43.7,47.0,37.0,,,,,,0.07
2013-04-11,,,,,38.8,52.0,32.0,,,,,,0.0
2013-04-12,,,,,44.7,59.0,35.0,,,,,,0.0
2013-04-13,,,,,33.7,39.0,29.0,,,,,,0.04
2013-04-14,,,,,32.3,41.0,27.0,,,,,,0.02
2013-04-15,,,,,31.8,39.0,29.0,,,,,,0.57
2013-04-16,,,,,34.0,42.0,30.0,,,,,,0.16
2013-04-17,,,,,39.0,52.0,32.0,,,,,,0.0
2013-04-18,,,,,44.0,59.0,33.0,,,,,,0.0
2013-04-19,,,,,43.3,50.0,38.0,,,,,,0.04
2013-04-20,,,,,44.3,57.0,35.0,,,,,,0.01
2013-04-21,,,,,47.4,59.0,37.0,,,,,,0.0
2013-04-22,,,,,46.2,59.0,38.0,,,,,,0.0
2013-04-23,,,,,48.1,62.0,35.0,,,,,,0.0
2013-04-24,,,,,54.7,70.0,38.0,,,,,,0.0
2013-04-25,,,,,58.1,71.0,49.0,,,,,,0.0
2013-04-26,,,,,61.2,73.0,51.0,,,,,,0.0
2013-04-27,,,,,58.8,70.0,43.0,,,,,,0.0
2013-04-28,,,,,49.1,62.0,39.0,,,,,,0.0
2013-04-29,,,,,44.6,58.0,33.0,,,,,,0.0
2013-04-30,,,,,38.2,53.0,29.0,,,,,,0.0
2013-05-01,,,,,48.1,64.0,32.0,,,,,,0.0
2013-05-02,,,,,58.6,74.0,46.0,,,,,,0.0
2013-05-03,,,,,56.8,72.0,42.0,,,,,,0.0
2013-05-04,,,,,61.0,75.0,48.0,,,,,,0.0
2013-05-05,,,,,59.1,75.0,46.0,,,,,,0.01
2013-05-06,,,,,52.0,66.0,41.0,,,,,,0.07
2013-05-07,,,,,54.4,70.0,43.0,,,,,,0.0
2013-05-08,,,,,56.2,71.0,46.0,,,,,,0.0
2013-05-09,,,,,61.1,73.0,50.0,,,,,,0.0
2013-05-10,,,,,65.4,81.0,54.0,,,,,,0.0
2013-05-11,,,,,67.2,80.0,59.0,,,,,,0.0
2013-05-12,,,,,62.4,79.0,51.0,,,,,,0.0
2013-05-13,,,,,52.3,66.0,40.0,,,,,,0.0
2013-05-14,,,,,47.8,62.0,39.0,,,,,,0.0
2013-05-15,,,,,47.8,54.0,41.0,,,,,,0.01
2013-05-16,,,,,44.5,55.0,40.0,,,,,,0.09
2013-05-17,,,,,41.9,48.0,36.0,,,,,,0.05
2013-05-18,,,,,42.3,49.0,38.0,,,,,,0.04
2013-05-19,,,,,45.4,57.0,39.0,,,,,,0.09
2013-05-20,,,,,54.1,70.0,39.0,,,,,,0.0
2013-05-21,,,,,35.9,45.0,30.0,,,,,,0.18
2013-05-22,,,,,33.5,41.0,29.0,,,,,,0.1
2013-05-23,,,,,38.2,46.0,32.0,,,,,,0.01
2013-05-24,,,,,40.2,48.0,34.0,,,,,,0.18
2013-05-25,,,,,46.6,60.0,35.0,,,,,,0.11
2013-05-26,,,,,47.4,59.0,41.0,,,,,,0.04
2013-05-27,,,,,44.2,50.0,41.0,,,,,,0.25
2013-05-28,,,,,48.2,61.0,41.0,,,,,,0.01
2013-05-29,,,,,44.4,54.0,34.0,,,,,,0.17
2013-05-30,,,,,43.3,55.0,32.0,,,,,,0.0
2013-05-31,,,,,50.4,65.0,38.0,,,,,,0.0
2013-06-01,,,,,56.6,70.0,45.0,,,,,,0.0
2013-06-02,,,,,49.4,60.0,42.0,,,,,,0.01
2013-06-03,,,,,55.3,70.0,45.0,,,,,,0.0
2013-06-04,,,,,63.0,78.0,49.0,,,,,,0.0
2013-06-05,,,,,65.8,81.0,52.0,,,,,,0.0
2013-06-06,,,,,64.1,79.0,52.0,,,,,,0.0
2013-06-07,,,,,62.8,78.0,49.0,,,,,,0.0
2013-06-08,,,,,62.5,78.0,52.0,,,,,,0.0
2013-06-09,,,,,58.7,74.0,44.0,,,,,,0.0
2013-06-10,,,,,50.8,68.0,41.0,,,,,,0.0
2013-06-11,,,,,44.3,57.0,37.0,,,,,,0.03
2013-06-12,,,,,44.4,56.0,38.0,,,,,,0.0
2013-06-13,,,,,45.3,57.0,37.0,,,,,,0.0
2013-06-14,,,,,53.6,69.0,39.0,,,,,,0.0
2013-06-15,,,,,59.4,72.0,48.0,,,,,,0.0
2013-06-16,,,,,58.2,71.0,48.0,,,,,,0.0
2013-06-17,,,,,55.5,70.0,45.0,,,,,,0.0
2013-06-18,,,,,46.2,57.0,38.0,,,,,,0.08
2013-06-19,,,,,43.3,51.0,39.0,,,,,,0.24
2013-06-20,,,,,48.1,62.0,39.0,,,,,,0.0
2013-06-21,,,,,52.9,67.0,42.0,,,,,,0.0
2013-06-22,,,,,60.5,75.0,48.0,,,,,,0.0
2013-06-23,,,,,55.4,66.0,48.0,,,,,,0.01
2013-06-24,,,,,46.7,50.0,41.0,,,,,,0.23
2013-06-25,,,,,50.5,57.0,48.0,,,,,,0.05
2013-06-26,,,,,53.1,58.0,49.0,,,,,,0.13
2013-06-27,,,,,63.3,80.0,52.0,,,,,,0.0
2013-06-28,,,,,70.0,85.0,58.0,,,,,,0.0
2013-06-29,,,,,69.3,84.0,55.0,,,,,,0.0
2013-06-30,,,,,72.8,87.0,60.0,,,,,,0.0
2013-07-01,,,,,72.4,87.0,57.0,,,,,,0.0
2013-07-02,,,,,74.0,90.0,62.0,,,,,,0.0
2013-07-03,,,,,69.4,83.0,56.0,,,,,,0.0
2013-07-04,,,,,61.1,76.0,50.0,,,,,,0.0
2013-07-05,,,,,55.9,71.0,45.0,,,,,,0.0
2013-07-06,,,,,58.0,76.0,45.0,,,,,,0.0
2013-07-07,,,,,60.8,77.0,50.0,,,,,,0.0
2013-07-08,,,,,65.2,80.0,51.0,,,,,,0.01
2013-07-09,,,,,71.6,86.0,61.0,,,,,,0.0
2013-07-10,,,,,68.5,83.0,52.0,,,,,,0.0
2013-07-11,,,,,59.8,76.0,48.0,,,,,,0.0
2013-07-12,,,,,57.5,74.0,46.0,,,,,,0.0
2013-07-13,,,,,59.8,76.0,46.0,,,,,,0.0
2013-07-14,,,,,68.3,84.0,56.0,,,,,,0.0
2013-07-15,,,,,68.5,85.0,57.0,,,,,,0.0
2013-07-16,,,,,66.7,83.0,55.0,,,,,,0.0
2013-07-17,,,,,65.6,78.0,55.0,,,,,,0.0
2013-07-18,,,,,66.6,83.0,57.0,,,,,,0.0
2013-07-19,,,,,65.3,84.0,52.0,,,,,,0.0
2013-07-20,,,,,64.9,83.0,52.0,,,,,,0.0
2013-07-21,,,,,68.2,87.0,53.0,,,,,,0.0
2013-07-22,,,,,70.9,88.0,59.0,,,,,,0.0
2013-07-23,,,,,73.6,88.0,61.0,,,,,,0.0
2013-07-24,,,,,73.1,86.0,66.0,,,,,,0.0
2013-07-25,,,,,75.0,90.0,64.0,,,,,,0.0
2013-07-26,,,,,72.6,89.0,60.0,,,,,,0.01
2013-07-27,,,,,63.6,82.0,52.0,,,,,,0.0
2013-07-28,,,,,60.5,78.0,47.0,,,,,,0.0
2013-07-29,,,,,60.8,77.0,48.0,,,,,,0.0
2013-07-30,,,,,63.5,76.0,54.0,,,,,,0.0
2013-07-31,,,,,60.0,73.0,47.0,,,,,,0.0
2013-08-01,,,,,49.4,56.0,45.0,,,,,,0.03
2013-08-02,,,,,56.8,75.0,46.0,,,,,,0.0
2013-08-03,,,,,63.4,80.0,50.0,,,,,,0.0
2013-08-04,,,,,69.2,84.0,60.0,,,,,,0.0
2013-08-05,,,,,70.3,85.0,62.0,,,,,,0.0
2013-08-06,,,,,70.8,87.0,60.0,,,,,,0.0
2013-08-07,,,,,61.6,75.0,53.0,,,,,,0.0
2013-08-08,,,,,61.7,71.0,53.0,,,,,,0.0
2013-08-09,,,,,61.1,77.0,53.0,,,,,,0.72
2013-08-10,,,,,57.2,68.0,52.0,,,,,,0.53
2013-08-11,,,,,61.3,73.0,53.0,,,,,,0.0
2013-08-12,,,,,62.2,73.0,53.0,,,,,,0.0
2013-08-13,,,,,65.9,80.0,55.0,,,,,,0.0
2013-08-14,,,,,67.0,83.0,58.0,,,,,,0.0
2013-08-15,,,,,66.0,77.0,58.0,,,,,,0.0
2013-08-16,,,,,65.6,79.0,57.0,,,,,,0.0
2013-08-17,,,,,63.9,79.0,54.0,,,,,,0.0
2013-08-18,,,,,65.0,80.0,52.0,,,,,,0.0
2013-08-19,,,,,67.4,84.0,55.0,,,,,,0.0
2013-08-20,,,,,63.1,78.0,53.0,,,,,,0.0
2013-08-21,,,,,70.2,86.0,62.0,,,,,,0.0
2013-08-22,,,,,62.5,75.0,54.0,,,,,,0.12
2013-08-23,,,,,60.6,73.0,49.0,,,,,,0.0
2013-08-24,,,,,57.0,67.0,50.0,,,,,,0.0
2013-08-25,,,,,54.2,61.0,51.0,,,,,,0.22
2013-08-26,,,,,58.2,72.0,50.0,,,,,,0.0
2013-08-27,,,,,62.8,79.0,52.0,,,,,,0.0
2013-08-28,,,,,63.6,76.0,54.0,,,,,,0.0
2013-08-29,,,,,61.5,72.0,53.0,,,,,,0.0
2013-08-30,,,,,61.0,77.0,51.0,,,,,,0.0
2013-08-31,,,,,67.1,84.0,55.0,,,,,,0.0
2013-09-01,,,,,63.2,83.0,53.0,,,,,,0.0
2013-09-02,,,,,59.7,73.0,52.0,,,,,,0.0
2013-09-03,,,,,59.1,74.0,50.0,,,,,,0.0
2013-09-04,,,,,55.5,69.0,50.0,,,,,,0.0
2013-09-05,,,,,50.4,54.0,47.0,,,,,,0.01
2013-09-06,,,,,56.3,70.0,46.0,,,,,,0.0
2013-09-07,,,,,65.0,78.0,55.0,,,,,,0.0
2013-09-08,,,,,65.0,79.0,56.0,,,,,,0.0
2013-09-09,,,,,67.8,82.0,59.0,,,,,,0.0
2013-09-10,,,,,76.9,92.0,64.0,,,,,,0.0
2013-09-11,,,,,75.7,89.0,64.0,,,,,,0.0
2013-09-12,,,,,71.1,83.0,62.0,,,,,,0.0
2013-09-13,,,,,69.7,84.0,59.0,,,,,,0.0
2013-09-14,,,,,71.4,84.0,61.0,,,,,,0.0
2013-09-15,,,,,56.3,68.0,48.0,,,,,,0.0
2013-09-16,,,,,53.4,67.0,47.0,,,,,,0.0
2013-09-17,,,,,47.3,51.0,43.0,,,,,,0.44
2013-09-18,,,,,51.3,63.0,40.0,,,,,,0.01
2013-09-19,,,,,60.7,76.0,50.0,,,,,,0.0
2013-09-20,,,,,52.8,66.0,48.0,,,,,,0.35
2013-09-21,,,,,45.8,51.0,41.0,,,,,,0.26
2013-09-22,,,,,44.8,48.0,41.0,,,,,,0.08
2013-09-23,,,,,47.0,51.0,44.0,,,,,,0.2
2013-09-24,,,,,43.1,52.0,36.0,,,,,,0.31
2013-09-25,,,,,38.2,44.0,34.0,,,,,,0.38
2013-09-26,,,,,43.5,54.0,37.0,,,,,,0.0
2013-09-27,,,,,46.0,54.0,37.0,,,,,,0.02
2013-09-28,,,,,48.7,56.0,45.0,,,,,,0.87
2013-09-29,,,,,44.4,51.0,40.0,,,,,,1.23
2013-09-30,,,,,40.8,47.0,37.0,,,,,,0.08
2013-10-01,,,,,41.3,50.0,36.0,,,,,,0.12
2013-10-02,,,,,38.9,46.0,33.0,,,,,,0.08
2013-10-03,,,,,40.2,50.0,35.0,,,,,,0.02
2013-10-04,,,,,50.5,64.0,37.0,,,,,,0.0
2013-10-05,,,,,58.6,72.0,46.0,,,,,,0.0
2013-10-06,,,,,58.8,70.0,52.0,,,,,,0.0
2013-10-07,,,,,44.2,50.0,38.0,,,,,,0.06
2013-10-08,,,,,39.8,46.0,36.0,,,,,,0.16
2013-10-09,,,,,37.9,44.0,34.0,,,,,,0.0
2013-10-10,,,,,43.3,54.0,35.0,,,,,,0.0
2013-10-11,,,,,41.2,50.0,37.0,,,,,,0.0
2013-10-12,,,,,39.8,46.0,36.0,,,,,,0.04
2013-10-13,,,,,41.9,51.0,34.0,,,,,,0.0
2013-10-14,,,,,49.0,60.0,39.0,,,,,,0.0
2013-10-15,,,,,52.1,65.0,42.0,,,,,,0.0
2013-10-16,,,,,55.8,66.0,49.0,,,,,,0.0
2013-10-17,,,,,56.0,67.0,50.0,,,,,,0.0
2013-10-18,,,,,60.9,72.0,51.0,,,,,,0.0
2013-10-19,,,,,61.8,74.0,55.0,,,,,,0.0
2013-10-20,,,,,62.0,71.0,55.0,,,,,,0.0
2013-10-21,,,,,63.6,75.0,55.0,,,,,,0.0
2013-10-22,,,,,64.7,76.0,58.0,,,,,,0.0
2013-10-23,,,,,62.8,74.0,57.0,,,,,,0.0
2013-10-24,,,,,61.7,71.0,56.0,,,,,,0.0
2013-10-25,,,,,60.8,70.0,52.0,,,,,,0.0
2013-10-26,,,,,57.7,69.0,45.0,,,,,,0.0
2013-10-27,,,,,39.1,43.0,37.0,,,,,,0.12
2013-10-28,,,,,37.1,42.0,32.0,,,,,,0.0
2013-10-29,,,,,40.8,52.0,34.0,,,,,,0.0
2013-10-30,,,,,44.5,54.0,37.0,,,,,,0.0
2013-10-31,,,,,49.7,60.0,44.0,,,,,,0.0
2013-11-01,,,,,51.8,60.0,44.0,,,,,,0.01
2013-11-02,,,,,38.5,50.0,32.0,,,,,,0.3
2013-11-03,,,,,33.3,37.0,32.0,,,,,,0.16
2013-11-04,,,,,35.1,39.0,32.0,,,,,,0.03
2013-11-05,,,,,42.5,47.0,36.0,,,,,,0.26
2013-11-06,,,,,49.2,57.0,45.0,,,,,,0.0
2013-11-07,,,,,40.8,46.0,33.0,,,,,,0.41
2013-11-08,,,,,38.6,47.0,32.0,,,,,,0.0
2013-11-09,,,,,48.5,58.0,42.0,,,,,,0.0
2013-11-10,,,,,53.4,62.0,49.0,,,,,,0.0
2013-11-11,,,,,52.8,64.0,47.0,,,,,,0.0
2013-11-12,,,,,47.9,51.0,45.0,,,,,,0.19
2013-11-13,,,,,46.7,57.0,40.0,,,,,,0.01
2013-11-14,,,,,36.3,45.0,32.0,,,,,,0.0
2013-11-15,,,,,33.2,37.0,32.0,,,,,,0.09
2013-11-16,,,,,35.0,37.0,32.0,,,,,,0.15
2013-11-17,,,,,37.3,43.0,32.0,,,,,,0.01
2013-11-18,,,,,38.8,41.0,37.0,,,,,,0.06
2013-11-19,,,,,42.5,46.0,38.0,,,,,,0.82
2013-11-20,,,,,30.7,36.0,26.0,,,,,,0.03
2013-11-21,,,,,33.5,47.0,22.0,,,,,,0.0
2013-11-22,,,,,44.6,56.0,33.0,,,,,,0.0
2013-11-23,,,,,50.0,62.0,43.0,,,,,,0.0
2013-11-24,,,,,50.5,60.0,45.0,,,,,,0.0
2013-11-25,,,,,47.8,57.0,42.0,,,,,,0.0
2013-11-26,,,,,45.3,49.0,42.0,,,,,,0.0
2013-11-27,,,,,48.9,60.0,43.0,,,,,,0.0
2013-11-28,,,,,51.7,60.0,47.0,,,,,,0.0
2013-11-29,,,,,48.2,61.0,41.0,,,,,,0.0
2013-11-30,,,,,46.7,58.0,41.0,,,,,,0.0
2013-12-01,,,,,44.7,50.0,40.0,,,,,,0.0
2013-12-02,,,,,35.0,43.0,25.0,,,,,,0.29
2013-12-03,,,,,27.0,30.0,23.0,,,,,,0.04
2013-12-04,,,,,21.0,29.0,17.0,,,,,,0.01
2013-12-05,,,,,24.0,33.0,19.0,,,,,,0.02
2013-12-06,,,,,25.1,30.0,19.0,,,,,,0.0
2013-12-07,,,,,14.8,20.0,11.0,,,,,,0.0
2013-12-08,,,,,19.2,31.0,13.0,,,,,,0.18
2013-12-09,,,,,33.4,49.0,19.0,,,,,,0.09
2013-12-10,,,,,39.6,50.0,32.0,,,,,,0.0
2013-12-11,,,,,44.2,53.0,39.0,,,,,,0.0
2013-12-12,,,,,39.2,42.0,33.0,,,,,,0.01
2013-12-13,,,,,38.9,46.0,34.0,,,,,,0.0
2013-12-14,,,,,48.8,58.0,45.0,,,,,,0.0
2013-12-15,,,,,49.2,59.0,45.0,,,,,,0.0
2013-12-16,,,,,55.8,67.0,45.0,,,,,,0.0
2013-12-17,,,,,54.0,62.0,43.0,,,,,,0.0
2013-12-18,,,,,37.5,45.0,30.0,,,,,,0.0
2013-12-19,,,,,26.1,32.0,23.0,,,,,,0.06
2013-12-20,,,,,36.4,41.0,30.0,,,,,,0.15
2013-12-21,,,,,38.5,41.0,35.0,,,,,,0.04
2013-12-22,,,,,43.7,51.0,39.0,,,,,,0.0
2013-12-23,,,,,44.1,48.0,39.0,,,,,,0.04
2013-12-24,,,,,41.3,48.0,36.0,,,,,,0.01
2013-12-25,,,,,56.1,67.0,45.0,,,,,,0.0
2013-12-26,,,,,58.8,65.0,55.0,,,,,,0.0
2013-12-27,,,,,46.1,53.0,36.0,,,,,,0.0
2013-12-28,,,,,39.9,45.0,32.0,,,,,,0.0
2013-12-29,,,,,48.9,60.0,40.0,,,,,,0.0
2013-12-30,,,,,49.2,54.0,46.0,,,,,,0.0
2013-12-31,,,,,47.8,55.0,43.0,,,,,,0.0
2014-01-01,,,,,49.7,60.0,45.0,,,,,,0.0
2014-01-02,,,,,51.1,57.0,46.0,,,,,,0.0
2014-01-03,,,,,39.9,50.0,30.0,,,,,,0.0
2014-01-04,,,,,42.0,55.0,28.0,,,,,,0.0
2014-01-05,,,,,47.5,60.0,41.0,,,,,,0.0
2014-01-06,,,,,44.7,51.0,35.0,,,,,,0.15
2014-01-07,,,,,39.5,42.0,37.0,,,,,,0.04
2014-01-08,,,,,38.3,41.0,35.0,,,,,,0.09
2014-01-09,,,,,34.9,39.0,32.0,,,,,,0.08
2014-01-10,,,,,39.3,43.0,35.0,,,,,,0.0
2014-01-11,,,,,35.1,43.0,32.0,,,,,,0.53
2014-01-12,,,,,34.8,38.0,32.0,,,,,,0.3
2014-01-13,,,,,39.9,48.0,34.0,,,,,,0.01
2014-01-14,,,,,54.4,68.0,44.0,,,,,,0.0
2014-01-15,,,,,60.8,74.0,54.0,,,,,,0.0
2014-01-16,,,,,57.9,69.0,53.0,,,,,,0.0
2014-01-17,,,,,57.4,65.0,53.0,,,,,,0.0
2014-01-18,,,,,55.5,67.0,50.0,,,,,,0.0
2014-01-19,,,,,52.8,60.0,48.0,,,,,,0.0
2014-01-20,,,,,54.4,61.0,50.0,,,,,,0.0
2014-01-21,,,,,50.6,59.0,43.0,,,,,,0.0
2014-01-22,,,,,41.6,52.0,37.0,,,,,,0.0
2014-01-23,,,,,45.0,60.0,34.0,,,,,,0.0
2014-01-24,,,,,50.5,61.0,43.0,,,,,,0.0
2014-01-25,,,,,53.8,64.0,48.0,,,,,,0.0
2014-01-26,,,,,53.0,63.0,46.0,,,,,,0.0
2014-01-27,,,,,47.2,52.0,39.0,,,,,,0.05
2014-01-28,,,,,44.8,49.0,41.0,,,,,,0.3
2014-01-29,,,,,40.2,46.0,34.0,,,,,,0.09
2014-01-30,,,,,32.6,36.0,29.0,,,,,,0.15
2014-01-31,,,,,30.6,36.0,27.0,,,,,,0.08
2014-02-01,,,,,31.9,38.0,28.0,,,,,,0.05
2014-02-02,,,,,36.6,48.0,30.0,,,,,,0.0
2014-02-03,,,,,29.2,34.0,27.0,,,,,,0.05
2014-02-04,,,,,28.2,34.0,25.0,,,,,,0.08
2014-02-05,,,,,29.2,34.0,24.0,,,,,,0.0
2014-02-06,,,,,32.0,36.0,29.0,,,,,,0.06
2014-02-07,,,,,33.1,40.0,29.0,,,,,,0.23
2014-02-08,,,,,60.4,,,,,,,,0.17
2014-02-09,,,,,126.0,,,,,,,,0.0
2014-02-10,,,,,,,,,,,,,0.29
2014-02-11,,,,,,,,,,,,,0.06
2014-02-12,,,,,,,,,,,,,0.93
2014-02-13,,,,,,,,,,,,,0.48
2014-02-14,,,,,,,,,,,,,1.62
2014-02-15,,,,,,,,,,,,,0.9
2014-02-16,,,,,34.9,,,,,,,,0.07
2014-02-17,,,,,,,,,,,,,0.26
2014-02-18,,,,,30.0,,,,,,,,0.53
2014-02-19,,,,,79.8,,,,,,,,0.27
2014-02-20,,,,,47.6,,,,,,,,0.02
2014-02-21,,,,,,,,,,,,,0.01
2014-02-22,,,,,,,,,,,,,0.0
2014-02-23,,,,,,,,,,,,,0.0
2014-02-24,,,,,,,,,,,,,0.0
2014-02-25,,,,,55.3,64.0,47.0,,,,,,0.0
2014-02-26,,,,,47.1,57.0,40.0,,,,,,0.08
2014-02-27,,,,,41.5,50.0,36.0,,,,,,0.09
2014-02-28,,,,,39.4,45.0,34.0,,,,,,0.1
2014-03-01,,,,,41.7,49.0,38.0,,,,,,0.02
2014-03-02,,,,,40.9,43.0,39.0,,,,,,0.21
2014-03-03,,,,,42.2,47.0,38.0,,,,,,0.67
2014-03-04,,,,,44.2,50.0,40.0,,,,,,0.01
2014-03-05,,,,,44.4,49.0,38.0,,,,,,0.8
2014-03-06,,,,,37.4,40.0,35.0,,,,,,0.55
2014-03-07,,,,,43.5,56.0,35.0,,,,,,0.0
2014-03-08,,,,,45.5,49.0,42.0,,,,,,0.2
2014-03-09,,,,,45.3,48.0,39.0,,,,,,0.87
2014-03-10,,,,,34.6,40.0,32.0,,,,,,0.28
2014-03-11,,,,,39.2,54.0,28.0,,,,,,0.01
2014-03-12,,,,,48.6,64.0,35.0,,,,,,0.0
2014-03-13,,,,,47.8,58.0,40.0,,,,,,0.0
2014-03-14,,,,,47.3,59.0,41.0,,,,,,0.01
2014-03-15,,,,,53.2,68.0,46.0,,,,,,0.0
2014-03-16,,,,,46.3,61.0,31.0,,,,,,0.08
2014-03-17,,,,,32.3,41.0,28.0,,,,,,0.28
2014-03-18,,,,,37.0,49.0,27.0,,,,,,0.0
2014-03-19,,,,,41.9,54.0,33.0,,,,,,0.0
2014-03-20,,,,,34.1,47.0,27.0,,,,,,0.11
2014-03-21,,,,,33.4,47.0,26.0,,,,,,0.0
2014-03-22,,,,,42.0,55.0,32.0,,,,,,0.0
2014-03-23,,,,,48.5,61.0,35.0,,,,,,0.0
2014-03-24,,,,,54.0,66.0,44.0,,,,,,0.0
2014-03-25,,,,,39.0,50.0,34.0,,,,,,0.24
2014-03-26,,,,,34.0,37.0,32.0,,,,,,0.32
2014-03-27,,,,,35.2,39.0,32.0,,,,,,0.1
2014-03-28,,,,,45.2,63.0,37.0,,,,,,1.75
2014-03-29,,,,,52.0,59.0,46.0,,,,,,0.24
2014-03-30,,,,,52.0,62.0,46.0,,,,,,0.19
2014-03-31,,,,,49.8,59.0,43.0,,,,,,0.06
2014-04-01,,,,,71.7,,,,,,,,0.02
2014-04-02,,,,,137.4,,,,,,,,0.0
2014-04-03,,,,,,,,,,,,,0.0
2014-04-04,,,,,,,,,,,,,0.01
2014-04-05,,,,,,,,,,,,,0.06
2014-04-06,,,,,,,,,,,,,0.0
2014-04-07,,,,,,,,,,,,,0.0
2014-04-08,,,,,,,,,,,,,0.0
2014-04-09,,,,,,,,,,,,,0.01
2014-04-10,,,,,,,,,,,,,0.0
2014-04-11,,,,,,,,,,,,,0.0
2014-04-12,,,,,,,,,,,,,0.0
2014-04-13,,,,,,,,,,,,,0.0
2014-04-14,,,,,,,,,,,,,0.0
2014-04-15,,,,,,,,,,,,,0.0
2014-04-16,,,,,,,,,,,,,0.0
2014-04-17,,,,,,,,,,,,,0.2
2014-04-18,,,,,,,,,,,,,0.01
2014-04-19,,,,,,,,,,,,,0.01
2014-04-20,,,,,,,,,,,,,0.0
2014-04-21,,,,,,,,,,,,,0.05
2014-04-22,,,,,,,,,,,,,0.17
2014-04-23,,,,,,,,,,,,,0.15
2014-04-24,,,,,35.9,,,,,,,,0.47
2014-04-25,,,,,35.4,44.0,32.0,,,,,,0.24
2014-04-26,,,,,34.9,43.0,29.0,,,,,,0.24
2014-04-27,,,,,36.7,48.0,32.0,,,,,,0.12
2014-04-28,,,,,46.1,61.0,32.0,,,,,,0.0
2014-04-29,,,,,60.5,75.0,45.0,,,,,,0.0
2014-04-30,,,,,68.4,85.0,53.0,,,,,,0.0
2014-05-01,,,,,68.2,86.0,57.0,,,,,,0.0
2014-05-02,,,,,57.0,71.0,41.0,,,,,,0.0
2014-05-03,,,,,44.5,58.0,38.0,,,,,,0.01
2014-05-04,,,,,41.5,48.0,37.0,,,,,,0.25
2014-05-05,,,,,39.6,48.0,32.0,,,,,,0.12
2014-05-06,,,,,40.7,52.0,32.0,,,,,,0.02
2014-05-07,,,,,44.8,60.0,31.0,,,,,,0.0
2014-05-08,,,,,42.6,47.0,38.0,,,,,,0.43
2014-05-09,,,,,38.8,47.0,34.0,,,,,,0.21
2014-05-10,,,,,38.5,48.0,32.0,,,,,,0.22
2014-05-11,,,,,48.0,62.0,34.0,,,,,,0.0
2014-05-12,,,,,58.5,71.0,42.0,,,,,,0.0
2014-05-13,,,,,67.7,79.0,55.0,,,,,,0.0
2014-05-14,,,,,72.8,89.0,59.0,,,,,,0.0
2014-05-15,,,,,66.5,80.0,54.0,,,,,,0.0
2014-05-16,,,,,55.5,69.0,44.0,,,,,,0.0
2014-05-17,,,,,52.3,67.0,40.0,,,,,,0.06
2014-05-18,,,,,44.1,53.0,38.0,,,,,,0.28
2014-05-19,,,,,45.4,53.0,38.0,,,,,,0.3
2014-05-20,,,,,50.5,65.0,42.0,,,,,,0.0
2014-05-21,,,,,52.1,64.0,40.0,,,,,,0.01
2014-05-22,,,,,61.4,78.0,47.0,,,,,,0.0
2014-05-23,,,,,56.2,66.0,47.0,,,,,,0.0
2014-05-24,,,,,54.5,70.0,46.0,,,,,,0.02
2014-05-25,,,,,57.5,72.0,48.0,,,,,,0.04
2014-05-26,,,,,51.8,68.0,41.0,,,,,,0.01
2014-05-27,,,,,43.7,54.0,35.0,,,,,,0.0
2014-05-28,,,,,42.7,53.0,35.0,,,,,,0.09
2014-05-29,,,,,48.5,66.0,37.0,,,,,,0.0
2014-05-30,,,,,53.0,68.0,38.0,,,,,,0.01
2014-05-31,,,,,53.7,70.0,41.0,,,,,,0.01
2014-06-01,,,,,49.5,59.0,42.0,,,,,,0.0
2014-06-02,,,,,56.1,72.0,46.0,,,,,,0.0
2014-06-03,,,,,52.3,67.0,40.0,,,,,,0.0
2014-06-04,,,,,56.8,72.0,42.0,,,,,,0.0
2014-06-05,,,,,57.7,74.0,44.0,,,,,,0.0
2014-06-06,,,,,57.5,73.0,43.0,,,,,,0.0
2014-06-07,,,,,57.9,73.0,44.0,,,,,,0.0
2014-06-08,,,,,60.8,78.0,48.0,,,,,,0.0
2014-06-09,,,,,58.2,75.0,46.0,,,,,,0.0
2014-06-10,,,,,57.2,73.0,43.0,,,,,,0.0
2014-06-11,,,,,58.0,76.0,45.0,,,,,,0.0
2014-06-12,,,,,49.6,60.0,41.0,,,,,,0.0
2014-06-13,,,,,44.7,50.0,41.0,,,,,,0.04
2014-06-14,,,,,48.5,62.0,39.0,,,,,,0.0
2014-06-15,,,,,48.5,59.0,40.0,,,,,,0.0
2014-06-16,,,,,42.0,52.0,36.0,,,,,,0.12
2014-06-17,,,,,46.4,58.0,39.0,,,,,,0.01
2014-06-18,,,,,56.9,73.0,41.0,,,,,,0.0
2014-06-19,,,,,60.4,77.0,48.0,,,,,,0.0
2014-06-20,,,,,54.8,69.0,43.0,,,,,,0.0
2014-06-21,,,,,56.5,74.0,44.0,,,,,,0.0
2014-06-22,,,,,60.2,75.0,46.0,,,,,,0.0
2014-06-23,,,,,58.7,74.0,48.0,,,,,,0.0
2014-06-24,,,,,59.3,74.0,46.0,,,,,,0.0
2014-06-25,,,,,53.1,59.0,49.0,,,,,,0.45
2014-06-26,,,,,52.4,63.0,47.0,,,,,,0.04
2014-06-27,,,,,53.8,65.0,44.0,,,,,,0.03
2014-06-28,,,,,55.1,70.0,44.0,,,,,,0.0
2014-06-29,,,,,56.2,73.0,46.0,,,,,,0.0
2014-06-30,,,,,66.5,82.0,50.0,,,,,,0.0
2014-07-01,,,,,74.5,90.0,55.0,,,,,,0.0
2014-07-02,,,,,63.8,81.0,49.0,,,,,,0.0
2014-07-03,,,,,55.0,66.0,46.0,,,,,,0.0
2014-07-04,,,,,63.1,77.0,48.0,,,,,,0.0
2014-07-05,,,,,69.5,86.0,56.0,,,,,,0.0
2014-07-06,,,,,69.6,85.0,57.0,,,,,,0.0
2014-07-07,,,,,70.0,88.0,56.0,,,,,,0.0
2014-07-08,,,,,66.9,80.0,58.0,,,,,,0.0
2014-07-09,,,,,68.9,85.0,56.0,,,,,,0.0
2014-07-10,,,,,71.9,87.0,59.0,,,,,,0.0
2014-07-11,,,,,68.8,85.0,61.0,,,,,,0.0
2014-07-12,,,,,74.6,88.0,63.0,,,,,,0.0
2014-07-13,,,,,68.7,83.0,55.0,,,,,,0.0
2014-07-14,,,,,69.8,82.0,57.0,,,,,,0.0
2014-07-15,,,,,74.2,90.0,61.0,,,,,,0.0
2014-07-16,,,,,73.8,92.0,62.0,,,,,,0.0
2014-07-17,,,,,69.9,85.0,55.0,,,,,,0.0
2014-07-18,,,,,65.6,84.0,52.0,,,,,,0.0
2014-07-19,,,,,69.9,88.0,56.0,,,,,,0.0
2014-07-20,,,,,66.3,80.0,52.0,,,,,,0.0
2014-07-21,,,,,59.8,70.0,52.0,,,,,,0.0
2014-07-22,,,,,61.3,74.0,53.0,,,,,,0.0
2014-07-23,,,,,49.2,54.0,41.0,,,,,,0.18
2014-07-24,,,,,52.7,70.0,39.0,,,,,,0.01
2014-07-25,,,,,60.9,79.0,46.0,,,,,,0.0
2014-07-26,,,,,65.7,82.0,54.0,,,,,,0.0
2014-07-27,,,,,69.0,81.0,60.0,,,,,,0.0
2014-07-28,,,,,75.9,92.0,62.0,,,,,,0.0
2014-07-29,,,,,73.8,90.0,63.0,,,,,,0.0
2014-07-30,,,,,73.0,88.0,60.0,,,,,,0.0
2014-07-31,,,,,71.0,84.0,60.0,,,,,,0.0
2014-08-01,,,,,71.4,89.0,59.0,,,,,,0.0
2014-08-02,,,,,70.3,86.0,59.0,,,,,,0.0
2014-08-03,,,,,66.1,77.0,59.0,,,,,,0.0
2014-08-04,,,,,67.9,83.0,59.0,,,,,,0.0
2014-08-05,,,,,66.5,81.0,55.0,,,,,,0.0
2014-08-06,,,,,67.8,85.0,54.0,,,,,,0.0
2014-08-07,,,,,65.6,85.0,53.0,,,,,,0.0
2014-08-08,,,,,62.4,79.0,50.0,,,,,,0.0
2014-08-09,,,,,61.6,80.0,48.0,,,,,,0.0
2014-08-10,,,,,74.1,91.0,57.0,,,,,,0.0
2014-08-11,,,,,77.5,95.0,69.0,,,,,,0.0
2014-08-12,,,,,65.5,80.0,52.0,,,,,,0.1
2014-08-13,,,,,58.0,73.0,50.0,,,,,,0.31
2014-08-14,,,,,57.3,68.0,50.0,,,,,,0.01
2014-08-15,,,,,64.5,79.0,53.0,,,,,,0.0
2014-08-16,,,,,70.3,85.0,57.0,,,,,,0.0
2014-08-17,,,,,69.1,84.0,59.0,,,,,,0.0
2014-08-18,,,,,68.5,85.0,55.0,,,,,,0.0
2014-08-19,,,,,66.7,82.0,54.0,,,,,,0.0
2014-08-20,,,,,60.2,76.0,49.0,,,,,,0.0
2014-08-21,,,,,61.7,79.0,48.0,,,,,,0.0
2014-08-22,,,,,59.1,74.0,47.0,,,,,,0.0
2014-08-23,,,,,65.7,83.0,52.0,,,,,,0.0
2014-08-24,,,,,63.2,81.0,51.0,,,,,,0.0
2014-08-25,,,,,65.9,84.0,50.0,,,,,,0.0
2014-08-26,,,,,73.2,89.0,63.0,,,,,,0.0
2014-08-27,,,,,73.8,90.0,63.0,,,,,,0.0
2014-08-28,,,,,68.8,86.0,57.0,,,,,,0.0
2014-08-29,,,,,63.5,79.0,53.0,,,,,,0.0
2014-08-30,,,,,57.4,70.0,50.0,,,,,,0.0
2014-08-31,,,,,57.0,74.0,45.0,,,,,,0.0
2014-09-01,,,,,62.8,80.0,50.0,,,,,,0.0
2014-09-02,,,,,61.2,75.0,49.0,,,,,,0.0
2014-09-03,,,,,54.3,72.0,44.0,,,,,,0.0
2014-09-04,,,,,62.7,79.0,49.0,,,,,,0.0
2014-09-05,,,,,72.0,90.0,57.0,,,,,,0.0
2014-09-06,,,,,74.0,90.0,63.0,,,,,,0.0
2014-09-07,,,,,70.1,85.0,58.0,,,,,,0.0
2014-09-08,,,,,64.0,81.0,51.0,,,,,,0.0
2014-09-09,,,,,56.2,72.0,48.0,,,,,,0.0
2014-09-10,,,,,64.1,78.0,53.0,,,,,,0.0
2014-09-11,,,,,70.6,83.0,58.0,,,,,,0.0
2014-09-12,,,,,73.5,88.0,64.0,,,,,,0.0
2014-09-13,,,,,73.9,90.0,64.0,,,,,,0.0
2014-09-14,,,,,73.7,86.0,66.0,,,,,,0.0
2014-09-15,,,,,70.0,88.0,55.0,,,,,,0.0
2014-09-16,,,,,62.9,81.0,51.0,,,,,,0.0
2014-09-17,,,,,59.4,69.0,50.0,,,,,,0.05
2014-09-18,,,,,57.8,68.0,51.0,,,,,,0.29
2014-09-19,,,,,62.3,77.0,53.0,,,,,,0.01
2014-09-20,,,,,74.9,93.0,61.0,,,,,,0.0
2014-09-21,,,,,69.8,83.0,60.0,,,,,,0.0
2014-09-22,,,,,63.0,77.0,57.0,,,,,,0.0
2014-09-23,,,,,60.2,75.0,54.0,,,,,,0.0
2014-09-24,,,,,50.0,56.0,46.0,,,,,,1.3
2014-09-25,,,,,48.5,58.0,44.0,,,,,,0.01
2014-09-26,,,,,51.7,66.0,44.0,,,,,,0.0
2014-09-27,,,,,49.0,53.0,46.0,,,,,,0.0
2014-09-28,,,,,54.1,67.0,46.0,,,,,,0.0
2014-09-29,,,,,54.1,71.0,45.0,,,,,,0.21
2014-09-30,,,,,47.5,57.0,43.0,,,,,,0.01
2014-10-01,,,,,50.1,61.0,41.0,,,,,,0.0
2014-10-02,,,,,62.5,74.0,50.0,,,,,,0.0
2014-10-03,,,,,70.4,84.0,59.0,,,,,,0.0
2014-10-04,,,,,72.2,85.0,64.0,,,,,,0.0
2014-10-05,,,,,74.4,86.0,66.0,,,,,,0.0
2014-10-06,,,,,74.2,87.0,65.0,,,,,,0.0
2014-10-07,,,,,69.8,81.0,61.0,,,,,,0.0
2014-10-08,,,,,61.1,73.0,51.0,,,,,,0.0
2014-10-09,,,,,61.6,75.0,52.0,,,,,,0.0
2014-10-10,,,,,61.0,73.0,52.0,,,,,,0.0
2014-10-11,,,,,52.9,62.0,45.0,,,,,,0.06
2014-10-12,,,,,56.7,70.0,41.0,,,,,,0.01
2014-10-13,,,,,61.6,76.0,50.0,,,,,,0.0
2014-10-14,,,,,46.8,54.0,41.0,,,,,,1.33
2014-10-15,,,,,41.6,46.0,39.0,,,,,,0.21
2014-10-16,,,,,49.3,59.0,41.0,,,,,,0.0
2014-10-17,,,,,48.8,55.0,44.0,,,,,,0.03
2014-10-18,,,,,56.2,68.0,48.0,,,,,,0.0
2014-10-19,,,,,54.8,67.0,49.0,,,,,,0.0
2014-10-20,,,,,44.6,50.0,39.0,,,,,,0.68
2014-10-21,,,,,42.5,47.0,39.0,,,,,,0.04
2014-10-22,,,,,46.9,49.0,43.0,,,,,,0.9
2014-10-23,,,,,46.8,50.0,43.0,,,,,,0.41
2014-10-24,,,,,47.4,58.0,42.0,,,,,,0.18
2014-10-25,,,,,43.2,47.0,37.0,,,,,,1.07
2014-10-26,,,,,39.5,45.0,36.0,,,,,,0.2
2014-10-27,,,,,43.9,54.0,37.0,,,,,,0.0
2014-10-28,,,,,45.8,49.0,41.0,,,,,,0.03
2014-10-29,,,,,49.8,53.0,46.0,,,,,,0.03
2014-10-30,,,,,51.4,57.0,45.0,,,,,,0.19
2014-10-31,,,,,42.2,50.0,39.0,,,,,,0.48
2014-11-01,,,,,38.8,46.0,36.0,,,,,,0.14
2014-11-02,,,,,41.5,53.0,34.0,,,,,,0.0
2014-11-03,,,,,44.5,54.0,39.0,,,,,,0.04
2014-11-04,,,,,46.3,51.0,42.0,,,,,,0.12
2014-11-05,,,,,55.8,66.0,47.0,,,,,,0.0
2014-11-06,,,,,47.0,53.0,42.0,,,,,,0.07
2014-11-07,,,,,46.8,56.0,41.0,,,,,,0.02
2014-11-08,,,,,61.8,78.0,49.0,,,,,,0.0
2014-11-09,,,,,47.8,54.0,38.0,,,,,,0.05
2014-11-10,,,,,41.8,52.0,33.0,,,,,,0.01
2014-11-11,,,,,46.0,58.0,38.0,,,,,,0.0
2014-11-12,,,,,40.3,49.0,36.0,,,,,,0.21
2014-11-13,,,,,42.9,50.0,39.0,,,,,,0.59
2014-11-14,,,,,42.1,45.0,39.0,,,,,,0.5
2014-11-15,,,,,38.5,49.0,31.0,,,,,,0.04
2014-11-16,,,,,40.2,49.0,32.0,,,,,,0.0
2014-11-17,,,,,47.0,59.0,40.0,,,,,,0.0
2014-11-18,,,,,49.5,55.0,46.0,,,,,,0.0
2014-11-19,,,,,44.2,55.0,39.0,,,,,,0.26
2014-11-20,,,,,40.0,45.0,38.0,,,,,,0.01
2014-11-21,,,,,41.5,48.0,37.0,,,,,,0.58
2014-11-22,,,,,37.6,46.0,33.0,,,,,,0.56
2014-11-23,,,,,37.3,45.0,33.0,,,,,,0.01
2014-11-24,,,,,44.1,49.0,38.0,,,,,,0.0
2014-11-25,,,,,48.0,54.0,45.0,,,,,,0.0
2014-11-26,,,,,48.6,52.0,46.0,,,,,,0.01
2014-11-27,,,,,44.4,49.0,41.0,,,,,,0.47
2014-11-28,,,,,42.0,45.0,38.0,,,,,,1.23
2014-11-29,,,,,32.1,38.0,26.0,,,,,,0.23
2014-11-30,,,,,34.4,42.0,26.0,,,,,,0.12
2014-12-01,,,,,41.7,46.0,36.0,,,,,,0.13
2014-12-02,,,,,42.9,47.0,40.0,,,,,,0.01
2014-12-03,,,,,43.4,52.0,39.0,,,,,,0.12
2014-12-04,,,,,43.9,47.0,42.0,,,,,,0.03
2014-12-05,,,,,44.7,54.0,39.0,,,,,,0.43
2014-12-06,,,,,39.8,47.0,36.0,,,,,,0.04
2014-12-07,,,,,42.3,47.0,39.0,,,,,,0.03
2014-12-08,,,,,44.2,48.0,40.0,,,,,,0.01
2014-12-09,,,,,47.3,51.0,45.0,,,,,,0.13
2014-12-10,,,,,43.8,49.0,37.0,,,,,,0.76
2014-12-11,,,,,39.0,43.0,36.0,,,,,,1.42
2014-12-12,,,,,36.6,40.0,32.0,,,,,,0.11
2014-12-13,,,,,33.8,41.0,31.0,,,,,,0.01
2014-12-14,,,,,34.7,46.0,32.0,,,,,,0.04
2014-12-15,,,,,36.0,46.0,33.0,,,,,,0.04
2014-12-16,,,,,36.9,41.0,32.0,,,,,,0.0
2014-12-17,,,,,36.5,39.0,34.0,,,,,,0.08
2014-12-18,,,,,38.4,42.0,37.0,,,,,,0.45
2014-12-19,,,,,36.7,38.0,34.0,,,,,,0.4
2014-12-20,,,,,42.2,48.0,37.0,,,,,,0.62
2014-12-21,,,,,47.4,49.0,46.0,,,,,,1.02
2014-12-22,,,,,46.4,48.0,45.0,,,,,,0.37
2014-12-23,,,,,45.3,49.0,42.0,,,,,,0.02
2014-12-24,,,,,34.7,41.0,31.0,,,,,,0.25
2014-12-25,,,,,32.3,36.0,31.0,,,,,,0.04
2014-12-26,,,,,33.5,45.0,30.0,,,,,,0.39
2014-12-27,,,,,35.0,49.0,31.0,,,,,,0.31
2014-12-28,,,,,32.9,36.0,31.0,,,,,,0.35
2014-12-29,,,,,29.4,33.0,21.0,,,,,,0.0
2014-12-30,,,,,24.4,40.0,15.0,,,,,,0.17
2014-12-31,,,,,35.4,56.0,21.0,,,,,,0.14
2015-01-01,,,,,44.2,59.0,34.0,,,,,,0.0
2015-01-02,,,,,42.6,52.0,36.0,,,,,,0.0
2015-01-03,,,,,41.9,53.0,35.0,,,,,,0.0
2015-01-04,,,,,40.0,45.0,34.0,,,,,,0.01
2015-01-05,,,,,48.8,55.0,43.0,,,,,,0.0
2015-01-06,,,,,58.2,66.0,54.0,,,,,,0.0
2015-01-07,,,,,59.1,66.0,54.0,,,,,,0.0
2015-01-08,,,,,55.3,64.0,49.0,,,,,,0.0
2015-01-09,,,,,51.4,60.0,45.0,,,,,,0.0
2015-01-10,,,,,42.1,46.0,37.0,,,,,,0.01
2015-01-11,,,,,37.2,38.0,36.0,,,,,,0.11
2015-01-12,,,,,40.3,42.0,38.0,,,,,,0.35
2015-01-13,,,,,40.3,50.0,35.0,,,,,,0.03
2015-01-14,,,,,42.2,47.0,38.0,,,,,,0.0
2015-01-15,,,,,41.6,43.0,39.0,,,,,,0.71
2015-01-16,,,,,41.2,45.0,36.0,,,,,,0.24
2015-01-17,,,,,46.2,49.0,41.0,,,,,,0.67
2015-01-18,,,,,38.2,46.0,34.0,,,,,,0.02
2015-01-19,,,,,36.5,47.0,33.0,,,,,,0.0
2015-01-20,,,,,40.7,52.0,33.0,,,,,,0.0
2015-01-21,,,,,45.7,55.0,37.0,,,,,,0.0
2015-01-22,,,,,48.0,55.0,44.0,,,,,,0.0
2015-01-23,,,,,51.3,56.0,48.0,,,,,,0.0
2015-01-24,,,,,57.2,64.0,51.0,,,,,,0.0
2015-01-25,,,,,62.6,72.0,56.0,,,,,,0.0
2015-01-26,,,,,55.9,63.0,52.0,,,,,,0.0
2015-01-27,,,,,45.9,50.0,41.0,,,,,,0.0
2015-01-28,,,,,47.3,56.0,41.0,,,,,,0.0
2015-01-29,,,,,49.7,61.0,43.0,,,,,,0.0
2015-01-30,,,,,48.1,57.0,43.0,,,,,,0.0
2015-01-31,,,,,52.2,61.0,45.0,,,,,,0.0
2015-02-01,,,,,44.9,49.0,41.0,,,,,,0.12
2015-02-02,,,,,46.1,48.0,43.0,,,,,,0.29
2015-02-03,,,,,45.8,47.0,44.0,,,,,,0.59
2015-02-04,,,,,44.8,47.0,43.0,,,,,,0.01
2015-02-05,,,,,43.5,46.0,42.0,,,,,,1.15
2015-02-06,,,,,41.0,43.0,40.0,,,,,,3.55
2015-02-07,,,,,41.2,43.0,39.0,,,,,,1.1
2015-02-08,,,,,43.2,49.0,40.0,,,,,,0.24
2015-02-09,,,,,37.6,40.0,33.0,,,,,,0.46
2015-02-10,,,,,38.8,46.0,32.0,,,,,,0.01
2015-02-11,,,,,51.1,56.0,45.0,,,,,,0.0
2015-02-12,,,,,53.5,58.0,49.0,,,,,,0.0
2015-02-13,,,,,51.8,62.0,44.0,,,,,,0.0
2015-02-14,,,,,43.8,52.0,38.0,,,,,,0.0
2015-02-15,,,,,50.0,62.0,39.0,,,,,,0.0
2015-02-16,,,,,55.7,63.0,49.0,,,,,,0.0
2015-02-17,,,,,56.0,65.0,50.0,,,,,,0.0
2015-02-18,,,,,48.5,56.0,41.0,,,,,,0.0
2015-02-19,,,,,46.1,55.0,37.0,,,,,,0.0
2015-02-20,,,,,39.5,47.0,35.0,,,,,,0.0
2015-02-21,,,,,36.5,44.0,32.0,,,,,,0.0
2015-02-22,,,,,36.3,49.0,27.0,,,,,,0.0
2015-02-23,,,,,40.0,51.0,30.0,,,,,,0.0
2015-02-24,,,,,47.3,56.0,36.0,,,,,,0.0
2015-02-25,,,,,39.6,46.0,36.0,,,,,,0.0
2015-02-26,,,,,38.0,42.0,35.0,,,,,,0.32
2015-02-27,,,,,36.6,40.0,33.0,,,,,,0.46
2015-02-28,,,,,34.8,42.0,29.0,,,,,,0.28
2015-03-01,,,,,37.2,50.0,28.0,,,,,,0.0
2015-03-02,,,,,32.2,35.0,30.0,,,,,,0.05
2015-03-03,,,,,35.5,45.0,30.0,,,,,,0.01
2015-03-04,,,,,44.5,56.0,35.0,,,,,,0.0
2015-03-05,,,,,49.4,59.0,43.0,,,,,,0.0
2015-03-06,,,,,52.1,62.0,45.0,,,,,,0.0
2015-03-07,,,,,53.1,64.0,46.0,,,,,,0.0
2015-03-08,,,,,56.2,68.0,49.0,,,,,,0.0
2015-03-09,,,,,55.5,66.0,49.0,,,,,,0.0
2015-03-10,,,,,52.2,55.0,43.0,,,,,,0.0
2015-03-11,,,,,42.5,49.0,40.0,,,,,,0.29
2015-03-12,,,,,48.2,58.0,42.0,,,,,,0.0
2015-03-13,,,,,52.2,59.0,48.0,,,,,,0.0
2015-03-14,,,,,48.2,51.0,43.0,,,,,,0.7
2015-03-15,,,,,42.5,47.0,40.0,,,,,,0.5
2015-03-16,,,,,45.4,57.0,37.0,,,,,,0.01
2015-03-17,,,,,43.5,53.0,38.0,,,,,,0.0
2015-03-18,,,,,45.1,56.0,35.0,,,,,,0.0
2015-03-19,,,,,53.1,64.0,44.0,,,,,,0.0
2015-03-20,,,,,47.0,55.0,40.0,,,,,,0.31
2015-03-21,,,,,43.2,53.0,36.0,,,,,,0.08
2015-03-22,,,,,38.2,42.0,35.0,,,,,,0.44
2015-03-23,,,,,33.9,38.0,32.0,,,,,,0.43
2015-03-24,,,,,39.5,43.0,36.0,,,,,,0.03
2015-03-25,,,,,47.7,60.0,40.0,,,,,,0.01
2015-03-26,,,,,58.0,69.0,45.0,,,,,,0.0
2015-03-27,,,,,53.6,68.0,36.0,,,,,,0.08
2015-03-28,,,,,42.8,54.0,33.0,,,,,,0.0
2015-03-29,,,,,51.1,60.0,43.0,,,,,,0.0
2015-03-30,,,,,52.0,67.0,39.0,,,,,,0.0
2015-03-31,,,,,36.1,45.0,31.0,,,,,,0.25
2015-04-01,,,,,34.4,43.0,31.0,,,,,,0.02
2015-04-02,,,,,35.9,46.0,29.0,,,,,,0.06
2015-04-03,,,,,38.5,50.0,32.0,,,,,,0.05
2015-04-04,,,,,35.4,46.0,29.0,,,,,,0.0
2015-04-05,,,,,31.4,39.0,29.0,,,,,,0.1
2015-04-06,,,,,32.0,36.0,28.0,,,,,,0.13
2015-04-07,,,,,34.1,40.0,32.0,,,,,,0.11
2015-04-08,,,,,36.9,46.0,32.0,,,,,,0.2
2015-04-09,,,,,43.8,57.0,33.0,,,,,,0.0
2015-04-10,,,,,44.0,54.0,38.0,,,,,,0.0
2015-04-11,,,,,36.2,42.0,32.0,,,,,,0.11
2015-04-12,,,,,44.8,60.0,29.0,,,,,,0.01
2015-04-13,,,,,40.3,54.0,28.0,,,,,,0.07
2015-04-14,,,,,32.2,39.0,27.0,,,,,,0.3
2015-04-15,,,,,36.2,48.0,29.0,,,,,,0.06
2015-04-16,,,,,52.0,63.0,36.0,,,,,,0.0
2015-04-17,,,,,53.7,66.0,44.0,,,,,,0.0
2015-04-18,,,,,51.7,64.0,40.0,,,,,,0.01
2015-04-19,,,,,58.6,70.0,48.0,,,,,,0.0
2015-04-20,,,,,58.3,68.0,48.0,,,,,,0.0
2015-04-21,,,,,43.8,51.0,36.0,,,,,,0.14
2015-04-22,,,,,38.9,53.0,30.0,,,,,,0.0
2015-04-23,,,,,40.4,48.0,34.0,,,,,,0.21
2015-04-24,,,,,36.8,46.0,30.0,,,,,,0.16
2015-04-25,,,,,38.8,48.0,34.0,,,,,,0.04
2015-04-26,,,,,42.8,52.0,33.0,,,,,,0.0
2015-04-27,,,,,60.0,76.0,44.0,,,,,,0.0
2015-04-28,,,,,47.0,60.0,37.0,,,,,,0.01
2015-04-29,,,,,42.4,56.0,34.0,,,,,,0.0
2015-04-30,,,,,50.1,64.0,36.0,,,,,,0.0
2015-05-01,,,,,59.2,69.0,45.0,,,,,,0.0
2015-05-02,,,,,50.0,63.0,40.0,,,,,,0.0
2015-05-03,,,,,53.4,67.0,41.0,,,,,,0.0
2015-05-04,,,,,48.5,58.0,37.0,,,,,,0.0
2015-05-05,,,,,42.3,56.0,35.0,,,,,,0.0
2015-05-06,,,,,40.5,51.0,34.0,,,,,,0.0
2015-05-07,,,,,44.5,58.0,35.0,,,,,,0.0
2015-05-08,,,,,54.0,69.0,40.0,,,,,,0.0
2015-05-09,,,,,59.2,72.0,49.0,,,,,,0.0
2015-05-10,,,,,50.0,63.0,40.0,,,,,,0.0
2015-05-11,,,,,38.2,40.0,34.0,,,,,,0.53
2015-05-12,,,,,37.3,44.0,34.0,,,,,,0.07
2015-05-13,,,,,41.4,50.0,33.0,,,,,,0.02
2015-05-14,,,,,45.3,59.0,39.0,,,,,,0.25
2015-05-15,,,,,41.5,44.0,39.0,,,,,,0.14
2015-05-16,,,,,43.4,53.0,39.0,,,,,,0.2
2015-05-17,,,,,47.0,60.0,41.0,,,,,,0.46
2015-05-18,,,,,48.2,58.0,44.0,,,,,,0.0
2015-05-19,,,,,47.0,53.0,43.0,,,,,,0.0
2015-05-20,,,,,49.7,54.0,46.0,,,,,,0.03
2015-05-21,,,,,50.5,60.0,47.0,,,,,,0.3
2015-05-22,,,,,46.8,53.0,41.0,,,,,,0.0
2015-05-23,,,,,45.8,57.0,40.0,,,,,,0.0
2015-05-24,,,,,50.0,62.0,44.0,,,,,,0.0
2015-05-25,,,,,53.9,66.0,44.0,,,,,,0.0
2015-05-26,,,,,54.6,67.0,45.0,,,,,,0.01
2015-05-27,,,,,56.7,71.0,44.0,,,,,,0.0
2015-05-28,,,,,61.8,76.0,50.0,,,,,,0.0
2015-05-29,,,,,63.4,75.0,55.0,,,,,,0.0
2015-05-30,,,,,62.3,73.0,55.0,,,,,,0.0
2015-05-31,,,,,62.3,78.0,47.0,,,,,,0.19
2015-06-01,,,,,48.3,51.0,45.0,,,,,,0.41
2015-06-02,,,,,47.9,56.0,41.0,,,,,,0.18
2015-06-03,,,,,46.6,55.0,43.0,,,,,,0.01
2015-06-04,,,,,49.4,63.0,42.0,,,,,,0.0
2015-06-05,,,,,58.8,74.0,45.0,,,,,,0.0
2015-06-06,,,,,67.5,81.0,57.0,,,,,,0.0
2015-06-07,,,,,70.8,82.0,58.0,,,,,,0.0
2015-06-08,,,,,76.1,88.0,66.0,,,,,,0.0
2015-06-09,,,,,69.3,80.0,59.0,,,,,,0.01
2015-06-10,,,,,62.3,76.0,50.0,,,,,,0.0
2015-06-11,,,,,60.4,75.0,47.0,,,,,,0.0
2015-06-12,,,,,56.4,70.0,45.0,,,,,,0.0
2015-06-13,,,,,54.2,71.0,39.0,,,,,,0.0
2015-06-14,,,,,58.5,74.0,45.0,,,,,,0.0
2015-06-15,,,,,60.0,73.0,48.0,,,,,,0.0
2015-06-16,,,,,59.2,69.0,49.0,,,,,,0.0
2015-06-17,,,,,61.8,76.0,50.0,,,,,,0.0
2015-06-18,,,,,61.0,76.0,45.0,,,,,,0.0
2015-06-19,,,,,57.2,71.0,44.0,,,,,,0.0
2015-06-20,,,,,61.6,73.0,50.0,,,,,,0.0
2015-06-21,,,,,61.3,75.0,50.0,,,,,,0.0
2015-06-22,,,,,59.8,74.0,51.0,,,,,,0.0
2015-06-23,,,,,61.6,74.0,51.0,,,,,,0.0
2015-06-24,,,,,63.8,77.0,53.0,,,,,,0.0
2015-06-25,,,,,68.6,84.0,56.0,,,,,,0.0
2015-06-26,,,,,74.5,88.0,59.0,,,,,,0.0
2015-06-27,,,,,78.5,91.0,69.0,,,,,,0.0
2015-06-28,,,,,71.0,80.0,61.0,,,,,,0.0
2015-06-29,,,,,70.2,82.0,60.0,,,,,,0.0
2015-06-30,,,,,71.3,85.0,59.0,,,,,,0.0
2015-07-01,,,,,76.1,89.0,63.0,,,,,,0.0
2015-07-02,,,,,77.8,91.0,67.0,,,,,,0.0
2015-07-03,,,,,73.4,89.0,62.0,,,,,,0.0
2015-07-04,,,,,75.8,87.0,65.0,,,,,,0.0
2015-07-05,,,,,74.4,86.0,67.0,,,,,,0.0
2015-07-06,,,,,72.9,86.0,59.0,,,,,,0.0
2015-07-07,,,,,68.3,83.0,57.0,,,,,,0.0
2015-07-08,,,,,68.4,80.0,59.0,,,,,,0.0
2015-07-09,,,,,64.1,80.0,54.0,,,,,,0.02
2015-07-10,,,,,57.6,67.0,53.0,,,,,,0.01
2015-07-11,,,,,55.0,65.0,50.0,,,,,,0.0
2015-07-12,,,,,58.5,72.0,50.0,,,,,,0.14
2015-07-13,,,,,57.5,70.0,51.0,,,,,,0.01
2015-07-14,,,,,59.1,75.0,50.0,,,,,,0.0
2015-07-15,,,,,62.2,77.0,49.0,,,,,,0.0
2015-07-16,,,,,59.0,73.0,48.0,,,,,,0.0
2015-07-17,,,,,61.2,77.0,46.0,,,,,,0.0
2015-07-18,,,,,72.6,90.0,58.0,,,,,,0.0
2015-07-19,,,,,74.5,87.0,64.0,,,,,,0.0
2015-07-20,,,,,71.6,86.0,60.0,,,,,,0.0
2015-07-21,,,,,64.0,76.0,48.0,,,,,,0.0
2015-07-22,,,,,55.9,71.0,45.0,,,,,,0.0
2015-07-23,,,,,59.2,77.0,47.0,,,,,,0.0
2015-07-24,,,,,63.5,80.0,52.0,,,,,,0.0
2015-07-25,,,,,58.7,72.0,49.0,,,,,,0.0
2015-07-26,,,,,54.6,65.0,46.0,,,,,,0.0
2015-07-27,,,,,56.9,71.0,48.0,,,,,,0.0
2015-07-28,,,,,64.3,80.0,49.0,,,,,,0.0
2015-07-29,,,,,77.0,93.0,64.0,,,,,,0.0
2015-07-30,,,,,82.4,96.0,71.0,,,,,,0.0
2015-07-31,,,,,82.7,96.0,73.0,,,,,,0.0
2015-08-01,,,,,76.7,88.0,69.0,,,,,,0.0
2015-08-02,,,,,67.9,77.0,61.0,,,,,,0.02
2015-08-03,,,,,68.5,80.0,58.0,,,,,,0.0
2015-08-04,,,,,65.4,80.0,53.0,,,,,,0.0
2015-08-05,,,,,60.3,76.0,47.0,,,,,,0.0
2015-08-06,,,,,61.2,76.0,51.0,,,,,,0.0
2015-08-07,,,,,61.7,79.0,48.0,,,,,,0.0
2015-08-08,,,,,61.6,75.0,52.0,,,,,,0.0
2015-08-09,,,,,61.5,75.0,53.0,,,,,,0.0
2015-08-10,,,,,62.2,76.0,54.0,,,,,,0.0
2015-08-11,,,,,60.6,74.0,52.0,,,,,,0.0
2015-08-12,,,,,66.5,86.0,56.0,,,,,,0.0
2015-08-13,,,,,64.4,81.0,53.0,,,,,,0.0
2015-08-14,,,,,54.8,65.0,49.0,,,,,,0.07
2015-08-15,,,,,58.2,73.0,50.0,,,,,,0.0
2015-08-16,,,,,60.7,77.0,49.0,,,,,,0.0
2015-08-17,,,,,65.6,83.0,49.0,,,,,,0.0
2015-08-18,,,,,76.8,92.0,66.0,,,,,,0.0
2015-08-19,,,,,73.4,89.0,60.0,,,,,,0.0
2015-08-20,,,,,64.0,77.0,51.0,,,,,,0.0
2015-08-21,,,,,60.2,75.0,50.0,,,,,,0.0
2015-08-22,,,,,67.7,81.0,53.0,,,,,,0.0
2015-08-23,,,,,69.6,81.0,61.0,,,,,,0.0
2015-08-24,,,,,66.7,79.0,55.0,,,,,,0.0
2015-08-25,,,,,65.9,77.0,56.0,,,,,,0.0
2015-08-26,,,,,67.4,81.0,59.0,,,,,,0.0
2015-08-27,,,,,68.6,86.0,60.0,,,,,,0.0
2015-08-28,,,,,67.0,79.0,59.0,,,,,,0.0
2015-08-29,,,,,54.7,66.0,48.0,,,,,,0.23
2015-08-30,,,,,50.8,57.0,47.0,,,,,,0.18
2015-08-31,,,,,56.4,71.0,46.0,,,,,,0.0
2015-09-01,,,,,55.0,72.0,47.0,,,,,,0.01
2015-09-02,,,,,48.8,54.0,41.0,,,,,,0.15
2015-09-03,,,,,48.4,62.0,42.0,,,,,,0.0
2015-09-04,,,,,43.8,53.0,40.0,,,,,,0.04
2015-09-05,,,,,47.2,61.0,36.0,,,,,,0.0
2015-09-06,,,,,54.4,67.0,44.0,,,,,,0.0
2015-09-07,,,,,57.0,70.0,47.0,,,,,,0.0
2015-09-08,,,,,65.1,77.0,54.0,,,,,,0.0
2015-09-09,,,,,68.0,78.0,59.0,,,,,,0.0
2015-09-10,,,,,72.7,87.0,63.0,,,,,,0.0
2015-09-11,,,,,77.4,89.0,66.0,,,,,,0.0
2015-09-12,,,,,70.2,83.0,59.0,,,,,,0.0
2015-09-13,,,,,62.6,77.0,48.0,,,,,,0.0
2015-09-14,,,,,46.4,55.0,39.0,,,,,,0.0
2015-09-15,,,,,43.9,54.0,37.0,,,,,,0.0
2015-09-16,,,,,44.8,53.0,40.0,,,,,,0.08
2015-09-17,,,,,48.0,55.0,45.0,,,,,,0.1
2015-09-18,,,,,53.0,65.0,44.0,,,,,,0.0
2015-09-19,,,,,59.1,72.0,50.0,,,,,,0.0
2015-09-20,,,,,64.2,78.0,52.0,,,,,,0.0
2015-09-21,,,,,53.3,62.0,46.0,,,,,,0.01
2015-09-22,,,,,52.5,64.0,45.0,,,,,,0.01
2015-09-23,,,,,57.9,71.0,49.0,,,,,,0.0
2015-09-24,,,,,63.3,76.0,56.0,,,,,,0.0
2015-09-25,,,,,61.9,76.0,49.0,,,,,,0.0
2015-09-26,,,,,47.0,51.0,40.0,,,,,,0.0
2015-09-27,,,,,49.8,61.0,39.0,,,,,,0.0
2015-09-28,,,,,66.3,83.0,53.0,,,,,,0.0
2015-09-29,,,,,65.5,77.0,55.0,,,,,,0.0
2015-09-30,,,,,58.5,70.0,51.0,,,,,,0.0
2015-10-01,,,,,56.4,68.0,48.0,,,,,,0.0
2015-10-02,,,,,53.8,66.0,44.0,,,,,,0.0
2015-10-03,,,,,46.9,59.0,39.0,,,,,,0.0
2015-10-04,,,,,60.1,72.0,49.0,,,,,,0.0
2015-10-05,,,,,67.2,82.0,58.0,,,,,,0.0
2015-10-06,,,,,63.5,73.0,58.0,,,,,,0.0
2015-10-07,,,,,62.5,70.0,59.0,,,,,,0.0
2015-10-08,,,,,66.7,79.0,60.0,,,,,,0.0
2015-10-09,,,,,62.2,74.0,56.0,,,,,,0.0
2015-10-10,,,,,54.8,69.0,44.0,,,,,,0.09
2015-10-11,,,,,53.9,65.0,43.0,,,,,,0.01
2015-10-12,,,,,59.5,70.0,50.0,,,,,,0.0
2015-10-13,,,,,62.5,74.0,56.0,,,,,,0.0
2015-10-14,,,,,70.6,84.0,59.0,,,,,,0.0
2015-10-15,,,,,71.9,84.0,65.0,,,,,,0.0
2015-10-16,,,,,66.2,73.0,60.0,,,,,,0.0
2015-10-17,,,,,52.2,60.0,46.0,,,,,,0.12
2015-10-18,,,,,50.7,61.0,44.0,,,,,,0.01
2015-10-19,,,,,46.8,50.0,42.0,,,,,,0.63
2015-10-20,,,,,50.5,60.0,40.0,,,,,,0.01
2015-10-21,,,,,54.6,64.0,45.0,,,,,,0.0
2015-10-22,,,,,46.2,53.0,43.0,,,,,,0.0
2015-10-23,,,,,56.0,61.0,44.0,,,,,,0.0
2015-10-24,,,,,55.6,64.0,50.0,,,,,,0.0
2015-10-25,,,,,46.2,50.0,42.0,,,,,,0.67
2015-10-26,,,,,49.2,57.0,40.0,,,,,,0.0
2015-10-27,,,,,51.6,55.0,46.0,,,,,,0.02
2015-10-28,,,,,47.1,54.0,44.0,,,,,,0.15
2015-10-29,,,,,47.3,55.0,44.0,,,,,,0.13
2015-10-30,,,,,49.7,53.0,45.0,,,,,,0.01
2015-10-31,,,,,51.6,58.0,49.0,,,,,,0.43
2015-11-01,,,,,42.0,47.0,39.0,,,,,,0.21
2015-11-02,,,,,38.4,42.0,37.0,,,,,,0.21
2015-11-03,,,,,37.0,40.0,35.0,,,,,,0.03
2015-11-04,,,,,36.8,44.0,32.0,,,,,,0.0
2015-11-05,,,,,39.9,46.0,36.0,,,,,,0.02
2015-11-06,,,,,46.5,56.0,40.0,,,,,,0.0
2015-11-07,,,,,43.6,46.0,41.0,,,,,,0.2
2015-11-08,,,,,37.2,42.0,33.0,,,,,,0.48
2015-11-09,,,,,33.8,39.0,32.0,,,,,,0.14
2015-11-10,,,,,33.6,39.0,31.0,,,,,,0.0
2015-11-11,,,,,34.9,39.0,32.0,,,,,,0.09
2015-11-12,,,,,38.2,47.0,32.0,,,,,,0.01
2015-11-13,,,,,43.5,48.0,41.0,,,,,,0.0
2015-11-14,,,,,41.4,49.0,39.0,,,,,,0.0
2015-11-15,,,,,32.0,42.0,28.0,,,,,,0.27
2015-11-16,,,,,31.2,38.0,27.0,,,,,,0.46
2015-11-17,,,,,41.7,45.0,39.0,,,,,,0.34
2015-11-18,,,,,38.3,43.0,35.0,,,,,,0.1
2015-11-19,,,,,44.3,48.0,39.0,,,,,,0.43
2015-11-20,,,,,42.1,51.0,38.0,,,,,,0.01
2015-11-21,,,,,47.7,59.0,40.0,,,,,,0.0
2015-11-22,,,,,50.1,54.0,46.0,,,,,,0.0
2015-11-23,,,,,44.3,55.0,36.0,,,,,,0.0
2015-11-24,,,,,29.5,35.0,25.0,,,,,,0.11
2015-11-25,,,,,27.2,31.0,25.0,,,,,,0.07
2015-11-26,,,,,29.7,39.0,24.0,,,,,,0.21
2015-11-27,,,,,32.4,45.0,25.0,,,,,,0.21
2015-11-28,,,,,33.3,47.0,25.0,,,,,,0.05
2015-11-29,,,,,36.3,42.0,32.0,,,,,,0.0
2015-11-30,,,,,34.6,36.0,32.0,,,,,,0.01
2015-12-01,,,,,37.3,43.0,34.0,,,,,,0.07
2015-12-02,,,,,42.0,45.0,37.0,,,,,,0.39
2015-12-03,,,,,37.5,43.0,32.0,,,,,,0.87
2015-12-04,,,,,33.0,35.0,31.0,,,,,,0.43
2015-12-05,,,,,37.6,43.0,33.0,,,,,,0.28
2015-12-06,,,,,39.2,41.0,38.0,,,,,,0.94
2015-12-07,,,,,45.9,48.0,40.0,,,,,,0.77
2015-12-08,,,,,48.4,49.0,46.0,,,,,,0.4
2015-12-09,,,,,41.8,46.0,39.0,,,,,,1.47
2015-12-10,,,,,33.6,40.0,31.0,,,,,,0.61
2015-12-11,,,,,31.5,32.0,30.0,,,,,,0.0
2015-12-12,,,,,34.8,40.0,31.0,,,,,,1.78
2015-12-13,,,,,29.9,32.0,28.0,,,,,,0.0
2015-12-14,,,,,28.7,32.0,27.0,,,,,,0.0
2015-12-15,,,,,28.4,36.0,24.0,,,,,,0.0
2015-12-16,,,,,31.7,36.0,30.0,,,,,,0.07
2015-12-17,,,,,39.0,41.0,33.0,,,,,,1.58
2015-12-18,,,,,34.5,41.0,31.0,,,,,,0.54
2015-12-19,,,,,31.0,35.0,29.0,,,,,,0.15
2015-12-20,,,,,31.1,35.0,28.0,,,,,,0.04
2015-12-21,,,,,33.6,38.0,31.0,,,,,,0.47
2015-12-22,,,,,32.3,37.0,28.0,,,,,,0.27
2015-12-23,,,,,28.0,31.0,27.0,,,,,,0.0
2015-12-24,,,,,26.9,31.0,25.0,,,,,,0.0
2015-12-25,,,,,27.6,36.0,24.0,,,,,,0.06
2015-12-26,,,,,26.8,31.0,22.0,,,,,,0.01
2015-12-27,,,,,28.8,30.0,26.0,,,,,,0.0
2015-12-28,,,,,30.3,33.0,26.0,,,,,,0.09
2015-12-29,,,,,28.1,30.0,26.0,,,,,,0.01
2015-12-30,,,,,30.4,38.0,25.0,,,,,,0.25
2015-12-31,,,,,26.5,39.0,22.0,,,,,,0.16
2016-01-01,,,,,25.2,40.0,19.0,,,,,,0.12
2016-01-02,,,,,27.3,39.0,19.0,,,,,,0.03
2016-01-03,,,,,34.1,40.0,29.0,,,,,,0.24
2016-01-04,,,,,37.0,45.0,34.0,,,,,,0.05
2016-01-05,,,,,35.0,39.0,33.0,,,,,,0.16
2016-01-06,,,,,34.8,39.0,32.0,,,,,,0.0
2016-01-07,,,,,33.5,38.0,31.0,,,,,,0.02
2016-01-08,,,,,34.2,41.0,31.0,,,,,,0.0
2016-01-09,,,,,32.8,36.0,31.0,,,,,,0.11
2016-01-10,,,,,35.0,44.0,30.0,,,,,,0.02
2016-01-11,,,,,38.7,43.0,34.0,,,,,,0.04
2016-01-12,,,,,40.0,42.0,37.0,,,,,,0.83
2016-01-13,,,,,33.6,39.0,30.0,,,,,,0.87
2016-01-14,,,,,30.3,32.0,29.0,,,,,,0.02
2016-01-15,,,,,31.9,35.0,29.0,,,,,,0.42
2016-01-16,,,,,37.9,41.0,34.0,,,,,,0.76
2016-01-17,,,,,38.4,41.0,34.0,,,,,,2.19
2016-01-18,,,,,36.8,44.0,34.0,,,,,,0.13
2016-01-19,,,,,34.9,38.0,31.0,,,,,,0.86
2016-01-20,,,,,35.3,42.0,30.0,,,,,,0.01
2016-01-21,,,,,44.6,52.0,40.0,,,,,,0.27
2016-01-22,,,,,39.9,50.0,35.0,,,,,,0.74
2016-01-23,,,,,33.4,35.0,31.0,,,,,,0.45
2016-01-24,,,,,32.6,35.0,31.0,,,,,,0.25
2016-01-25,,,,,39.0,44.0,34.0,,,,,,0.02
2016-01-26,,,,,45.3,51.0,41.0,,,,,,0.01
2016-01-27,,,,,45.4,52.0,41.0,,,,,,0.0
2016-01-28,,,,,41.6,46.0,38.0,,,,,,0.48
2016-01-29,,,,,34.4,42.0,30.0,,,,,,0.24
2016-01-30,,,,,30.3,42.0,24.0,,,,,,0.29
2016-01-31,,,,,27.6,34.0,24.0,,,,,,0.12
2016-02-01,,,,,28.5,35.0,26.0,,,,,,0.15
2016-02-02,,,,,29.0,32.0,27.0,,,,,,0.08
2016-02-03,,,,,31.5,34.0,30.0,,,,,,0.1
2016-02-04,,,,,36.9,46.0,32.0,,,,,,0.11
2016-02-05,,,,,40.1,44.0,36.0,,,,,,0.08
2016-02-06,,,,,42.7,45.0,39.0,,,,,,0.03
2016-02-07,,,,,52.6,64.0,44.0,,,,,,0.0
2016-02-08,,,,,57.6,71.0,49.0,,,,,,0.0
2016-02-09,,,,,54.8,65.0,51.0,,,,,,0.0
2016-02-10,,,,,50.1,54.0,46.0,,,,,,0.0
2016-02-11,,,,,53.2,61.0,47.0,,,,,,0.01
2016-02-12,,,,,42.9,52.0,34.0,,,,,,0.18
2016-02-13,,,,,37.7,41.0,33.0,,,,,,0.03
2016-02-14,,,,,45.7,50.0,41.0,,,,,,0.07
2016-02-15,,,,,48.7,58.0,44.0,,,,,,0.0
2016-02-16,,,,,48.3,52.0,44.0,,,,,,0.0
2016-02-17,,,,,41.9,54.0,31.0,,,,,,0.66
2016-02-18,,,,,32.0,35.0,29.0,,,,,,0.45
2016-02-19,,,,,32.2,35.0,29.0,,,,,,0.27
2016-02-20,,,,,,,,,,,,,
2016-02-21,,,,,,,,,,,,,
2016-02-22,,,,,39.1,47.0,32.0,,,,,,0.24
2016-02-23,,,,,45.5,53.0,34.0,,,,,,0.0
2016-02-24,,,,,48.8,57.0,43.0,,,,,,0.0
2016-02-25,,,,,52.4,61.0,46.0,,,,,,0.0
2016-02-26,,,,,44.9,51.0,38.0,,,,,,0.48
2016-02-27,,,,,39.5,47.0,34.0,,,,,,0.0
2016-02-28,,,,,39.0,45.0,34.0,,,,,,0.04
2016-02-29,,,,,40.4,50.0,36.0,,,,,,0.02
2016-03-01,,,,,40.3,44.0,33.0,,,,,,0.09
2016-03-02,,,,,43.5,54.0,35.0,,,,,,0.17
2016-03-03,,,,,43.6,53.0,36.0,,,,,,0.01
2016-03-04,,,,,45.0,55.0,38.0,,,,,,0.02
2016-03-05,,,,,41.8,47.0,34.0,,,,,,1.72
2016-03-06,,,,,32.5,37.0,29.0,,,,,,0.26
2016-03-07,,,,,31.8,38.0,28.0,,,,,,0.25
2016-03-08,,,,,32.2,37.0,29.0,,,,,,0.04
2016-03-09,,,,,41.2,45.0,36.0,,,,,,0.89
2016-03-10,,,,,39.1,46.0,35.0,,,,,,0.48
2016-03-11,,,,,40.2,45.0,35.0,,,,,,0.13
2016-03-12,,,,,30.5,33.0,29.0,,,,,,0.14
2016-03-13,,,,,33.5,38.0,30.0,,,,,,0.84
2016-03-14,,,,,31.6,37.0,29.0,,,,,,0.47
2016-03-15,,,,,34.5,38.0,30.0,,,,,,0.03
2016-03-16,,,,,42.5,53.0,37.0,,,,,,0.01
2016-03-17,,,,,51.4,64.0,37.0,,,,,,0.01
2016-03-18,,,,,52.5,63.0,47.0,,,,,,0.0
2016-03-19,,,,,48.7,56.0,44.0,,,,,,0.0
2016-03-20,,,,,41.6,46.0,37.0,,,,,,0.54
2016-03-21,,,,,33.1,37.0,30.0,,,,,,0.65
2016-03-22,,,,,33.6,39.0,29.0,,,,,,0.33
2016-03-23,,,,,37.0,43.0,32.0,,,,,,0.04
2016-03-24,,,,,38.2,49.0,33.0,,,,,,0.11
2016-03-25,,,,,35.8,47.0,30.0,,,,,,0.0
2016-03-26,,,,,39.8,44.0,35.0,,,,,,0.26
2016-03-27,,,,,33.8,39.0,29.0,,,,,,0.14
2016-03-28,,,,,32.6,41.0,28.0,,,,,,0.1
2016-03-29,,,,,38.5,48.0,31.0,,,,,,0.0
2016-03-30,,,,,47.8,58.0,38.0,,,,,,0.0
2016-03-31,,,,,51.8,63.0,44.0,,,,,,0.0
2016-04-01,,,,,54.2,65.0,46.0,,,,,,0.0
2016-04-02,,,,,52.6,65.0,44.0,,,,,,0.0
2016-04-03,,,,,50.3,66.0,35.0,,,,,,0.18
2016-04-04,,,,,37.6,46.0,32.0,,,,,,0.02
2016-04-05,,,,,45.5,56.0,32.0,,,,,,0.0
2016-04-06,,,,,65.5,79.0,50.0,,,,,,0.0
2016-04-07,,,,,65.8,80.0,54.0,,,,,,0.0
2016-04-08,,,,,55.7,66.0,48.0,,,,,,0.0
2016-04-09,,,,,51.4,62.0,40.0,,,,,,0.0
2016-04-10,,,,,43.3,48.0,40.0,,,,,,0.0
2016-04-11,,,,,46.5,59.0,38.0,,,,,,0.01
2016-04-12,,,,,41.3,50.0,34.0,,,,,,0.06
2016-04-13,,,,,38.0,53.0,30.0,,,,,,0.03
2016-04-14,,,,,32.8,35.0,31.0,,,,,,0.61
2016-04-15,,,,,41.4,52.0,32.0,,,,,,0.07
2016-04-16,,,,,52.8,63.0,42.0,,,,,,0.0
2016-04-17,,,,,64.9,78.0,51.0,,,,,,0.0
2016-04-18,,,,,66.7,81.0,57.0,,,,,,0.0
2016-04-19,,,,,62.8,73.0,54.0,,,,,,0.0
2016-04-20,,,,,57.0,68.0,46.0,,,,,,0.0
2016-04-21,,,,,50.6,64.0,44.0,,,,,,0.21
2016-04-22,,,,,42.0,51.0,37.0,,,,,,0.52
2016-04-23,,,,,40.6,48.0,36.0,,,,,,0.11
2016-04-24,,,,,35.2,38.0,31.0,,,,,,0.16
2016-04-25,,,,,35.6,45.0,31.0,,,,,,0.12
2016-04-26,,,,,39.4,48.0,32.0,,,,,,0.02
2016-04-27,,,,,40.5,49.0,34.0,,,,,,0.29
2016-04-28,,,,,42.5,52.0,38.0,,,,,,0.01
2016-04-29,,,,,40.8,47.0,38.0,,,,,,0.32
2016-04-30,,,,,43.3,54.0,36.0,,,,,,0.01
2016-05-01,,,,,57.8,70.0,44.0,,,,,,0.0
2016-05-02,,,,,59.7,73.0,52.0,,,,,,0.0
2016-05-03,,,,,52.9,60.0,47.0,,,,,,0.21
2016-05-04,,,,,49.1,55.0,45.0,,,,,,0.23
2016-05-05,,,,,44.8,46.0,43.0,,,,,,0.05
2016-05-06,,,,,51.3,63.0,43.0,,,,,,0.0
2016-05-07,,,,,56.7,72.0,43.0,,,,,,0.0
2016-05-08,,,,,46.0,56.0,38.0,,,,,,0.0
2016-05-09,,,,,44.5,58.0,35.0,,,,,,0.0
2016-05-10,,,,,55.2,68.0,39.0,,,,,,0.0
2016-05-11,,,,,63.4,78.0,51.0,,,,,,0.0
2016-05-12,,,,,63.8,75.0,55.0,,,,,,0.0
2016-05-13,,,,,62.6,74.0,51.0,,,,,,0.1
2016-05-14,,,,,44.1,48.0,42.0,,,,,,0.12
2016-05-15,,,,,47.2,55.0,42.0,,,,,,0.11
2016-05-16,,,,,46.2,54.0,43.0,,,,,,0.11
2016-05-17,,,,,55.2,67.0,44.0,,,,,,0.0
2016-05-18,,,,,54.4,70.0,39.0,,,,,,0.05
2016-05-19,,,,,38.7,44.0,35.0,,,,,,0.26
2016-05-20,,,,,39.2,46.0,34.0,,,,,,0.05
2016-05-21,,,,,41.5,50.0,35.0,,,,,,0.1
2016-05-22,,,,,40.6,45.0,37.0,,,,,,0.07
2016-05-23,,,,,44.7,52.0,38.0,,,,,,0.08
2016-05-24,,,,,49.6,60.0,42.0,,,,,,0.0
2016-05-25,,,,,47.2,57.0,43.0,,,,,,0.0
2016-05-26,,,,,45.5,55.0,41.0,,,,,,0.0
2016-05-27,,,,,44.0,55.0,37.0,,,,,,0.0
2016-05-28,,,,,51.8,66.0,39.0,,,,,,0.0
2016-05-29,,,,,53.0,66.0,43.0,,,,,,0.0
2016-05-30,,,,,56.7,70.0,46.0,,,,,,0.0
2016-05-31,,,,,65.6,77.0,56.0,,,,,,0.0
2016-06-01,,,,,63.9,77.0,53.0,,,,,,0.0
2016-06-02,,,,,62.5,74.0,51.0,,,,,,0.0
2016-06-03,,,,,69.8,83.0,57.0,,,,,,0.0
2016-06-04,,,,,74.7,88.0,64.0,,,,,,0.0
2016-06-05,,,,,74.1,87.0,63.0,,,,,,0.0
2016-06-06,,,,,71.0,83.0,62.0,,,,,,0.0
2016-06-07,,,,,71.7,84.0,61.0,,,,,,0.0
2016-06-08,,,,,52.5,59.0,48.0,,,,,,0.0
2016-06-09,,,,,51.9,63.0,39.0,,,,,,0.03
2016-06-10,,,,,43.5,52.0,36.0,,,,,,0.04
2016-06-11,,,,,48.3,62.0,38.0,,,,,,0.0
2016-06-12,,,,,56.0,71.0,41.0,,,,,,0.01
2016-06-13,,,,,48.0,59.0,38.0,,,,,,0.0
2016-06-14,,,,,42.0,51.0,34.0,,,,,,0.03
2016-06-15,,,,,39.7,50.0,34.0,,,,,,0.37
2016-06-16,,,,,42.8,53.0,36.0,,,,,,0.02
2016-06-17,,,,,46.5,58.0,38.0,,,,,,0.37
2016-06-18,,,,,47.0,59.0,39.0,,,,,,0.03
2016-06-19,,,,,51.2,60.0,42.0,,,,,,0.0
2016-06-20,,,,,55.8,70.0,44.0,,,,,,0.0
2016-06-21,,,,,56.7,69.0,42.0,,,,,,0.0
2016-06-22,,,,,55.6,72.0,44.0,,,,,,0.0
2016-06-23,,,,,52.7,62.0,43.0,,,,,,0.0
2016-06-24,,,,,50.7,65.0,41.0,,,,,,0.0
2016-06-25,,,,,59.7,73.0,47.0,,,,,,0.0
2016-06-26,,,,,66.5,80.0,52.0,,,,,,0.0
2016-06-27,,,,,66.4,79.0,55.0,,,,,,0.0
2016-06-28,,,,,63.9,79.0,52.0,,,,,,0.0
2016-06-29,,,,,61.2,75.0,51.0,,,,,,0.0
2016-06-30,,,,,60.5,75.0,49.0,,,,,,0.0
2016-07-01,,,,,61.3,77.0,48.0,,,,,,0.0
2016-07-02,,,,,64.4,81.0,52.0,,,,,,0.0
2016-07-03,,,,,61.8,76.0,50.0,,,,,,0.0
2016-07-04,,,,,57.9,73.0,45.0,,,,,,0.0
2016-07-05,,,,,58.9,73.0,46.0,,,,,,0.0
2016-07-06,,,,,61.4,77.0,49.0,,,,,,0.0
2016-07-07,,,,,59.7,76.0,50.0,,,,,,0.07
2016-07-08,,,,,51.3,56.0,49.0,,,,,,0.56
2016-07-09,,,,,50.5,61.0,44.0,,,,,,0.02
2016-07-10,,,,,45.8,51.0,42.0,,,,,,0.09
2016-07-11,,,,,54.9,69.0,42.0,,,,,,0.01
2016-07-12,,,,,54.1,69.0,47.0,,,,,,0.0
2016-07-13,,,,,58.1,70.0,48.0,,,,,,0.01
2016-07-14,,,,,60.8,76.0,50.0,,,,,,0.0
2016-07-15,,,,,57.4,71.0,47.0,,,,,,0.0
2016-07-16,,,,,54.8,68.0,47.0,,,,,,0.0
2016-07-17,,,,,54.0,66.0,49.0,,,,,,0.0
2016-07-18,,,,,54.2,65.0,49.0,,,,,,0.0
2016-07-19,,,,,55.3,69.0,48.0,,,,,,0.0
2016-07-20,,,,,62.5,78.0,49.0,,,,,,0.0
2016-07-21,,,,,59.0,71.0,47.0,,,,,,0.0
2016-07-22,,,,,57.7,73.0,46.0,,,,,,0.0
2016-07-23,,,,,60.1,74.0,50.0,,,,,,0.0
2016-07-24,,,,,63.1,77.0,51.0,,,,,,0.0
2016-07-25,,,,,64.6,78.0,54.0,,,,,,0.0
2016-07-26,,,,,65.7,80.0,55.0,,,,,,0.0
2016-07-27,,,,,66.2,82.0,54.0,,,,,,0.0
2016-07-28,,,,,69.4,85.0,55.0,,,,,,0.0
2016-07-29,,,,,71.1,87.0,60.0,,,,,,0.0
2016-07-30,,,,,65.4,81.0,51.0,,,,,,0.0
2016-07-31,,,,,59.5,76.0,47.0,,,,,,0.0
2016-08-01,,,,,63.0,80.0,49.0,,,,,,0.0
2016-08-02,,,,,54.3,70.0,43.0,,,,,,0.0
2016-08-03,,,,,59.9,76.0,48.0,,,,,,0.0
2016-08-04,,,,,69.9,83.0,58.0,,,,,,0.0
2016-08-05,,,,,62.1,79.0,49.0,,,,,,0.0
2016-08-06,,,,,58.8,74.0,47.0,,,,,,0.0
2016-08-07,,,,,58.2,73.0,46.0,,,,,,0.0
2016-08-08,,,,,57.1,73.0,47.0,,,,,,0.0
2016-08-09,,,,,56.1,69.0,48.0,,,,,,0.0
2016-08-10,,,,,59.4,74.0,48.0,,,,,,0.0
2016-08-11,,,,,70.2,85.0,56.0,,,,,,0.0
2016-08-12,,,,,75.9,90.0,67.0,,,,,,0.0
2016-08-13,,,,,76.2,90.0,64.0,,,,,,0.0
2016-08-14,,,,,69.2,82.0,58.0,,,,,,0.0
2016-08-15,,,,,67.8,84.0,56.0,,,,,,0.0
2016-08-16,,,,,66.1,83.0,56.0,,,,,,0.0
2016-08-17,,,,,64.3,81.0,51.0,,,,,,0.0
2016-08-18,,,,,77.5,92.0,61.0,,,,,,0.0
2016-08-19,,,,,81.9,97.0,71.0,,,,,,0.0
2016-08-20,,,,,77.0,91.0,63.0,,,,,,0.0
2016-08-21,,,,,70.0,83.0,54.0,,,,,,0.0
2016-08-22,,,,,62.1,76.0,51.0,,,,,,0.0
2016-08-23,,,,,63.5,78.0,51.0,,,,,,0.0
2016-08-24,,,,,67.5,82.0,57.0,,,,,,0.0
2016-08-25,,,,,71.9,86.0,61.0,,,,,,0.0
2016-08-26,,,,,73.0,87.0,63.0,,,,,,0.0
2016-08-27,,,,,67.8,82.0,58.0,,,,,,0.0
2016-08-28,,,,,69.8,83.0,62.0,,,,,,0.0
2016-08-29,,,,,65.2,81.0,51.0,,,,,,0.0
2016-08-30,,,,,54.8,69.0,46.0,,,,,,0.0
2016-08-31,,,,,55.5,65.0,48.0,,,,,,0.0
2016-09-01,,,,,52.8,62.0,46.0,,,,,,0.0
2016-09-02,,,,,52.6,65.0,44.0,,,,,,0.0
2016-09-03,,,,,51.8,65.0,45.0,,,,,,0.0
2016-09-04,,,,,48.3,60.0,41.0,,,,,,0.0
2016-09-05,,,,,52.9,67.0,41.0,,,,,,0.01
2016-09-06,,,,,53.1,60.0,49.0,,,,,,0.02
2016-09-07,,,,,55.5,67.0,49.0,,,,,,0.03
2016-09-08,,,,,57.8,72.0,48.0,,,,,,0.0
2016-09-09,,,,,64.5,78.0,52.0,,,,,,0.0
2016-09-10,,,,,69.6,82.0,56.0,,,,,,0.0
2016-09-11,,,,,54.3,68.0,42.0,,,,,,0.0
2016-09-12,,,,,54.2,68.0,40.0,,,,,,0.0
2016-09-13,,,,,58.7,74.0,46.0,,,,,,0.0
2016-09-14,,,,,58.0,71.0,49.0,,,,,,0.0
2016-09-15,,,,,61.9,75.0,53.0,,,,,,0.0
2016-09-16,,,,,67.5,80.0,58.0,,,,,,0.0
2016-09-17,,,,,64.5,77.0,58.0,,,,,,0.0
2016-09-18,,,,,59.5,75.0,49.0,,,,,,0.0
2016-09-19,,,,,52.8,65.0,44.0,,,,,,0.0
2016-09-20,,,,,49.6,62.0,43.0,,,,,,0.0
2016-09-21,,,,,46.0,59.0,41.0,,,,,,0.0
2016-09-22,,,,,45.2,54.0,41.0,,,,,,0.03
2016-09-23,,,,,44.9,49.0,40.0,,,,,,0.08
2016-09-24,,,,,55.6,67.0,44.0,,,,,,0.0
2016-09-25,,,,,70.7,83.0,58.0,,,,,,0.0
2016-09-26,,,,,72.0,89.0,58.0,,,,,,0.0
2016-09-27,,,,,59.8,71.0,50.0,,,,,,0.0
2016-09-28,,,,,57.9,68.0,49.0,,,,,,0.0
2016-09-29,,,,,53.0,66.0,46.0,,,,,,0.0
2016-09-30,,,,,48.2,62.0,40.0,,,,,,0.0
2016-10-01,,,,,41.5,48.0,38.0,,,,,,0.29
2016-10-02,,,,,38.7,45.0,36.0,,,,,,0.58
2016-10-03,,,,,40.0,43.0,37.0,,,,,,0.16
2016-10-04,,,,,43.0,52.0,40.0,,,,,,0.03
2016-10-05,,,,,42.8,47.0,40.0,,,,,,0.41
2016-10-06,,,,,46.7,59.0,38.0,,,,,,0.01
2016-10-07,,,,,54.7,64.0,47.0,,,,,,0.03
2016-10-08,,,,,60.0,70.0,54.0,,,,,,0.0
2016-10-09,,,,,57.5,69.0,47.0,,,,,,0.0
2016-10-10,,,,,52.5,59.0,47.0,,,,,,0.04
2016-10-11,,,,,51.8,62.0,46.0,,,,,,0.01
2016-10-12,,,,,54.1,65.0,46.0,,,,,,0.03
2016-10-13,,,,,46.9,50.0,41.0,,,,,,2.54
2016-10-14,,,,,43.2,45.0,42.0,,,,,,0.84
2016-10-15,,,,,42.7,44.0,41.0,,,,,,1.44
2016-10-16,,,,,38.6,41.0,37.0,,,,,,2.91
2016-10-17,,,,,40.9,43.0,40.0,,,,,,0.58
2016-10-18,,,,,40.7,48.0,38.0,,,,,,0.32
2016-10-19,,,,,46.5,51.0,38.0,,,,,,0.0
2016-10-20,,,,,51.3,55.0,49.0,,,,,,0.05
2016-10-21,,,,,44.9,50.0,38.0,,,,,,0.03
2016-10-22,,,,,42.9,47.0,39.0,,,,,,0.0
2016-10-23,,,,,46.5,55.0,41.0,,,,,,0.0
2016-10-24,,,,,42.0,47.0,39.0,,,,,,0.79
2016-10-25,,,,,43.6,50.0,39.0,,,,,,0.73
2016-10-26,,,,,49.1,55.0,46.0,,,,,,0.56
2016-10-27,,,,,41.7,46.0,38.0,,,,,,1.05
2016-10-28,,,,,46.4,57.0,41.0,,,,,,0.0
2016-10-29,,,,,42.6,50.0,38.0,,,,,,0.26
2016-10-30,,,,,41.3,44.0,39.0,,,,,,0.32
2016-10-31,,,,,39.7,45.0,38.0,,,,,,0.05
2016-11-01,,,,,40.7,45.0,37.0,,,,,,0.0
2016-11-02,,,,,47.5,56.0,41.0,,,,,,0.01
2016-11-03,,,,,52.0,59.0,46.0,,,,,,0.0
2016-11-04,,,,,52.8,59.0,48.0,,,,,,0.0
2016-11-05,,,,,47.3,53.0,40.0,,,,,,0.35
2016-11-06,,,,,42.5,50.0,40.0,,,,,,0.01
2016-11-07,,,,,49.6,54.0,43.0,,,,,,0.0
2016-11-08,,,,,54.8,64.0,48.0,,,,,,0.0
2016-11-09,,,,,53.5,63.0,47.0,,,,,,0.0
2016-11-10,,,,,58.4,66.0,55.0,,,,,,0.0
2016-11-11,,,,,54.2,63.0,45.0,,,,,,0.05
2016-11-12,,,,,45.5,50.0,44.0,,,,,,0.16
2016-11-13,,,,,47.5,53.0,44.0,,,,,,0.01
2016-11-14,,,,,46.1,48.0,45.0,,,,,,0.87
2016-11-15,,,,,38.6,48.0,31.0,,,,,,0.08
2016-11-16,,,,,32.4,36.0,31.0,,,,,,0.07
2016-11-17,,,,,33.4,41.0,30.0,,,,,,0.01
2016-11-18,,,,,38.3,45.0,33.0,,,,,,0.17
2016-11-19,,,,,37.9,41.0,36.0,,,,,,0.76
2016-11-20,,,,,38.0,40.0,36.0,,,,,,1.0
2016-11-21,,,,,37.5,44.0,34.0,,,,,,0.09
2016-11-22,,,,,35.3,48.0,31.0,,,,,,0.3
2016-11-23,,,,,31.2,33.0,30.0,,,,,,0.11
2016-11-24,,,,,35.8,38.0,31.0,,,,,,0.42
2016-11-25,,,,,37.2,40.0,35.0,,,,,,0.44
2016-11-26,,,,,35.2,41.0,30.0,,,,,,0.1
2016-11-27,,,,,32.5,36.0,29.0,,,,,,0.47
2016-11-28,,,,,33.3,35.0,32.0,,,,,,0.28
2016-11-29,,,,,33.9,38.0,30.0,,,,,,0.07
2016-11-30,,,,,32.8,37.0,31.0,,,,,,0.12
2016-12-01,,,,,30.5,35.0,28.0,,,,,,0.13
2016-12-02,,,,,35.0,38.0,30.0,,,,,,0.01
2016-12-03,,,,,36.0,39.0,34.0,,,,,,0.03
2016-12-04,,,,,34.4,40.0,27.0,,,,,,0.2
2016-12-05,,,,,27.4,33.0,23.0,,,,,,0.06
2016-12-06,,,,,27.1,34.0,21.0,,,,,,0.05
2016-12-07,,,,,23.0,27.0,19.0,,,,,,0.0
2016-12-08,,,,,36.4,42.0,28.0,,,,,,0.71
2016-12-09,,,,,37.5,41.0,35.0,,,,,,1.0
2016-12-10,,,,,33.4,37.0,30.0,,,,,,0.18
2016-12-11,,,,,31.3,32.0,30.0,,,,,,0.07
2016-12-12,,,,,30.5,37.0,28.0,,,,,,0.17
2016-12-13,,,,,29.8,34.0,26.0,,,,,,0.01
2016-12-14,,,,,36.0,41.0,31.0,,,,,,3.64
2016-12-15,,,,,31.5,36.0,27.0,,,,,,0.15
2016-12-16,,,,,23.2,29.0,18.0,,,,,,0.05
2016-12-17,,,,,23.0,30.0,17.0,,,,,,0.01
2016-12-18,,,,,29.4,39.0,20.0,,,,,,0.03
2016-12-19,,,,,34.3,38.0,32.0,,,,,,0.0
2016-12-20,,,,,36.2,41.0,31.0,,,,,,0.19
2016-12-21,,,,,39.1,50.0,32.0,,,,,,0.0
2016-12-22,,,,,39.8,47.0,30.0,,,,,,0.0
2016-12-23,,,,,31.3,32.0,31.0,,,,,,0.0
2016-12-24,,,,,,,,,,,,,
2016-12-25,,,,,28.6,37.0,24.0,,,,,,0.34
2016-12-26,,,,,27.1,31.0,23.0,,,,,,0.0
2016-12-27,,,,,31.9,37.0,27.0,,,,,,0.28
2016-12-28,,,,,36.5,45.0,28.0,,,,,,0.01
2016-12-29,,,,,46.3,57.0,34.0,,,,,,0.0
2016-12-30,,,,,29.9,34.0,25.0,,,,,,0.16
2016-12-31,,,,,31.3,47.0,24.0,,,,,,0.0
2017-01-01,,,,,25.2,29.0,22.0,,,,,,0.0
2017-01-02,,,,,23.1,26.0,22.0,,,,,,0.0
2017-01-03,,,,,25.1,29.0,22.0,,,,,,0.0
2017-01-04,,,,,24.9,35.0,20.0,,,,,,0.01
2017-01-05,,,,,22.8,39.0,16.0,,,,,,0.29
2017-01-06,,,,,25.0,30.0,21.0,,,,,,0.0
2017-01-07,,,,,32.5,38.0,27.0,,,,,,0.91
2017-01-08,,,,,37.0,42.0,31.0,,,,,,1.59
2017-01-09,,,,,28.5,30.0,27.0,,,,,,0.0
2017-01-10,,,,,33.2,35.0,32.0,,,,,,0.78
2017-01-11,,,,,29.5,32.0,27.0,,,,,,0.07
2017-01-12,,,,,28.6,42.0,23.0,,,,,,0.29
2017-01-13,,,,,33.2,49.0,25.0,,,,,,0.1
2017-01-14,,,,,38.7,52.0,31.0,,,,,,0.0
2017-01-15,,,,,43.2,58.0,34.0,,,,,,0.0
2017-01-16,,,,,48.4,55.0,43.0,,,,,,0.0
2017-01-17,,,,,41.3,45.0,39.0,,,,,,0.13
2017-01-18,,,,,37.7,42.0,32.0,,,,,,1.46
2017-01-19,,,,,32.5,34.0,32.0,,,,,,0.31
2017-01-20,,,,,31.4,34.0,30.0,,,,,,0.13
2017-01-21,,,,,31.8,32.0,30.0,,,,,,0.06
2017-01-22,,,,,,,,,,,,,
2017-01-23,,,,,31.1,38.0,27.0,,,,,,0.53
2017-01-24,,,,,32.2,43.0,27.0,,,,,,0.21
2017-01-25,,,,,30.2,33.0,29.0,,,,,,0.01
2017-01-26,,,,,35.5,45.0,30.0,,,,,,0.0
2017-01-27,,,,,41.8,51.0,32.0,,,,,,0.0
2017-01-28,,,,,49.3,57.0,43.0,,,,,,0.0
2017-01-29,,,,,45.3,53.0,40.0,,,,,,0.0
2017-01-30,,,,,49.0,64.0,43.0,,,,,,0.0
2017-01-31,,,,,40.7,43.0,37.0,,,,,,0.0
2017-02-01,,,,,43.8,49.0,37.0,,,,,,0.0
2017-02-02,,,,,43.1,59.0,36.0,,,,,,0.0
2017-02-03,,,,,37.4,39.0,36.0,,,,,,0.94
2017-02-04,,,,,36.8,39.0,34.0,,,,,,0.69
2017-02-05,,,,,38.0,47.0,32.0,,,,,,0.25
2017-02-06,,,,,30.1,32.0,27.0,,,,,,0.03
2017-02-07,,,,,36.8,43.0,30.0,,,,,,0.78
2017-02-08,,,,,42.4,46.0,37.0,,,,,,0.75
2017-02-09,,,,,42.1,46.0,36.0,,,,,,1.54
2017-02-10,,,,,32.7,36.0,28.0,,,,,,0.34
2017-02-11,,,,,31.8,39.0,25.0,,,,,,0.06
2017-02-12,,,,,43.9,54.0,32.0,,,,,,0.0
2017-02-13,,,,,47.4,54.0,41.0,,,,,,0.0
2017-02-14,,,,,49.7,58.0,46.0,,,,,,0.0
2017-02-15,,,,,45.5,51.0,42.0,,,,,,1.61
2017-02-16,,,,,37.3,43.0,35.0,,,,,,1.74
2017-02-17,,,,,37.1,42.0,34.0,,,,,,0.25
2017-02-18,,,,,34.4,38.0,29.0,,,,,,0.28
2017-02-19,,,,,32.3,35.0,29.0,,,,,,0.41
2017-02-20,,,,,37.1,41.0,32.0,,,,,,0.45
2017-02-21,,,,,32.4,35.0,29.0,,,,,,0.85
2017-02-22,,,,,29.2,38.0,24.0,,,,,,0.27
2017-02-23,,,,,27.8,41.0,22.0,,,,,,0.39
2017-02-24,,,,,24.9,29.0,22.0,,,,,,0.01
2017-02-25,,,,,30.5,42.0,23.0,,,,,,0.18
2017-02-26,,,,,26.7,32.0,25.0,,,,,,0.12
2017-02-27,,,,,27.7,34.0,24.0,,,,,,0.12
2017-02-28,,,,,31.1,42.0,27.0,,,,,,0.3
2017-03-01,,,,,36.7,52.0,27.0,,,,,,0.04
2017-03-02,,,,,38.8,51.0,33.0,,,,,,0.0
2017-03-03,,,,,34.3,37.0,32.0,,,,,,0.16
2017-03-04,,,,,30.2,33.0,23.0,,,,,,0.27
2017-03-05,,,,,25.0,33.0,21.0,,,,,,0.17
2017-03-06,,,,,28.4,36.0,23.0,,,,,,0.13
2017-03-07,,,,,34.1,37.0,29.0,,,,,,0.61
2017-03-08,,,,,40.2,44.0,38.0,,,,,,0.09
2017-03-09,,,,,42.9,46.0,40.0,,,,,,0.01
2017-03-10,,,,,46.3,58.0,39.0,,,,,,0.0
2017-03-11,,,,,44.0,50.0,39.0,,,,,,0.0
2017-03-12,,,,,47.8,60.0,39.0,,,,,,0.0
2017-03-13,,,,,49.9,55.0,47.0,,,,,,0.0
2017-03-14,,,,,50.2,55.0,46.0,,,,,,0.0
2017-03-15,,,,,43.3,48.0,36.0,,,,,,0.13
2017-03-16,,,,,37.9,47.0,33.0,,,,,,0.08
2017-03-17,,,,,44.8,53.0,38.0,,,,,,0.01
2017-03-18,,,,,41.8,46.0,35.0,,,,,,1.06
2017-03-19,,,,,44.6,54.0,36.0,,,,,,0.11
2017-03-20,,,,,45.5,52.0,41.0,,,,,,0.22
2017-03-21,,,,,40.4,50.0,36.0,,,,,,0.73
2017-03-22,,,,,35.4,43.0,31.0,,,,,,0.09
2017-03-23,,,,,35.2,42.0,30.0,,,,,,0.16
2017-03-24,,,,,35.4,37.0,33.0,,,,,,0.87
2017-03-25,,,,,35.7,42.0,33.0,,,,,,0.06
2017-03-26,,,,,35.0,41.0,32.0,,,,,,0.2
2017-03-27,,,,,35.0,42.0,32.0,,,,,,0.13
2017-03-28,,,,,42.1,52.0,33.0,,,,,,0.02
2017-03-29,,,,,40.5,43.0,35.0,,,,,,0.3
2017-03-30,,,,,33.4,38.0,31.0,,,,,,0.25
2017-03-31,,,,,39.2,50.0,30.0,,,,,,0.01
2017-04-01,,,,,47.1,56.0,40.0,,,,,,0.08
2017-04-02,,,,,39.6,51.0,32.0,,,,,,0.01
2017-04-03,,,,,41.3,54.0,27.0,,,,,,0.0
2017-04-04,,,,,46.8,57.0,41.0,,,,,,0.0
2017-04-05,,,,,48.1,60.0,42.0,,,,,,0.0
2017-04-06,,,,,41.6,51.0,36.0,,,,,,0.57
2017-04-07,,,,,32.3,36.0,29.0,,,,,,0.49
2017-04-08,,,,,31.9,41.0,26.0,,,,,,0.25
2017-04-09,,,,,31.8,39.0,27.0,,,,,,0.02
2017-04-10,,,,,35.0,47.0,28.0,,,,,,0.3
2017-04-11,,,,,39.8,46.0,33.0,,,,,,0.13
2017-04-12,,,,,36.7,46.0,30.0,,,,,,0.06
2017-04-13,,,,,32.5,39.0,30.0,,,,,,0.14
2017-04-14,,,,,33.5,42.0,29.0,,,,,,0.03
2017-04-15,,,,,40.7,53.0,29.0,,,,,,0.0
2017-04-16,,,,,42.3,53.0,36.0,,,,,,0.16
2017-04-17,,,,,39.7,45.0,35.0,,,,,,0.43
2017-04-18,,,,,42.3,54.0,37.0,,,,,,0.19
2017-04-19,,,,,37.4,44.0,33.0,,,,,,0.21
2017-04-20,,,,,37.8,46.0,32.0,,,,,,0.15
2017-04-21,,,,,49.9,64.0,35.0,,,,,,0.0
2017-04-22,,,,,43.6,50.0,36.0,,,,,,0.06
2017-04-23,,,,,38.1,45.0,34.0,,,,,,0.08
2017-04-24,,,,,36.5,41.0,33.0,,,,,,0.16
2017-04-25,,,,,39.0,43.0,35.0,,,,,,0.14
2017-04-26,,,,,39.5,43.0,32.0,,,,,,0.7
2017-04-27,,,,,35.3,43.0,31.0,,,,,,0.03
2017-04-28,,,,,38.8,51.0,31.0,,,,,,0.0
2017-04-29,,,,,47.9,60.0,38.0,,,,,,0.0
2017-04-30,,,,,47.3,59.0,41.0,,,,,,0.01
2017-05-01,,,,,50.5,63.0,43.0,,,,,,0.0
2017-05-02,,,,,52.7,61.0,46.0,,,,,,0.06
2017-05-03,,,,,65.0,78.0,52.0,,,,,,0.0
2017-05-04,,,,,63.3,78.0,48.0,,,,,,0.0
2017-05-05,,,,,38.3,47.0,32.0,,,,,,0.22
2017-05-06,,,,,36.5,49.0,31.0,,,,,,0.06
2017-05-07,,,,,41.2,55.0,31.0,,,,,,0.0
2017-05-08,,,,,50.5,64.0,38.0,,,,,,0.0
2017-05-09,,,,,55.4,69.0,42.0,,,,,,0.0
2017-05-10,,,,,55.2,69.0,45.0,,,,,,0.0
2017-05-11,,,,,41.2,46.0,33.0,,,,,,0.15
2017-05-12,,,,,35.0,45.0,30.0,,,,,,0.03
2017-05-13,,,,,34.7,40.0,31.0,,,,,,0.17
2017-05-14,,,,,38.2,49.0,31.0,,,,,,0.1
2017-05-15,,,,,40.9,53.0,34.0,,,,,,0.06
2017-05-16,,,,,37.9,45.0,31.0,,,,,,0.42
2017-05-17,,,,,40.3,53.0,31.0,,,,,,0.01
2017-05-18,,,,,52.7,66.0,39.0,,,,,,0.01
2017-05-19,,,,,57.2,70.0,46.0,,,,,,0.0
2017-05-20,,,,,55.0,67.0,45.0,,,,,,0.0
2017-05-21,,,,,60.8,72.0,48.0,,,,,,0.0
2017-05-22,,,,,71.3,83.0,59.0,,,,,,0.0
2017-05-23,,,,,67.4,80.0,45.0,,,,,,0.0
2017-05-24,,,,,48.2,60.0,39.0,,,,,,0.0
2017-05-25,,,,,48.8,63.0,36.0,,,,,,0.0
2017-05-26,,,,,59.5,72.0,47.0,,,,,,0.0
2017-05-27,,,,,65.1,80.0,55.0,,,,,,0.0
2017-05-28,,,,,63.1,74.0,53.0,,,,,,0.0
2017-05-29,,,,,61.0,71.0,53.0,,,,,,0.0
2017-05-30,,,,,49.3,59.0,45.0,,,,,,0.0
2017-05-31,,,,,53.5,66.0,43.0,,,,,,0.0
2017-06-01,,,,,54.6,67.0,46.0,,,,,,0.0
2017-06-02,,,,,55.7,69.0,45.0,,,,,,0.0
2017-06-03,,,,,49.2,58.0,43.0,,,,,,0.0
2017-06-04,,,,,47.2,59.0,41.0,,,,,,0.0
2017-06-05,,,,,55.9,69.0,42.0,,,,,,0.0
2017-06-06,,,,,60.5,74.0,50.0,,,,,,0.0
2017-06-07,,,,,56.3,67.0,47.0,,,,,,0.1
2017-06-08,,,,,46.2,52.0,39.0,,,,,,0.4
2017-06-09,,,,,41.3,50.0,37.0,,,,,,0.06
2017-06-10,,,,,37.9,45.0,34.0,,,,,,0.2
2017-06-11,,,,,40.6,50.0,35.0,,,,,,0.16
2017-06-12,,,,,41.3,48.0,38.0,,,,,,0.22
2017-06-13,,,,,44.7,57.0,35.0,,,,,,0.0
2017-06-14,,,,,52.0,62.0,42.0,,,,,,0.0
2017-06-15,,,,,51.0,57.0,47.0,,,,,,0.01
2017-06-16,,,,,54.1,63.0,48.0,,,,,,0.0
2017-06-17,,,,,59.9,73.0,47.0,,,,,,0.0
2017-06-18,,,,,65.8,78.0,56.0,,,,,,0.0
2017-06-19,,,,,66.5,81.0,54.0,,,,,,0.0
2017-06-20,,,,,62.2,74.0,52.0,,,,,,0.0
2017-06-21,,,,,55.8,70.0,48.0,,,,,,0.0
2017-06-22,,,,,61.0,74.0,46.0,,,,,,0.0
2017-06-23,,,,,72.0,83.0,57.0,,,,,,0.0
2017-06-24,,,,,81.5,94.0,69.0,,,,,,0.0
2017-06-25,,,,,77.2,89.0,63.0,,,,,,0.04
2017-06-26,,,,,63.0,74.0,48.0,,,,,,0.0
2017-06-27,,,,,56.8,68.0,47.0,,,,,,0.02
2017-06-28,,,,,56.6,70.0,46.0,,,,,,0.0
2017-06-29,,,,,61.7,75.0,48.0,,,,,,0.0
2017-06-30,,,,,62.5,76.0,50.0,,,,,,0.0
2017-07-01,,,,,57.3,69.0,46.0,,,,,,0.0
2017-07-02,,,,,61.7,77.0,51.0,,,,,,0.01
2017-07-03,,,,,62.8,74.0,51.0,,,,,,0.0
2017-07-04,,,,,69.2,81.0,57.0,,,,,,0.0
2017-07-05,,,,,69.8,82.0,62.0,,,,,,0.0
2017-07-06,,,,,72.0,82.0,63.0,,,,,,0.0
2017-07-07,,,,,65.4,73.0,58.0,,,,,,0.0
2017-07-08,,,,,67.9,80.0,56.0,,,,,,0.0
2017-07-09,,,,,63.6,78.0,51.0,,,,,,0.0
2017-07-10,,,,,61.4,74.0,49.0,,,,,,0.0
2017-07-11,,,,,60.6,75.0,48.0,,,,,,0.0
2017-07-12,,,,,64.4,79.0,54.0,,,,,,0.0
2017-07-13,,,,,60.0,72.0,51.0,,,,,,0.0
2017-07-14,,,,,66.0,80.0,54.0,,,,,,0.0
2017-07-15,,,,,62.4,77.0,50.0,,,,,,0.0
2017-07-16,,,,,57.4,72.0,46.0,,,,,,0.0
2017-07-17,,,,,58.5,75.0,45.0,,,,,,0.0
2017-07-18,,,,,60.7,76.0,50.0,,,,,,0.0
2017-07-19,,,,,59.3,74.0,48.0,,,,,,0.0
2017-07-20,,,,,58.7,73.0,49.0,,,,,,0.0
2017-07-21,,,,,62.4,78.0,50.0,,,,,,0.0
2017-07-22,,,,,67.2,82.0,54.0,,,,,,0.0
2017-07-23,,,,,65.5,80.0,57.0,,,,,,0.0
2017-07-24,,,,,65.0,79.0,52.0,,,,,,0.0
2017-07-25,,,,,67.8,84.0,58.0,,,,,,0.0
2017-07-26,,,,,67.4,82.0,56.0,,,,,,0.0
2017-07-27,,,,,64.8,78.0,53.0,,,,,,0.0
2017-07-28,,,,,61.7,77.0,51.0,,,,,,0.0
2017-07-29,,,,,65.8,83.0,53.0,,,,,,0.0
2017-07-30,,,,,66.8,83.0,54.0,,,,,,0.0
2017-07-31,,,,,72.5,85.0,62.0,,,,,,0.0
2017-08-01,,,,,77.2,90.0,65.0,,,,,,0.0
2017-08-02,,,,,83.8,97.0,73.0,,,,,,0.0
2017-08-03,,,,,83.3,98.0,72.0,,,,,,0.0
2017-08-04,,,,,76.5,90.0,65.0,,,,,,0.0
2017-08-05,,,,,71.2,83.0,65.0,,,,,,0.0
2017-08-06,,,,,70.7,82.0,62.0,,,,,,0.0
2017-08-07,,,,,73.4,87.0,63.0,,,,,,0.0
2017-08-08,,,,,75.8,90.0,65.0,,,,,,0.0
2017-08-09,,,,,73.2,85.0,66.0,,,,,,0.0
2017-08-10,,,,,74.5,87.0,65.0,,,,,,0.0
2017-08-11,,,,,70.3,83.0,59.0,,,,,,0.0
2017-08-12,,,,,65.3,77.0,53.0,,,,,,0.0
2017-08-13,,,,,57.7,68.0,53.0,,,,,,0.0
2017-08-14,,,,,57.7,72.0,50.0,,,,,,0.0
2017-08-15,,,,,61.1,75.0,51.0,,,,,,0.0
2017-08-16,,,,,65.1,82.0,50.0,,,,,,0.0
2017-08-17,,,,,68.5,84.0,57.0,,,,,,0.0
2017-08-18,,,,,67.1,82.0,53.0,,,,,,0.0
2017-08-19,,,,,58.3,74.0,49.0,,,,,,0.0
2017-08-20,,,,,61.3,77.0,49.0,,,,,,0.0
2017-08-21,,,,,65.4,76.0,56.0,,,,,,0.0
2017-08-22,,,,,68.0,80.0,59.0,,,,,,0.0
2017-08-23,,,,,65.5,76.0,53.0,,,,,,0.0
2017-08-24,,,,,52.5,57.0,48.0,,,,,,0.0
2017-08-25,,,,,58.8,72.0,47.0,,,,,,0.0
2017-08-26,,,,,72.8,85.0,59.0,,,,,,0.0
2017-08-27,,,,,79.0,93.0,71.0,,,,,,0.0
2017-08-28,,,,,80.5,96.0,73.0,,,,,,0.0
2017-08-29,,,,,72.6,82.0,61.0,,,,,,0.0
2017-08-30,,,,,62.5,76.0,53.0,,,,,,0.0
2017-08-31,,,,,66.3,80.0,56.0,,,,,,0.0
2017-09-01,,,,,78.9,90.0,64.0,,,,,,0.0
2017-09-02,,,,,82.8,94.0,77.0,,,,,,0.0
2017-09-03,,,,,82.2,94.0,74.0,,,,,,0.0
2017-09-04,,,,,78.2,88.0,72.0,,,,,,0.0
2017-09-05,,,,,72.3,80.0,65.0,,,,,,0.0
2017-09-06,,,,,67.2,78.0,61.0,,,,,,0.03
2017-09-07,,,,,61.4,71.0,55.0,,,,,,0.14
2017-09-08,,,,,57.2,65.0,52.0,,,,,,0.01
2017-09-09,,,,,58.5,72.0,52.0,,,,,,0.0
2017-09-10,,,,,61.8,72.0,50.0,,,,,,0.0
2017-09-11,,,,,73.2,88.0,63.0,,,,,,0.0
2017-09-12,,,,,66.8,77.0,56.0,,,,,,0.0
2017-09-13,,,,,60.1,73.0,49.0,,,,,,0.0
2017-09-14,,,,,52.8,66.0,45.0,,,,,,0.0
2017-09-15,,,,,56.0,68.0,45.0,,,,,,0.0
2017-09-16,,,,,57.1,68.0,48.0,,,,,,0.0
2017-09-17,,,,,52.8,62.0,46.0,,,,,,0.0
2017-09-18,,,,,43.2,50.0,41.0,,,,,,0.52
2017-09-19,,,,,43.1,47.0,39.0,,,,,,0.14
2017-09-20,,,,,42.8,48.0,38.0,,,,,,0.38
2017-09-21,,,,,39.9,44.0,35.0,,,,,,0.0
2017-09-22,,,,,43.1,53.0,37.0,,,,,,0.0
2017-09-23,,,,,49.1,59.0,42.0,,,,,,0.0
2017-09-24,,,,,52.8,65.0,46.0,,,,,,0.0
2017-09-25,,,,,54.5,66.0,46.0,,,,,,0.0
2017-09-26,,,,,58.9,69.0,48.0,,,,,,0.0
2017-09-27,,,,,67.0,80.0,56.0,,,,,,0.0
2017-09-28,,,,,67.6,80.0,61.0,,,,,,0.0
2017-09-29,,,,,51.8,60.0,44.0,,,,,,0.43
2017-09-30,,,,,46.2,56.0,39.0,,,,,,0.01
2017-10-01,,,,,43.0,55.0,38.0,,,,,,0.02
2017-10-02,,,,,40.5,48.0,35.0,,,,,,0.01
2017-10-03,,,,,47.3,58.0,39.0,,,,,,0.0
2017-10-04,,,,,53.6,65.0,45.0,,,,,,0.0
2017-10-05,,,,,55.7,65.0,49.0,,,,,,0.0
2017-10-06,,,,,57.8,68.0,49.0,,,,,,0.0
2017-10-07,,,,,45.2,52.0,38.0,,,,,,0.0
2017-10-08,,,,,43.2,54.0,39.0,,,,,,0.0
2017-10-09,,,,,51.1,64.0,39.0,,,,,,0.0
2017-10-10,,,,,45.3,52.0,34.0,,,,,,0.03
2017-10-11,,,,,35.6,39.0,33.0,,,,,,0.12
2017-10-12,,,,,37.2,41.0,33.0,,,,,,0.12
2017-10-13,,,,,40.0,45.0,36.0,,,,,,0.07
2017-10-14,,,,,43.5,56.0,31.0,,,,,,0.01
2017-10-15,,,,,56.4,68.0,46.0,,,,,,0.0
2017-10-16,,,,,62.5,72.0,58.0,,,,,,0.0
2017-10-17,,,,,57.1,67.0,50.0,,,,,,0.0
2017-10-18,,,,,55.2,66.0,48.0,,,,,,0.0
2017-10-19,,,,,41.4,48.0,34.0,,,,,,0.67
2017-10-20,,,,,35.9,44.0,32.0,,,,,,0.49
2017-10-21,,,,,42.2,47.0,34.0,,,,,,0.59
2017-10-22,,,,,48.3,52.0,46.0,,,,,,0.68
2017-10-23,,,,,55.7,67.0,46.0,,,,,,0.0
2017-10-24,,,,,65.4,77.0,55.0,,,,,,0.0
2017-10-25,,,,,59.0,67.0,49.0,,,,,,0.0
2017-10-26,,,,,61.3,72.0,47.0,,,,,,0.0
2017-10-27,,,,,68.4,79.0,62.0,,,,,,0.0
2017-10-28,,,,,65.2,75.0,58.0,,,,,,0.0
2017-10-29,,,,,52.9,64.0,40.0,,,,,,0.0
2017-10-30,,,,,45.5,55.0,39.0,,,,,,0.01
2017-10-31,,,,,53.4,65.0,44.0,,,,,,0.0
2017-11-01,,,,,47.8,57.0,39.0,,,,,,0.0
2017-11-02,,,,,38.6,42.0,35.0,,,,,,0.15
2017-11-03,,,,,32.2,37.0,29.0,,,,,,0.29
2017-11-04,,,,,31.1,39.0,26.0,,,,,,0.17
2017-11-05,,,,,31.8,35.0,29.0,,,,,,0.22
2017-11-06,,,,,32.8,42.0,29.0,,,,,,0.09
2017-11-07,,,,,37.0,41.0,32.0,,,,,,0.0
2017-11-08,,,,,40.8,47.0,38.0,,,,,,0.76
2017-11-09,,,,,37.7,39.0,36.0,,,,,,1.2
2017-11-10,,,,,39.5,42.0,36.0,,,,,,0.6
2017-11-11,,,,,39.1,42.0,37.0,,,,,,0.01
2017-11-12,,,,,42.0,48.0,39.0,,,,,,0.27
2017-11-13,,,,,35.8,41.0,32.0,,,,,,0.66
2017-11-14,,,,,35.6,41.0,32.0,,,,,,0.03
2017-11-15,,,,,37.1,39.0,33.0,,,,,,0.71
2017-11-16,,,,,32.4,35.0,31.0,,,,,,0.1
2017-11-17,,,,,32.3,38.0,29.0,,,,,,0.28
2017-11-18,,,,,35.8,41.0,30.0,,,,,,0.0
2017-11-19,,,,,37.1,39.0,34.0,,,,,,0.11
2017-11-20,,,,,46.5,50.0,39.0,,,,,,0.46
2017-11-21,,,,,51.5,55.0,48.0,,,,,,0.03
2017-11-22,,,,,52.1,59.0,49.0,,,,,,0.24
2017-11-23,,,,,48.5,52.0,39.0,,,,,,0.46
2017-11-24,,,,,38.5,45.0,33.0,,,,,,0.01
2017-11-25,,,,,48.8,55.0,43.0,,,,,,0.0
2017-11-26,,,,,41.5,52.0,34.0,,,,,,0.77
2017-11-27,,,,,35.8,40.0,34.0,,,,,,0.05
2017-11-28,,,,,34.4,38.0,30.0,,,,,,0.18
2017-11-29,,,,,35.5,45.0,29.0,,,,,,0.0
2017-11-30,,,,,40.3,42.0,38.0,,,,,,0.0
2017-12-01,,,,,37.1,42.0,33.0,,,,,,0.0
2017-12-02,,,,,32.1,35.0,29.0,,,,,,0.01
2017-12-03,,,,,30.5,35.0,28.0,,,,,,0.2
2017-12-04,,,,,31.9,40.0,25.0,,,,,,0.12
2017-12-05,,,,,40.4,50.0,33.0,,,,,,0.0
2017-12-06,,,,,45.2,56.0,38.0,,,,,,0.0
2017-12-07,,,,,50.8,60.0,44.0,,,,,,0.0
2017-12-08,,,,,55.3,64.0,49.0,,,,,,0.0
2017-12-09,,,,,54.2,63.0,48.0,,,,,,0.0
2017-12-10,,,,,53.1,61.0,49.0,,,,,,0.0
2017-12-11,,,,,53.9,58.0,52.0,,,,,,0.0
2017-12-12,,,,,55.5,64.0,51.0,,,,,,0.0
2017-12-13,,,,,55.0,66.0,48.0,,,,,,0.0
2017-12-14,,,,,55.4,64.0,50.0,,,,,,0.0
2017-12-15,,,,,41.2,53.0,31.0,,,,,,0.0
2017-12-16,,,,,30.8,35.0,29.0,,,,,,0.01
2017-12-17,,,,,42.2,54.0,32.0,,,,,,0.0
2017-12-18,,,,,44.8,54.0,40.0,,,,,,0.0
2017-12-19,,,,,34.8,40.0,28.0,,,,,,0.38
2017-12-20,,,,,28.9,35.0,25.0,,,,,,0.01
2017-12-21,,,,,32.5,40.0,24.0,,,,,,0.31
2017-12-22,,,,,35.1,39.0,32.0,,,,,,0.06
2017-12-23,,,,,36.8,43.0,31.0,,,,,,0.03
2017-12-24,,,,,39.3,43.0,34.0,,,,,,0.02
2017-12-25,,,,,34.3,37.0,32.0,,,,,,0.15
2017-12-26,,,,,39.0,48.0,32.0,,,,,,0.05
2017-12-27,,,,,39.8,43.0,36.0,,,,,,0.04
2017-12-28,,,,,38.8,43.0,35.0,,,,,,0.02
2017-12-29,,,,,42.0,48.0,39.0,,,,,,0.24
2017-12-30,,,,,37.4,42.0,33.0,,,,,,0.18
2017-12-31,,,,,46.5,51.0,38.0,,,,,,0.0
2018-01-01,,,,,51.2,60.0,47.0,,,,,,0.0
2018-01-02,,,,,52.8,58.0,48.0,,,,,,0.0
2018-01-03,,,,,53.8,62.0,42.0,,,,,,0.01
2018-01-04,,,,,45.0,53.0,40.0,,,,,,0.07
2018-01-05,,,,,41.0,46.0,35.0,,,,,,0.27
2018-01-06,,,,,35.7,40.0,33.0,,,,,,0.05
2018-01-07,,,,,40.4,48.0,37.0,,,,,,0.0
2018-01-08,,,,,40.2,43.0,37.0,,,,,,0.07
2018-01-09,,,,,37.2,42.0,31.0,,,,,,0.31
2018-01-10,,,,,35.0,40.0,29.0,,,,,,0.13
2018-01-11,,,,,39.8,43.0,37.0,,,,,,0.24
2018-01-12,,,,,40.4,47.0,36.0,,,,,,0.0
2018-01-13,,,,,52.0,63.0,47.0,,,,,,0.0
2018-01-14,,,,,52.5,63.0,49.0,,,,,,0.0
2018-01-15,,,,,46.1,53.0,39.0,,,,,,0.32
2018-01-16,,,,,38.8,45.0,35.0,,,,,,0.01
2018-01-17,,,,,45.2,52.0,38.0,,,,,,0.72
2018-01-18,,,,,34.0,38.0,29.0,,,,,,0.37
2018-01-19,,,,,29.0,32.0,28.0,,,,,,0.0
2018-01-20,,,,,31.1,34.0,30.0,,,,,,0.15
2018-01-21,,,,,31.7,34.0,30.0,,,,,,0.31
2018-01-22,,,,,32.0,35.0,30.0,,,,,,0.15
2018-01-23,,,,,34.8,38.0,32.0,,,,,,0.14
2018-01-24,,,,,31.3,35.0,27.0,,,,,,0.54
2018-01-25,,,,,26.5,27.0,26.0,,,,,,0.0
2018-01-26,,,,,,,,,,,,,
2018-01-27,,,,,39.4,42.0,32.0,,,,,,0.52
2018-01-28,,,,,47.9,54.0,41.0,,,,,,0.01
2018-01-29,,,,,48.0,56.0,40.0,,,,,,0.02
2018-01-30,,,,,35.7,41.0,30.0,,,,,,0.08
2018-01-31,,,,,36.1,42.0,29.0,,,,,,0.01
2018-02-01,,,,,47.0,54.0,42.0,,,,,,0.0
2018-02-02,,,,,50.0,58.0,46.0,,,,,,0.0
2018-02-03,,,,,49.6,58.0,47.0,,,,,,0.0
2018-02-04,,,,,52.2,60.0,44.0,,,,,,0.0
2018-02-05,,,,,43.1,51.0,37.0,,,,,,0.0
2018-02-06,,,,,44.6,53.0,37.0,,,,,,0.0
2018-02-07,,,,,55.0,64.0,46.0,,,,,,0.0
2018-02-08,,,,,54.0,63.0,46.0,,,,,,0.0
2018-02-09,,,,,41.6,51.0,33.0,,,,,,0.0
2018-02-10,,,,,35.0,43.0,27.0,,,,,,0.0
2018-02-11,,,,,32.7,39.0,27.0,,,,,,0.11
2018-02-12,,,,,28.5,35.0,25.0,,,,,,0.25
2018-02-13,,,,,36.0,48.0,24.0,,,,,,0.0
2018-02-14,,,,,31.3,36.0,28.0,,,,,,0.08
2018-02-15,,,,,31.5,40.0,27.0,,,,,,0.1
2018-02-16,,,,,34.9,43.0,29.0,,,,,,0.01
2018-02-17,,,,,37.6,47.0,32.0,,,,,,0.02
2018-02-18,,,,,25.4,30.0,21.0,,,,,,0.03
2018-02-19,,,,,22.5,27.0,20.0,,,,,,0.04
2018-02-20,,,,,23.2,28.0,18.0,,,,,,0.03
2018-02-21,,,,,27.0,35.0,19.0,,,,,,0.2
2018-02-22,,,,,24.6,32.0,20.0,,,,,,0.15
2018-02-23,,,,,24.7,37.0,14.0,,,,,,0.59
2018-02-24,,,,,28.5,33.0,26.0,,,,,,0.12
2018-02-25,,,,,29.0,32.0,26.0,,,,,,0.06
2018-02-26,,,,,27.5,36.0,23.0,,,,,,0.4
2018-02-27,,,,,29.7,44.0,21.0,,,,,,0.28
2018-02-28,,,,,29.6,33.0,26.0,,,,,,0.01
2018-03-01,,,,,29.0,29.0,29.0,,,,,,0.0
2018-03-02,,,,,,,,,,,,,
2018-03-03,,,,,,,,,,,,,
2018-03-04,,,,,31.9,37.0,28.0,,,,,,0.42
2018-03-05,,,,,36.5,49.0,27.0,,,,,,0.01
2018-03-06,,,,,44.4,56.0,33.0,,,,,,0.0
2018-03-07,,,,,45.2,58.0,36.0,,,,,,0.07
2018-03-08,,,,,37.1,42.0,34.0,,,,,,0.14
2018-03-09,,,,,40.9,53.0,36.0,,,,,,0.13
2018-03-10,,,,,40.6,55.0,35.0,,,,,,0.03
2018-03-11,,,,,49.0,62.0,40.0,,,,,,0.0
2018-03-12,,,,,50.5,64.0,41.0,,,,,,0.0
2018-03-13,,,,,37.8,49.0,32.0,,,,,,0.62
2018-03-14,,,,,33.8,44.0,28.0,,,,,,0.08
2018-03-15,,,,,29.1,32.0,26.0,,,,,,0.15
2018-03-16,,,,,31.2,39.0,27.0,,,,,,0.1
2018-03-17,,,,,31.8,39.0,28.0,,,,,,0.19
2018-03-18,,,,,33.5,42.0,29.0,,,,,,0.02
2018-03-19,,,,,38.5,50.0,30.0,,,,,,0.0
2018-03-20,,,,,41.2,53.0,35.0,,,,,,0.02
2018-03-21,,,,,40.4,50.0,37.0,,,,,,0.52
2018-03-22,,,,,31.3,39.0,26.0,,,,,,0.69
2018-03-23,,,,,27.8,30.0,25.0,,,,,,0.0
2018-03-24,,,,,29.1,33.0,26.0,,,,,,0.25
2018-03-25,,,,,30.8,42.0,26.0,,,,,,0.06
2018-03-26,,,,,34.5,43.0,26.0,,,,,,0.0
2018-03-27,,,,,41.7,55.0,34.0,,,,,,0.0
2018-03-28,,,,,43.2,57.0,37.0,,,,,,0.0
2018-03-29,,,,,49.3,62.0,40.0,,,,,,0.0
2018-03-30,,,,,50.6,61.0,43.0,,,,,,0.0
2018-03-31,,,,,45.9,57.0,37.0,,,,,,0.0
2018-04-01,,,,,41.7,52.0,36.0,,,,,,0.06
2018-04-02,,,,,32.0,42.0,25.0,,,,,,0.11
2018-04-03,,,,,42.6,54.0,31.0,,,,,,0.0
2018-04-04,,,,,49.3,66.0,42.0,,,,,,0.02
2018-04-05,,,,,42.7,46.0,40.0,,,,,,0.45
2018-04-06,,,,,47.0,51.0,43.0,,,,,,0.08
2018-04-07,,,,,38.2,49.0,35.0,,,,,,0.65
2018-04-08,,,,,37.3,46.0,33.0,,,,,,0.25
2018-04-09,,,,,53.5,67.0,38.0,,,,,,0.0
2018-04-10,,,,,43.6,53.0,34.0,,,,,,0.03
2018-04-11,,,,,33.8,43.0,28.0,,,,,,0.12
2018-04-12,,,,,31.1,36.0,27.0,,,,,,0.18
2018-04-13,,,,,35.8,42.0,30.0,,,,,,0.0
2018-04-14,,,,,39.6,49.0,34.0,,,,,,0.0
2018-04-15,,,,,33.9,37.0,29.0,,,,,,0.21
2018-04-16,,,,,31.4,39.0,28.0,,,,,,0.25
2018-04-17,,,,,34.0,43.0,29.0,,,,,,0.04
2018-04-18,,,,,37.8,49.0,32.0,,,,,,0.0
2018-04-19,,,,,41.6,53.0,33.0,,,,,,0.0
2018-04-20,,,,,48.1,59.0,39.0,,,,,,0.0
2018-04-21,,,,,41.9,54.0,34.0,,,,,,0.0
2018-04-22,,,,,42.2,57.0,30.0,,,,,,0.0
2018-04-23,,,,,56.0,72.0,41.0,,,,,,0.0
2018-04-24,,,,,61.7,77.0,51.0,,,,,,0.0
2018-04-25,,,,,64.3,79.0,54.0,,,,,,0.0
2018-04-26,,,,,56.9,70.0,42.0,,,,,,0.0
2018-04-27,,,,,40.6,50.0,36.0,,,,,,0.13
2018-04-28,,,,,38.4,48.0,35.0,,,,,,0.68
2018-04-29,,,,,37.4,44.0,32.0,,,,,,0.21
2018-04-30,,,,,35.9,46.0,32.0,,,,,,0.09
2018-05-01,,,,,39.3,50.0,33.0,,,,,,0.0
2018-05-02,,,,,51.1,63.0,36.0,,,,,,0.0
2018-05-03,,,,,57.1,71.0,50.0,,,,,,0.0
2018-05-04,,,,,56.2,65.0,49.0,,,,,,0.0
2018-05-05,,,,,58.6,69.0,51.0,,,,,,0.0
2018-05-06,,,,,51.0,65.0,44.0,,,,,,0.04
2018-05-07,,,,,54.2,66.0,42.0,,,,,,0.0
2018-05-08,,,,,55.4,69.0,47.0,,,,,,0.05
2018-05-09,,,,,49.7,61.0,42.0,,,,,,0.0
2018-05-10,,,,,41.6,50.0,36.0,,,,,,0.04
2018-05-11,,,,,40.8,49.0,34.0,,,,,,0.0
2018-05-12,,,,,51.7,66.0,41.0,,,,,,0.0
2018-05-13,,,,,62.5,75.0,51.0,,,,,,0.0
2018-05-14,,,,,62.9,75.0,53.0,,,,,,0.0
2018-05-15,,,,,55.7,67.0,46.0,,,,,,0.0
2018-05-16,,,,,48.4,55.0,43.0,,,,,,0.0
2018-05-17,,,,,51.7,65.0,42.0,,,,,,0.0
2018-05-18,,,,,53.3,63.0,45.0,,,,,,0.01
2018-05-19,,,,,52.8,64.0,43.0,,,,,,0.0
2018-05-20,,,,,45.9,55.0,41.0,,,,,,0.01
2018-05-21,,,,,51.8,64.0,40.0,,,,,,0.0
2018-05-22,,,,,62.6,76.0,50.0,,,,,,0.0
2018-05-23,,,,,58.2,68.0,47.0,,,,,,0.0
2018-05-24,,,,,55.5,67.0,45.0,,,,,,0.03
2018-05-25,,,,,45.2,50.0,37.0,,,,,,0.1
2018-05-26,,,,,43.8,56.0,34.0,,,,,,0.0
2018-05-27,,,,,53.9,68.0,41.0,,,,,,0.0
2018-05-28,,,,,57.2,71.0,46.0,,,,,,0.0
2018-05-29,,,,,45.4,53.0,39.0,,,,,,0.0
2018-05-30,,,,,42.9,57.0,34.0,,,,,,0.0
2018-05-31,,,,,41.0,51.0,36.0,,,,,,0.01
2018-06-01,,,,,52.1,66.0,37.0,,,,,,0.0
2018-06-02,,,,,62.8,76.0,51.0,,,,,,0.0
2018-06-03,,,,,58.0,68.0,42.0,,,,,,0.0
2018-06-04,,,,,49.2,64.0,39.0,,,,,,0.0
2018-06-05,,,,,51.7,66.0,40.0,,,,,,0.0
2018-06-06,,,,,54.8,68.0,44.0,,,,,,0.0
2018-06-07,,,,,51.3,65.0,42.0,,,,,,0.0
2018-06-08,,,,,49.5,66.0,42.0,,,,,,0.32
2018-06-09,,,,,39.8,46.0,34.0,,,,,,0.28
2018-06-10,,,,,41.9,50.0,34.0,,,,,,0.02
2018-06-11,,,,,52.8,66.0,43.0,,,,,,0.0
2018-06-12,,,,,61.2,75.0,49.0,,,,,,0.0
2018-06-13,,,,,52.1,66.0,43.0,,,,,,0.0
2018-06-14,,,,,49.2,62.0,41.0,,,,,,0.0
2018-06-15,,,,,48.9,62.0,40.0,,,,,,0.0
2018-06-16,,,,,48.3,59.0,43.0,,,,,,0.0
2018-06-17,,,,,58.4,73.0,46.0,,,,,,0.07
2018-06-18,,,,,65.0,77.0,54.0,,,,,,0.0
2018-06-19,,,,,68.5,84.0,58.0,,,,,,0.0
2018-06-20,,,,,66.6,77.0,54.0,,,,,,0.0
2018-06-21,,,,,60.4,73.0,49.0,,,,,,0.0
2018-06-22,,,,,58.8,70.0,49.0,,,,,,0.0
2018-06-23,,,,,58.8,73.0,48.0,,,,,,0.0
2018-06-24,,,,,66.3,86.0,46.0,,,,,,0.0
2018-06-25,,,,,51.7,67.0,44.0,,,,,,0.0
2018-06-26,,,,,54.8,70.0,43.0,,,,,,0.01
2018-06-27,,,,,54.0,71.0,41.0,,,,,,0.0
2018-06-28,,,,,53.6,68.0,40.0,,,,,,0.0
2018-06-29,,,,,60.6,75.0,49.0,,,,,,0.0
2018-06-30,,,,,63.4,79.0,48.0,,,,,,0.0
2018-07-01,,,,,60.6,76.0,48.0,,,,,,0.0
2018-07-02,,,,,50.6,64.0,41.0,,,,,,0.0
2018-07-03,,,,,53.2,69.0,38.0,,,,,,0.0
2018-07-04,,,,,61.4,75.0,53.0,,,,,,0.0
2018-07-05,,,,,62.5,81.0,52.0,,,,,,0.0
2018-07-06,,,,,60.4,76.0,47.0,,,,,,0.0
2018-07-07,,,,,58.7,73.0,47.0,,,,,,0.01
2018-07-08,,,,,62.6,77.0,53.0,,,,,,0.0
2018-07-09,,,,,60.3,71.0,48.0,,,,,,0.0
2018-07-10,,,,,59.7,75.0,49.0,,,,,,0.0
2018-07-11,,,,,61.8,76.0,48.0,,,,,,0.0
2018-07-12,,,,,75.2,90.0,60.0,,,,,,0.0
2018-07-13,,,,,74.4,86.0,65.0,,,,,,0.0
2018-07-14,,,,,75.4,89.0,65.0,,,,,,0.0
2018-07-15,,,,,74.1,84.0,68.0,,,,,,0.01
2018-07-16,,,,,76.3,90.0,66.0,,,,,,0.0
2018-07-17,,,,,72.9,88.0,57.0,,,,,,0.0
2018-07-18,,,,,66.5,82.0,55.0,,,,,,0.0
2018-07-19,,,,,60.0,69.0,48.0,,,,,,0.0
2018-07-20,,,,,57.8,73.0,45.0,,,,,,0.0
2018-07-21,,,,,60.2,77.0,44.0,,,,,,0.0
2018-07-22,,,,,70.5,83.0,58.0,,,,,,0.0
2018-07-23,,,,,74.7,85.0,66.0,,,,,,0.0
2018-07-24,,,,,75.9,89.0,66.0,,,,,,0.0
2018-07-25,,,,,77.2,91.0,68.0,,,,,,0.0
2018-07-26,,,,,76.5,90.0,65.0,,,,,,0.0
2018-07-27,,,,,73.1,88.0,61.0,,,,,,0.0
2018-07-28,,,,,73.5,87.0,64.0,,,,,,0.0
2018-07-29,,,,,73.5,87.0,64.0,,,,,,0.0
2018-07-30,,,,,70.3,83.0,60.0,,,,,,0.0
2018-07-31,,,,,70.2,83.0,61.0,,,,,,0.0
2018-08-01,,,,,68.8,83.0,57.0,,,,,,0.0
2018-08-02,,,,,63.0,77.0,50.0,,,,,,0.0
2018-08-03,,,,,60.5,75.0,49.0,,,,,,0.0
2018-08-04,,,,,64.1,78.0,54.0,,,,,,0.0
2018-08-05,,,,,65.2,76.0,56.0,,,,,,0.0
2018-08-06,,,,,67.7,81.0,59.0,,,,,,0.0
2018-08-07,,,,,70.4,84.0,59.0,,,,,,0.0
2018-08-08,,,,,74.0,87.0,64.0,,,,,,0.0
2018-08-09,,,,,76.2,88.0,66.0,,,,,,0.0
2018-08-10,,,,,69.1,85.0,53.0,,,,,,0.0
2018-08-11,,,,,58.2,73.0,49.0,,,,,,0.0
2018-08-12,,,,,60.8,77.0,50.0,,,,,,0.01
2018-08-13,,,,,68.0,80.0,57.0,,,,,,0.0
2018-08-14,,,,,71.4,84.0,63.0,,,,,,0.0
2018-08-15,,,,,69.8,81.0,63.0,,,,,,0.0
2018-08-16,,,,,65.8,76.0,56.0,,,,,,0.0
2018-08-17,,,,,63.3,77.0,55.0,,,,,,0.0
2018-08-18,,,,,67.0,80.0,56.0,,,,,,0.0
2018-08-19,,,,,65.8,82.0,55.0,,,,,,0.0
2018-08-20,,,,,65.5,78.0,56.0,,,,,,0.0
2018-08-21,,,,,69.3,80.0,62.0,,,,,,0.0
2018-08-22,,,,,71.0,84.0,59.0,,,,,,0.0
2018-08-23,,,,,60.6,72.0,49.0,,,,,,0.0
2018-08-24,,,,,53.3,67.0,46.0,,,,,,0.01
2018-08-25,,,,,56.8,72.0,46.0,,,,,,0.0
2018-08-26,,,,,53.2,66.0,45.0,,,,,,0.0
2018-08-27,,,,,56.1,68.0,50.0,,,,,,0.12
2018-08-28,,,,,66.0,81.0,53.0,,,,,,0.0
2018-08-29,,,,,65.1,80.0,53.0,,,,,,0.0
2018-08-30,,,,,56.7,68.0,48.0,,,,,,0.0
2018-08-31,,,,,55.9,70.0,47.0,,,,,,0.0
2018-09-01,,,,,56.4,71.0,48.0,,,,,,0.0
2018-09-02,,,,,59.6,73.0,48.0,,,,,,0.0
2018-09-03,,,,,59.2,74.0,47.0,,,,,,0.0
2018-09-04,,,,,60.3,73.0,46.0,,,,,,0.0
2018-09-05,,,,,68.5,82.0,60.0,,,,,,0.0
2018-09-06,,,,,65.2,77.0,57.0,,,,,,0.0
2018-09-07,,,,,63.3,77.0,47.0,,,,,,0.0
2018-09-08,,,,,56.0,70.0,47.0,,,,,,0.0
2018-09-09,,,,,56.6,72.0,47.0,,,,,,0.0
2018-09-10,,,,,51.1,62.0,43.0,,,,,,0.05
2018-09-11,,,,,49.2,60.0,41.0,,,,,,0.0
2018-09-12,,,,,47.1,55.0,42.0,,,,,,0.01
2018-09-13,,,,,49.2,62.0,42.0,,,,,,0.01
2018-09-14,,,,,49.7,62.0,43.0,,,,,,0.0
2018-09-15,,,,,49.3,62.0,41.0,,,,,,0.0
2018-09-16,,,,,48.2,60.0,41.0,,,,,,0.0
2018-09-17,,,,,48.3,59.0,42.0,,,,,,0.01
2018-09-18,,,,,48.8,64.0,40.0,,,,,,0.0
2018-09-19,,,,,50.3,65.0,41.0,,,,,,0.01
2018-09-20,,,,,53.5,66.0,44.0,,,,,,0.0
2018-09-21,,,,,62.3,75.0,52.0,,,,,,0.0
2018-09-22,,,,,49.7,58.0,45.0,,,,,,0.04
2018-09-23,,,,,47.5,60.0,39.0,,,,,,0.0
2018-09-24,,,,,49.8,61.0,39.0,,,,,,0.0
2018-09-25,,,,,63.8,76.0,55.0,,,,,,0.0
2018-09-26,,,,,72.5,82.0,61.0,,,,,,0.0
2018-09-27,,,,,74.0,86.0,64.0,,,,,,0.0
2018-09-28,,,,,70.0,80.0,63.0,,,,,,0.0
2018-09-29,,,,,51.4,63.0,45.0,,,,,,0.53
2018-09-30,,,,,49.6,56.0,46.0,,,,,,0.02
2018-10-01,,,,,51.2,56.0,47.0,,,,,,0.04
2018-10-02,,,,,54.6,62.0,48.0,,,,,,0.0
2018-10-03,,,,,51.8,59.0,44.0,,,,,,0.0
2018-10-04,,,,,45.6,57.0,38.0,,,,,,0.0
2018-10-05,,,,,43.4,45.0,41.0,,,,,,0.29
2018-10-06,,,,,44.2,47.0,42.0,,,,,,0.04
2018-10-07,,,,,45.7,57.0,39.0,,,,,,0.02
2018-10-08,,,,,49.6,54.0,46.0,,,,,,0.34
2018-10-09,,,,,45.9,50.0,40.0,,,,,,0.07
2018-10-10,,,,,44.0,52.0,40.0,,,,,,0.01
2018-10-11,,,,,48.5,62.0,37.0,,,,,,0.0
2018-10-12,,,,,54.5,67.0,44.0,,,,,,0.0
2018-10-13,,,,,52.6,66.0,44.0,,,,,,0.0
2018-10-14,,,,,50.5,64.0,40.0,,,,,,0.0
2018-10-15,,,,,57.8,73.0,45.0,,,,,,0.0
2018-10-16,,,,,62.7,74.0,54.0,,,,,,0.0
2018-10-17,,,,,61.4,73.0,54.0,,,,,,0.0
2018-10-18,,,,,61.3,71.0,55.0,,,,,,0.0
2018-10-19,,,,,66.0,77.0,59.0,,,,,,0.0
2018-10-20,,,,,66.5,78.0,60.0,,,,,,0.0
2018-10-21,,,,,62.4,73.0,54.0,,,,,,0.0
2018-10-22,,,,,60.4,73.0,53.0,,,,,,0.0
2018-10-23,,,,,48.4,55.0,43.0,,,,,,0.03
2018-10-24,,,,,47.4,55.0,42.0,,,,,,0.0
2018-10-25,,,,,52.3,62.0,46.0,,,,,,0.0
2018-10-26,,,,,51.0,55.0,45.0,,,,,,0.25
2018-10-27,,,,,51.8,56.0,48.0,,,,,,0.29
2018-10-28,,,,,44.3,51.0,39.0,,,,,,0.2
2018-10-29,,,,,40.5,50.0,37.0,,,,,,0.1
2018-10-30,,,,,43.2,51.0,36.0,,,,,,0.01
2018-10-31,,,,,47.0,51.0,42.0,,,,,,0.07
2018-11-01,,,,,53.7,62.0,49.0,,,,,,0.04
2018-11-02,,,,,47.3,52.0,43.0,,,,,,0.02
2018-11-03,,,,,50.5,57.0,45.0,,,,,,0.01
2018-11-04,,,,,44.5,48.0,40.0,,,,,,0.06
2018-11-05,,,,,39.2,44.0,35.0,,,,,,0.03
2018-11-06,,,,,39.0,49.0,35.0,,,,,,0.01
2018-11-07,,,,,35.2,43.0,31.0,,,,,,0.0
2018-11-08,,,,,42.3,55.0,31.0,,,,,,0.0
2018-11-09,,,,,46.0,59.0,36.0,,,,,,0.0
2018-11-10,,,,,38.2,48.0,33.0,,,,,,0.0
2018-11-11,,,,,46.1,57.0,35.0,,,,,,0.0
2018-11-12,,,,,53.5,62.0,46.0,,,,,,0.0
2018-11-13,,,,,52.3,56.0,47.0,,,,,,0.0
2018-11-14,,,,,49.6,58.0,46.0,,,,,,0.0
2018-11-15,,,,,49.1,59.0,45.0,,,,,,0.0
2018-11-16,,,,,49.4,57.0,44.0,,,,,,0.0
2018-11-17,,,,,51.2,59.0,45.0,,,,,,0.0
2018-11-18,,,,,53.9,63.0,48.0,,,,,,0.0
2018-11-19,,,,,54.2,63.0,48.0,,,,,,0.0
2018-11-20,,,,,50.1,59.0,43.0,,,,,,0.0
2018-11-21,,,,,40.6,45.0,37.0,,,,,,1.14
2018-11-22,,,,,36.0,38.0,34.0,,,,,,0.49
2018-11-23,,,,,38.3,45.0,35.0,,,,,,0.53
2018-11-24,,,,,37.9,45.0,33.0,,,,,,0.01
2018-11-25,,,,,45.0,50.0,39.0,,,,,,0.0
2018-11-26,,,,,46.1,49.0,43.0,,,,,,0.04
2018-11-27,,,,,42.2,45.0,39.0,,,,,,0.62
2018-11-28,,,,,37.5,40.0,35.0,,,,,,0.14
2018-11-29,,,,,37.1,41.0,34.0,,,,,,0.28
2018-11-30,,,,,32.7,35.0,31.0,,,,,,0.09
2018-12-01,,,,,30.9,34.0,29.0,,,,,,0.0
2018-12-02,,,,,30.5,38.0,26.0,,,,,,0.32
2018-12-03,,,,,31.0,41.0,26.0,,,,,,0.2
2018-12-04,,,,,31.8,40.0,26.0,,,,,,0.08
2018-12-05,,,,,38.9,51.0,33.0,,,,,,0.02
2018-12-06,,,,,37.1,45.0,32.0,,,,,,0.0
2018-12-07,,,,,36.7,38.0,35.0,,,,,,0.09
2018-12-08,,,,,40.2,47.0,35.0,,,,,,0.0
2018-12-09,,,,,39.0,42.0,38.0,,,,,,0.23
2018-12-10,,,,,36.5,46.0,34.0,,,,,,0.01
2018-12-11,,,,,36.5,40.0,33.0,,,,,,0.29
2018-12-12,,,,,34.8,40.0,30.0,,,,,,0.08
2018-12-13,,,,,42.2,47.0,37.0,,,,,,0.0
2018-12-14,,,,,36.9,47.0,30.0,,,,,,0.15
2018-12-15,,,,,34.5,42.0,29.0,,,,,,0.14
2018-12-16,,,,,40.2,44.0,35.0,,,,,,0.64
2018-12-17,,,,,35.9,39.0,34.0,,,,,,0.01
2018-12-18,,,,,40.9,46.0,37.0,,,,,,1.15
2018-12-19,,,,,40.8,44.0,37.0,,,,,,0.01
2018-12-20,,,,,38.3,44.0,31.0,,,,,,0.83
2018-12-21,,,,,31.0,34.0,28.0,,,,,,0.02
2018-12-22,,,,,34.0,36.0,32.0,,,,,,0.0
2018-12-23,,,,,36.9,38.0,35.0,,,,,,0.15
2018-12-24,,,,,36.2,38.0,33.0,,,,,,0.57
2018-12-25,,,,,31.5,35.0,29.0,,,,,,0.05
2018-12-26,,,,,32.2,35.0,31.0,,,,,,0.13
2018-12-27,,,,,31.0,33.0,28.0,,,,,,0.12
2018-12-28,,,,,34.0,41.0,28.0,,,,,,0.01
2018-12-29,,,,,39.6,49.0,37.0,,,,,,0.1
2018-12-30,,,,,33.1,39.0,29.0,,,,,,0.26
2018-12-31,,,,,28.0,34.0,24.0,,,,,,0.09
2019-01-01,,,,,37.2,50.0,24.0,,,,,,0.0
2019-01-02,,,,,42.8,50.0,38.0,,,,,,0.0
2019-01-03,,,,,39.8,42.0,37.0,,,,,,0.0
2019-01-04,,,,,39.7,47.0,37.0,,,,,,0.0
2019-01-05,,,,,36.7,47.0,30.0,,,,,,0.11
2019-01-06,,,,,28.7,32.0,25.0,,,,,,0.0
2019-01-07,,,,,29.8,33.0,25.0,,,,,,0.17
2019-01-08,,,,,40.2,46.0,34.0,,,,,,0.26
2019-01-09,,,,,38.7,40.0,37.0,,,,,,0.49
2019-01-10,,,,,39.5,45.0,38.0,,,,,,0.01
2019-01-11,,,,,43.0,52.0,38.0,,,,,,0.0
2019-01-12,,,,,44.7,57.0,38.0,,,,,,0.0
2019-01-13,,,,,44.1,55.0,38.0,,,,,,0.0
2019-01-14,,,,,39.8,48.0,35.0,,,,,,0.0
2019-01-15,,,,,39.0,49.0,35.0,,,,,,0.0
2019-01-16,,,,,37.8,40.0,36.0,,,,,,0.43
2019-01-17,,,,,32.9,36.0,31.0,,,,,,0.27
2019-01-18,,,,,36.2,44.0,32.0,,,,,,1.02
2019-01-19,,,,,40.5,45.0,32.0,,,,,,1.55
2019-01-20,,,,,32.8,36.0,32.0,,,,,,0.84
2019-01-21,,,,,31.3,36.0,29.0,,,,,,0.27
2019-01-22,,,,,32.8,35.0,30.0,,,,,,0.03
2019-01-23,,,,,39.1,45.0,35.0,,,,,,0.07
2019-01-24,,,,,43.0,53.0,34.0,,,,,,0.0
2019-01-25,,,,,49.9,60.0,44.0,,,,,,0.0
2019-01-26,,,,,54.5,63.0,48.0,,,,,,0.0
2019-01-27,,,,,55.3,66.0,49.0,,,,,,0.0
2019-01-28,,,,,51.0,55.0,48.0,,,,,,0.0
2019-01-29,,,,,49.6,60.0,45.0,,,,,,0.0
2019-01-30,,,,,51.1,60.0,46.0,,,,,,0.0
2019-01-31,,,,,50.3,59.0,43.0,,,,,,0.0
2019-02-01,,,,,40.1,42.0,38.0,,,,,,0.29
2019-02-02,,,,,39.1,43.0,37.0,,,,,,0.52
2019-02-03,,,,,32.1,37.0,27.0,,,,,,0.4
2019-02-04,,,,,25.3,36.0,21.0,,,,,,0.14
2019-02-05,,,,,25.8,37.0,19.0,,,,,,0.1
2019-02-06,,,,,26.9,41.0,22.0,,,,,,0.16
2019-02-07,,,,,28.1,34.0,24.0,,,,,,0.06
2019-02-08,,,,,30.3,36.0,28.0,,,,,,0.15
2019-02-09,,,,,24.3,28.0,20.0,,,,,,0.0
2019-02-10,,,,,24.2,31.0,18.0,,,,,,0.1
2019-02-11,,,,,29.7,32.0,26.0,,,,,,0.04
2019-02-12,,,,,30.9,32.0,30.0,,,,,,0.04
2019-02-13,,,,,34.6,37.0,33.0,,,,,,1.02
2019-02-14,,,,,33.8,39.0,27.0,,,,,,0.51
2019-02-15,,,,,26.8,27.0,26.0,,,,,,0.0
2019-02-16,,,,,28.9,34.0,25.0,,,,,,0.26
2019-02-17,,,,,26.5,35.0,19.0,,,,,,0.18
2019-02-18,,,,,28.3,41.0,22.0,,,,,,0.18
2019-02-19,,,,,27.7,33.0,23.0,,,,,,0.07
2019-02-20,,,,,27.9,33.0,25.0,,,,,,0.14
2019-02-21,,,,,26.5,36.0,21.0,,,,,,0.26
2019-02-22,,,,,28.5,39.0,22.0,,,,,,0.1
2019-02-23,,,,,31.4,35.0,29.0,,,,,,0.06
2019-02-24,,,,,31.0,31.0,31.0,,,,,,0.0
2019-02-25,,,,,28.5,32.0,18.0,,,,,,0.2
2019-02-26,,,,,26.9,32.0,21.0,,,,,,0.05
2019-02-27,,,,,28.8,32.0,22.0,,,,,,0.0
2019-02-28,,,,,27.7,35.0,22.0,,,,,,0.13
2019-03-01,,,,,30.5,38.0,28.0,,,,,,0.4
2019-03-02,,,,,35.0,47.0,28.0,,,,,,0.27
2019-03-03,,,,,41.4,58.0,34.0,,,,,,0.0
2019-03-04,,,,,35.2,47.0,29.0,,,,,,0.0
2019-03-05,,,,,34.6,41.0,32.0,,,,,,0.02
2019-03-06,,,,,31.8,39.0,24.0,,,,,,0.61
2019-03-07,,,,,28.5,39.0,23.0,,,,,,0.07
2019-03-08,,,,,29.0,42.0,22.0,,,,,,0.05
2019-03-09,,,,,32.8,46.0,24.0,,,,,,0.0
2019-03-10,,,,,35.0,49.0,25.0,,,,,,0.0
2019-03-11,,,,,42.2,55.0,33.0,,,,,,0.0
2019-03-12,,,,,31.1,36.0,27.0,,,,,,0.29
2019-03-13,,,,,33.7,48.0,28.0,,,,,,0.03
2019-03-14,,,,,43.1,58.0,33.0,,,,,,0.0
2019-03-15,,,,,50.0,63.0,41.0,,,,,,0.0
2019-03-16,,,,,50.8,63.0,42.0,,,,,,0.0
2019-03-17,,,,,53.5,67.0,45.0,,,,,,0.0
2019-03-18,,,,,54.7,69.0,43.0,,,,,,0.0
2019-03-19,,,,,53.9,66.0,46.0,,,,,,0.0
2019-03-20,,,,,46.4,60.0,37.0,,,,,,0.0
2019-03-21,,,,,42.5,59.0,34.0,,,,,,0.0
2019-03-22,,,,,37.4,41.0,35.0,,,,,,0.42
2019-03-23,,,,,36.4,50.0,32.0,,,,,,0.08
2019-03-24,,,,,41.3,55.0,31.0,,,,,,0.0
2019-03-25,,,,,35.4,40.0,32.0,,,,,,0.15
2019-03-26,,,,,38.8,50.0,30.0,,,,,,0.0
2019-03-27,,,,,36.6,42.0,32.0,,,,,,0.17
2019-03-28,,,,,37.7,47.0,32.0,,,,,,0.02
2019-03-29,,,,,36.0,43.0,33.0,,,,,,0.23
2019-03-30,,,,,44.6,59.0,32.0,,,,,,0.03
2019-03-31,,,,,50.6,62.0,42.0,,,,,,0.0
2019-04-01,,,,,43.7,49.0,40.0,,,,,,0.42
2019-04-02,,,,,43.8,53.0,41.0,,,,,,0.42
2019-04-03,,,,,42.8,47.0,40.0,,,,,,0.07
2019-04-04,,,,,43.2,53.0,39.0,,,,,,0.22
2019-04-05,,,,,39.1,46.0,36.0,,,,,,0.44
2019-04-06,,,,,39.8,46.0,34.0,,,,,,0.3
2019-04-07,,,,,46.0,48.0,45.0,,,,,,2.06
2019-04-08,,,,,43.0,47.0,36.0,,,,,,1.04
2019-04-09,,,,,35.2,40.0,33.0,,,,,,0.24
2019-04-10,,,,,36.1,43.0,32.0,,,,,,0.03
2019-04-11,,,,,35.9,37.0,34.0,,,,,,0.15
2019-04-12,,,,,41.5,50.0,37.0,,,,,,0.0
2019-04-13,,,,,42.2,54.0,36.0,,,,,,0.1
2019-04-14,,,,,34.4,40.0,31.0,,,,,,0.09
2019-04-15,,,,,33.7,37.0,30.0,,,,,,0.18
2019-04-16,,,,,40.2,48.0,35.0,,,,,,0.02
2019-04-17,,,,,49.2,61.0,39.0,,,,,,0.0
2019-04-18,,,,,60.7,72.0,52.0,,,,,,0.0
2019-04-19,,,,,52.8,67.0,42.0,,,,,,0.05
2019-04-20,,,,,39.0,41.0,35.0,,,,,,0.52
2019-04-21,,,,,40.9,51.0,34.0,,,,,,0.01
2019-04-22,,,,,53.9,67.0,39.0,,,,,,0.0
2019-04-23,,,,,56.7,68.0,48.0,,,,,,0.0
2019-04-24,,,,,47.0,56.0,41.0,,,,,,0.01
2019-04-25,,,,,54.6,65.0,45.0,,,,,,0.0
2019-04-26,,,,,48.6,60.0,38.0,,,,,,0.0
2019-04-27,,,,,41.0,55.0,29.0,,,,,,0.0
2019-04-28,,,,,41.9,57.0,28.0,,,,,,0.0
2019-04-29,,,,,44.8,58.0,32.0,,,,,,0.0
2019-04-30,,,,,45.8,59.0,35.0,,,,,,0.0
2019-05-01,,,,,46.8,60.0,35.0,,,,,,0.0
2019-05-02,,,,,45.5,59.0,34.0,,,,,,0.0
2019-05-03,,,,,52.3,65.0,40.0,,,,,,0.0
2019-05-04,,,,,56.2,69.0,47.0,,,,,,0.0
2019-05-05,,,,,55.9,70.0,47.0,,,,,,0.0
2019-05-06,,,,,56.2,71.0,44.0,,,,,,0.0
2019-05-07,,,,,55.2,69.0,42.0,,,,,,0.0
2019-05-08,,,,,55.3,68.0,44.0,,,,,,0.0
2019-05-09,,,,,62.7,78.0,49.0,,,,,,0.0
2019-05-10,,,,,66.0,81.0,54.0,,,,,,0.0
2019-05-11,,,,,63.3,75.0,51.0,,,,,,0.0
2019-05-12,,,,,56.4,68.0,47.0,,,,,,0.0
2019-05-13,,,,,53.8,67.0,46.0,,,,,,0.0
2019-05-14,,,,,45.1,49.0,41.0,,,,,,0.07
2019-05-15,,,,,47.1,52.0,44.0,,,,,,0.32
2019-05-16,,,,,43.4,56.0,37.0,,,,,,0.54
2019-05-17,,,,,41.9,52.0,38.0,,,,,,0.03
2019-05-18,,,,,42.9,50.0,37.0,,,,,,0.31
2019-05-19,,,,,41.4,50.0,35.0,,,,,,0.09
2019-05-20,,,,,42.2,55.0,34.0,,,,,,0.04
2019-05-21,,,,,39.5,47.0,35.0,,,,,,0.37
2019-05-22,,,,,44.7,52.0,40.0,,,,,,0.03
2019-05-23,,,,,49.7,62.0,42.0,,,,,,0.02
2019-05-24,,,,,47.1,58.0,36.0,,,,,,0.0
2019-05-25,,,,,38.6,46.0,35.0,,,,,,0.52
2019-05-26,,,,,42.3,50.0,34.0,,,,,,0.13
2019-05-27,,,,,47.8,54.0,42.0,,,,,,0.0
2019-05-28,,,,,51.8,63.0,44.0,,,,,,0.0
2019-05-29,,,,,55.8,67.0,45.0,,,,,,0.0
2019-05-30,,,,,57.2,71.0,46.0,,,,,,0.0
2019-05-31,,,,,59.8,73.0,48.0,,,,,,0.0
2019-06-01,,,,,61.3,75.0,51.0,,,,,,0.0
2019-06-02,,,,,62.1,76.0,48.0,,,,,,0.0
2019-06-03,,,,,57.4,71.0,47.0,,,,,,0.0
2019-06-04,,,,,59.3,73.0,45.0,,,,,,0.0
2019-06-05,,,,,56.4,71.0,44.0,,,,,,0.0
2019-06-06,,,,,42.6,51.0,35.0,,,,,,0.19
2019-06-07,,,,,41.1,51.0,35.0,,,,,,0.2
2019-06-08,,,,,49.3,63.0,36.0,,,,,,0.0
2019-06-09,,,,,61.2,74.0,48.0,,,,,,0.0
2019-06-10,,,,,66.3,76.0,54.0,,,,,,0.0
2019-06-11,,,,,75.2,90.0,62.0,,,,,,0.0
2019-06-12,,,,,76.0,88.0,65.0,,,,,,0.0
2019-06-13,,,,,67.8,81.0,52.0,,,,,,0.0
2019-06-14,,,,,61.1,74.0,50.0,,,,,,0.0
2019-06-15,,,,,63.0,77.0,53.0,,,,,,0.0
2019-06-16,,,,,61.2,76.0,50.0,,,,,,0.0
2019-06-17,,,,,61.6,76.0,48.0,,,,,,0.0
2019-06-18,,,,,61.2,74.0,50.0,,,,,,0.0
2019-06-19,,,,,53.0,68.0,42.0,,,,,,0.0
2019-06-20,,,,,48.0,60.0,37.0,,,,,,0.0
2019-06-21,,,,,49.0,61.0,39.0,,,,,,0.0
2019-06-22,,,,,56.2,72.0,43.0,,,,,,0.0
2019-06-23,,,,,56.5,70.0,44.0,,,,,,0.0
2019-06-24,,,,,55.7,69.0,45.0,,,,,,0.0
2019-06-25,,,,,52.5,64.0,42.0,,,,,,0.0
2019-06-26,,,,,48.2,57.0,40.0,,,,,,0.01
2019-06-27,,,,,46.2,53.0,40.0,,,,,,0.12
2019-06-28,,,,,51.2,64.0,41.0,,,,,,0.01
2019-06-29,,,,,54.7,69.0,44.0,,,,,,0.0
2019-06-30,,,,,59.1,72.0,47.0,,,,,,0.0
2019-07-01,,,,,51.2,57.0,47.0,,,,,,0.09
2019-07-02,,,,,51.5,62.0,45.0,,,,,,0.04
2019-07-03,,,,,55.3,68.0,46.0,,,,,,0.0
2019-07-04,,,,,61.7,77.0,48.0,,,,,,0.0
2019-07-05,,,,,62.0,72.0,49.0,,,,,,0.0
2019-07-06,,,,,53.6,66.0,46.0,,,,,,0.0
2019-07-07,,,,,56.0,70.0,45.0,,,,,,0.0
2019-07-08,,,,,59.7,74.0,48.0,,,,,,0.0
2019-07-09,,,,,58.7,66.0,54.0,,,,,,0.0
2019-07-10,,,,,59.8,74.0,53.0,,,,,,0.0
2019-07-11,,,,,60.5,73.0,52.0,,,,,,0.0
2019-07-12,,,,,60.3,72.0,51.0,,,,,,0.0
2019-07-13,,,,,60.9,74.0,49.0,,,,,,0.0
2019-07-14,,,,,62.2,76.0,52.0,,,,,,0.0
2019-07-15,,,,,58.9,71.0,49.0,,,,,,0.0
2019-07-16,,,,,57.8,70.0,50.0,,,,,,0.0
2019-07-17,,,,,60.2,76.0,49.0,,,,,,0.0
2019-07-18,,,,,53.5,59.0,47.0,,,,,,0.29
2019-07-19,,,,,53.8,68.0,44.0,,,,,,0.01
2019-07-20,,,,,59.1,74.0,44.0,,,,,,0.0
2019-07-21,,,,,63.6,78.0,53.0,,,,,,0.0
2019-07-22,,,,,62.7,78.0,53.0,,,,,,0.0
2019-07-23,,,,,58.0,72.0,45.0,,,,,,0.0
2019-07-24,,,,,58.3,75.0,45.0,,,,,,0.0
2019-07-25,,,,,66.2,79.0,53.0,,,,,,0.0
2019-07-26,,,,,66.8,82.0,54.0,,,,,,0.0
2019-07-27,,,,,63.7,79.0,52.0,,,,,,0.0
2019-07-28,,,,,62.5,77.0,53.0,,,,,,0.0
2019-07-29,,,,,58.8,74.0,49.0,,,,,,0.0
2019-07-30,,,,,56.5,69.0,46.0,,,,,,0.0
2019-07-31,,,,,63.7,79.0,52.0,,,,,,0.0
2019-08-01,,,,,66.2,82.0,55.0,,,,,,0.0
2019-08-02,,,,,64.3,79.0,53.0,,,,,,0.0
2019-08-03,,,,,67.5,82.0,58.0,,,,,,0.0
2019-08-04,,,,,68.5,82.0,59.0,,,,,,0.0
2019-08-05,,,,,68.2,80.0,59.0,,,,,,0.0
2019-08-06,,,,,66.7,76.0,58.0,,,,,,0.0
2019-08-07,,,,,61.2,70.0,50.0,,,,,,0.0
2019-08-08,,,,,52.0,63.0,47.0,,,,,,0.05
2019-08-09,,,,,53.9,68.0,47.0,,,,,,0.08
2019-08-10,,,,,52.7,63.0,45.0,,,,,,0.41
2019-08-11,,,,,55.1,68.0,45.0,,,,,,0.01
2019-08-12,,,,,63.6,77.0,54.0,,,,,,0.0
2019-08-13,,,,,65.4,78.0,55.0,,,,,,0.0
2019-08-14,,,,,65.4,80.0,55.0,,,,,,0.0
2019-08-15,,,,,64.0,77.0,53.0,,,,,,0.0
2019-08-16,,,,,59.2,73.0,49.0,,,,,,0.0
2019-08-17,,,,,58.9,73.0,47.0,,,,,,0.0
2019-08-18,,,,,63.7,77.0,54.0,,,,,,0.0
2019-08-19,,,,,62.8,74.0,52.0,,,,,,0.0
2019-08-20,,,,,65.3,78.0,58.0,,,,,,0.0
2019-08-21,,,,,56.7,61.0,52.0,,,,,,0.55
2019-08-22,,,,,54.3,60.0,50.0,,,,,,0.47
2019-08-23,,,,,63.4,76.0,54.0,,,,,,0.0
2019-08-24,,,,,64.0,76.0,54.0,,,,,,0.0
2019-08-25,,,,,60.4,73.0,51.0,,,,,,0.0
2019-08-26,,,,,65.8,76.0,51.0,,,,,,0.0
2019-08-27,,,,,78.6,91.0,68.0,,,,,,0.0
2019-08-28,,,,,75.5,86.0,70.0,,,,,,0.02
2019-08-29,,,,,67.3,79.0,54.0,,,,,,0.0
2019-08-30,,,,,61.8,73.0,53.0,,,,,,0.01
2019-08-31,,,,,65.6,78.0,55.0,,,,,,0.0
2019-09-01,,,,,61.0,75.0,52.0,,,,,,0.0
2019-09-02,,,,,61.0,75.0,52.0,,,,,,0.0
2019-09-03,,,,,61.1,71.0,53.0,,,,,,0.0
2019-09-04,,,,,63.8,73.0,53.0,,,,,,0.0
2019-09-05,,,,,68.3,85.0,57.0,,,,,,0.06
2019-09-06,,,,,58.3,67.0,52.0,,,,,,0.01
2019-09-07,,,,,52.2,57.0,47.0,,,,,,0.04
2019-09-08,,,,,50.2,57.0,46.0,,,,,,0.19
2019-09-09,,,,,48.4,55.0,45.0,,,,,,0.12
2019-09-10,,,,,49.7,57.0,45.0,,,,,,0.17
2019-09-11,,,,,54.4,66.0,46.0,,,,,,0.01
2019-09-12,,,,,62.4,77.0,53.0,,,,,,0.0
2019-09-13,,,,,59.2,72.0,50.0,,,,,,0.0
2019-09-14,,,,,59.7,70.0,52.0,,,,,,0.0
2019-09-15,,,,,48.5,56.0,44.0,,,,,,0.79
2019-09-16,,,,,45.2,50.0,42.0,,,,,,0.05
2019-09-17,,,,,44.8,48.0,42.0,,,,,,0.24
2019-09-18,,,,,45.2,48.0,44.0,,,,,,0.63
2019-09-19,,,,,46.9,54.0,44.0,,,,,,0.03
2019-09-20,,,,,48.7,55.0,44.0,,,,,,0.0
2019-09-21,,,,,54.5,64.0,45.0,,,,,,0.01
2019-09-22,,,,,50.1,58.0,45.0,,,,,,0.19
2019-09-23,,,,,50.5,59.0,44.0,,,,,,0.01
2019-09-24,,,,,58.4,67.0,52.0,,,,,,0.0
2019-09-25,,,,,54.9,61.0,49.0,,,,,,0.0
2019-09-26,,,,,58.3,67.0,51.0,,,,,,0.22
2019-09-27,,,,,45.9,52.0,40.0,,,,,,0.25
2019-09-28,,,,,37.2,41.0,34.0,,,,,,0.17
2019-09-29,,,,,34.5,37.0,32.0,,,,,,0.1
2019-09-30,,,,,36.7,43.0,33.0,,,,,,0.0
2019-10-01,,,,,41.8,51.0,34.0,,,,,,0.01
2019-10-02,,,,,44.5,53.0,39.0,,,,,,0.07
2019-10-03,,,,,40.7,49.0,37.0,,,,,,0.14
2019-10-04,,,,,41.9,52.0,37.0,,,,,,0.01
2019-10-05,,,,,46.8,54.0,41.0,,,,,,0.0
2019-10-06,,,,,56.1,66.0,46.0,,,,,,0.0
2019-10-07,,,,,56.1,65.0,47.0,,,,,,0.0
2019-10-08,,,,,42.6,48.0,31.0,,,,,,0.05
2019-10-09,,,,,35.8,45.0,29.0,,,,,,0.0
2019-10-10,,,,,46.1,60.0,31.0,,,,,,0.0
2019-10-11,,,,,54.2,65.0,45.0,,,,,,0.0
2019-10-12,,,,,55.0,61.0,49.0,,,,,,0.0
2019-10-13,,,,,47.8,55.0,40.0,,,,,,0.0
2019-10-14,,,,,49.5,61.0,39.0,,,,,,0.0
2019-10-15,,,,,54.5,63.0,49.0,,,,,,0.0
2019-10-16,,,,,46.0,51.0,39.0,,,,,,0.23
2019-10-17,,,,,39.3,42.0,37.0,,,,,,0.06
2019-10-18,,,,,40.2,45.0,38.0,,,,,,0.05
2019-10-19,,,,,38.8,42.0,36.0,,,,,,0.16
2019-10-20,,,,,42.2,48.0,37.0,,,,,,0.0
2019-10-21,,,,,49.4,61.0,42.0,,,,,,0.0
2019-10-22,,,,,48.9,54.0,46.0,,,,,,0.01
2019-10-23,,,,,50.6,59.0,43.0,,,,,,0.0
2019-10-24,,,,,60.8,71.0,52.0,,,,,,0.0
2019-10-25,,,,,55.1,62.0,37.0,,,,,,0.01
2019-10-26,,,,,34.6,40.0,31.0,,,,,,0.01
2019-10-27,,,,,37.3,46.0,31.0,,,,,,0.0
2019-10-28,,,,,39.8,51.0,32.0,,,,,,0.0
2019-10-29,,,,,36.9,49.0,28.0,,,,,,0.0
2019-10-30,,,,,44.3,54.0,32.0,,,,,,0.0
2019-10-31,,,,,50.2,58.0,46.0,,,,,,0.0
2019-11-01,,,,,55.4,65.0,48.0,,,,,,0.0
2019-11-02,,,,,58.2,66.0,53.0,,,,,,0.0
2019-11-03,,,,,53.8,60.0,47.0,,,,,,0.0
2019-11-04,,,,,61.3,71.0,52.0,,,,,,0.0
2019-11-05,,,,,62.9,73.0,55.0,,,,,,0.0
2019-11-06,,,,,57.4,65.0,53.0,,,,,,0.0
2019-11-07,,,,,59.3,67.0,54.0,,,,,,0.0
2019-11-08,,,,,59.4,68.0,56.0,,,,,,0.0
2019-11-09,,,,,54.9,64.0,50.0,,,,,,0.0
2019-11-10,,,,,55.2,63.0,49.0,,,,,,0.0
2019-11-11,,,,,57.6,62.0,51.0,,,,,,0.0
2019-11-12,,,,,53.1,59.0,47.0,,,,,,0.0
2019-11-13,,,,,56.3,62.0,51.0,,,,,,0.0
2019-11-14,,,,,51.4,59.0,43.0,,,,,,0.0
2019-11-15,,,,,44.8,48.0,41.0,,,,,,0.1
2019-11-16,,,,,49.2,58.0,41.0,,,,,,0.01
2019-11-17,,,,,56.0,62.0,51.0,,,,,,0.0
2019-11-18,,,,,50.4,56.0,38.0,,,,,,0.09
2019-11-19,,,,,37.1,41.0,34.0,,,,,,0.26
2019-11-20,,,,,35.2,38.0,33.0,,,,,,0.0
2019-11-21,,,,,40.8,49.0,33.0,,,,,,0.0
2019-11-22,,,,,42.2,49.0,37.0,,,,,,0.0
2019-11-23,,,,,46.4,54.0,41.0,,,,,,0.0
2019-11-24,,,,,38.7,45.0,29.0,,,,,,0.01
2019-11-25,,,,,30.1,33.0,28.0,,,,,,0.12
2019-11-26,,,,,26.5,28.0,26.0,,,,,,0.0
2019-11-27,,,,,25.6,30.0,23.0,,,,,,0.02
2019-11-28,,,,,26.5,35.0,21.0,,,,,,0.61
2019-11-29,,,,,26.0,32.0,22.0,,,,,,0.12
2019-11-30,,,,,27.3,31.0,23.0,,,,,,0.0
2019-12-01,,,,,34.8,40.0,31.0,,,,,,0.11
2019-12-02,,,,,43.8,53.0,36.0,,,,,,0.0
2019-12-03,,,,,46.6,54.0,43.0,,,,,,0.0
2019-12-04,,,,,46.3,54.0,41.0,,,,,,0.0
2019-12-05,,,,,42.7,50.0,40.0,,,,,,0.0
2019-12-06,,,,,41.5,47.0,38.0,,,,,,0.46
2019-12-07,,,,,38.1,43.0,35.0,,,,,,0.64
2019-12-08,,,,,37.2,40.0,35.0,,,,,,0.01
2019-12-09,,,,,42.0,49.0,37.0,,,,,,0.0
2019-12-10,,,,,36.5,42.0,32.0,,,,,,0.41
2019-12-11,,,,,37.0,43.0,35.0,,,,,,0.17
2019-12-12,,,,,38.6,42.0,36.0,,,,,,0.06
2019-12-13,,,,,32.4,37.0,31.0,,,,,,0.19
2019-12-14,,,,,28.8,31.0,28.0,,,,,,0.01
2019-12-15,,,,,30.1,33.0,28.0,,,,,,0.12
2019-12-16,,,,,33.2,40.0,28.0,,,,,,0.46
2019-12-17,,,,,33.8,36.0,32.0,,,,,,0.04
2019-12-18,,,,,34.4,36.0,32.0,,,,,,0.08
2019-12-19,,,,,39.7,43.0,35.0,,,,,,0.46
2019-12-20,,,,,42.0,44.0,41.0,,,,,,0.08
2019-12-21,,,,,38.4,44.0,35.0,,,,,,0.55
2019-12-22,,,,,32.3,35.0,29.0,,,,,,0.27
2019-12-23,,,,,29.4,32.0,27.0,,,,,,0.16
2019-12-24,,,,,27.0,28.0,25.0,,,,,,0.0
2019-12-25,,,,,30.7,39.0,27.0,,,,,,0.06
2019-12-26,,,,,30.5,39.0,24.0,,,,,,0.01
2019-12-27,,,,,32.3,37.0,29.0,,,,,,0.02
2019-12-28,,,,,43.2,50.0,37.0,,,,,,0.0
2019-12-29,,,,,36.2,40.0,33.0,,,,,,0.24
2019-12-30,,,,,34.9,39.0,33.0,,,,,,0.02
2019-12-31,,,,,42.8,51.0,35.0,,,,,,0.35
2020-01-01,,,,,38.5,42.0,34.0,,,,,,0.16
2020-01-02,,,,,36.1,40.0,31.0,,,,,,0.0
2020-01-03,,,,,43.3,50.0,34.0,,,,,,0.11
2020-01-04,,,,,30.8,33.0,29.0,,,,,,0.13
2020-01-05,,,,,30.3,33.0,29.0,,,,,,0.06
2020-01-06,,,,,31.9,35.0,29.0,,,,,,0.03
2020-01-07,,,,,33.5,35.0,31.0,,,,,,0.25
2020-01-08,,,,,32.0,34.0,31.0,,,,,,0.06
2020-01-09,,,,,29.3,35.0,25.0,,,,,,0.27
2020-01-10,,,,,30.5,35.0,28.0,,,,,,0.13
2020-01-11,,,,,29.5,32.0,28.0,,,,,,0.0
2020-01-12,,,,,29.2,32.0,25.0,,,,,,0.03
2020-01-13,,,,,26.4,27.0,25.0,,,,,,0.0
2020-01-14,,,,,,,,,,,,,
2020-01-15,,,,,,,,,,,,,
2020-01-16,,,,,26.5,32.0,23.0,,,,,,0.07
2020-01-17,,,,,25.0,25.0,25.0,,,,,,0.0
2020-01-18,,,,,35.6,39.0,32.0,,,,,,0.71
2020-01-19,,,,,42.8,50.0,37.0,,,,,,0.0
2020-01-20,,,,,40.7,44.0,37.0,,,,,,0.0
2020-01-21,,,,,31.8,36.0,29.0,,,,,,0.35
2020-01-22,,,,,35.5,40.0,32.0,,,,,,0.05
2020-01-23,,,,,40.9,43.0,39.0,,,,,,0.35
2020-01-24,,,,,37.5,40.0,36.0,,,,,,0.05
2020-01-25,,,,,41.5,43.0,38.0,,,,,,0.67
2020-01-26,,,,,36.2,41.0,33.0,,,,,,0.09
2020-01-27,,,,,37.5,40.0,35.0,,,,,,0.43
2020-01-28,,,,,35.7,39.0,33.0,,,,,,0.23
2020-01-29,,,,,36.7,39.0,34.0,,,,,,0.22
2020-01-30,,,,,40.0,43.0,37.0,,,,,,0.01
2020-01-31,,,,,44.2,47.0,42.0,,,,,,0.01
2020-02-01,,,,,39.0,44.0,30.0,,,,,,0.19
2020-02-02,,,,,26.7,31.0,23.0,,,,,,0.15
2020-02-03,,,,,25.2,30.0,23.0,,,,,,0.06
2020-02-04,,,,,27.1,34.0,21.0,,,,,,0.0
2020-02-05,,,,,35.1,39.0,30.0,,,,,,0.03
2020-02-06,,,,,38.9,43.0,36.0,,,,,,0.01
2020-02-07,,,,,37.3,47.0,34.0,,,,,,0.03
2020-02-08,,,,,29.8,33.0,27.0,,,,,,0.17
2020-02-09,,,,,29.9,39.0,25.0,,,,,,0.02
2020-02-10,,,,,36.8,47.0,27.0,,,,,,0.0
2020-02-11,,,,,42.3,50.0,33.0,,,,,,0.0
2020-02-12,,,,,39.2,49.0,29.0,,,,,,0.0
2020-02-13,,,,,39.8,49.0,32.0,,,,,,0.01
2020-02-14,,,,,30.5,35.0,26.0,,,,,,0.01
2020-02-15,,,,,33.2,36.0,29.0,,,,,,0.1
2020-02-16,,,,,34.8,41.0,30.0,,,,,,0.3
2020-02-17,,,,,30.6,38.0,26.0,,,,,,0.0
2020-02-18,,,,,36.0,45.0,29.0,,,,,,0.0
2020-02-19,,,,,41.2,54.0,31.0,,,,,,0.0
2020-02-20,,,,,44.6,54.0,38.0,,,,,,0.0
2020-02-21,,,,,46.5,54.0,40.0,,,,,,0.0
2020-02-22,,,,,42.5,52.0,37.0,,,,,,0.0
2020-02-23,,,,,33.5,39.0,25.0,,,,,,0.16
2020-02-24,,,,,34.5,45.0,23.0,,,,,,0.02
2020-02-25,,,,,47.6,58.0,40.0,,,,,,0.0
2020-02-26,,,,,42.8,51.0,37.0,,,,,,0.0
2020-02-27,,,,,51.1,61.0,40.0,,,,,,0.0
2020-02-28,,,,,45.5,56.0,30.0,,,,,,0.0
2020-02-29,,,,,29.0,35.0,26.0,,,,,,0.08
2020-03-01,,,,,26.8,34.0,23.0,,,,,,0.11
2020-03-02,,,,,33.7,42.0,25.0,,,,,,0.0
2020-03-03,,,,,43.3,55.0,36.0,,,,,,0.0
2020-03-04,,,,,45.4,57.0,36.0,,,,,,0.0
2020-03-05,,,,,46.0,60.0,36.0,,,,,,0.0
2020-03-06,,,,,36.0,42.0,30.0,,,,,,0.01
2020-03-07,,,,,29.7,34.0,26.0,,,,,,0.28
2020-03-08,,,,,30.7,34.0,27.0,,,,,,0.09
2020-03-09,,,,,35.9,43.0,31.0,,,,,,0.08
2020-03-10,,,,,42.1,51.0,34.0,,,,,,0.0
2020-03-11,,,,,39.7,48.0,30.0,,,,,,0.0
2020-03-12,,,,,34.9,45.0,28.0,,,,,,0.0
2020-03-13,,,,,35.9,48.0,27.0,,,,,,0.0
2020-03-14,,,,,26.8,30.0,24.0,,,,,,0.16
2020-03-15,,,,,27.5,35.0,24.0,,,,,,0.02
2020-03-16,,,,,32.8,43.0,23.0,,,,,,0.23
2020-03-17,,,,,36.0,44.0,30.0,,,,,,0.0
2020-03-18,,,,,34.5,44.0,28.0,,,,,,0.0
2020-03-19,,,,,41.6,53.0,34.0,,,,,,0.0
2020-03-20,,,,,42.4,54.0,34.0,,,,,,0.0
2020-03-21,,,,,44.6,56.0,37.0,,,,,,0.0
2020-03-22,,,,,46.5,59.0,35.0,,,,,,0.0
2020-03-23,,,,,31.7,37.0,29.0,,,,,,0.09
2020-03-24,,,,,29.5,34.0,26.0,,,,,,0.24
2020-03-25,,,,,28.9,37.0,26.0,,,,,,0.17
2020-03-26,,,,,30.5,40.0,26.0,,,,,,0.03
2020-03-27,,,,,33.8,41.0,28.0,,,,,,0.0
2020-03-28,,,,,35.3,40.0,32.0,,,,,,0.04
2020-03-29,,,,,36.8,43.0,34.0,,,,,,0.02
2020-03-30,,,,,35.7,39.0,32.0,,,,,,0.39
2020-03-31,,,,,32.3,36.0,26.0,,,,,,0.44
2020-04-01,,,,,28.6,32.0,25.0,,,,,,0.13
2020-04-02,,,,,30.6,38.0,24.0,,,,,,0.02
2020-04-03,,,,,31.9,41.0,24.0,,,,,,0.02
2020-04-04,,,,,32.3,36.0,29.0,,,,,,0.19
2020-04-05,,,,,37.0,48.0,31.0,,,,,,0.11
2020-04-06,,,,,35.9,44.0,31.0,,,,,,0.24
2020-04-07,,,,,40.9,51.0,35.0,,,,,,0.0
2020-04-08,,,,,48.8,60.0,36.0,,,,,,0.0
2020-04-09,,,,,55.8,65.0,46.0,,,,,,0.0
2020-04-10,,,,,49.2,61.0,42.0,,,,,,0.0
2020-04-11,,,,,44.7,56.0,35.0,,,,,,0.0
2020-04-12,,,,,43.5,57.0,34.0,,,,,,0.0
2020-04-13,,,,,44.2,57.0,34.0,,,,,,0.0
2020-04-14,,,,,47.9,60.0,39.0,,,,,,0.0
2020-04-15,,,,,45.5,56.0,39.0,,,,,,0.0
2020-04-16,,,,,48.2,62.0,36.0,,,,,,0.0
2020-04-17,,,,,52.9,68.0,41.0,,,,,,0.0
2020-04-18,,,,,42.8,55.0,36.0,,,,,,0.0
2020-04-19,,,,,44.3,59.0,35.0,,,,,,0.0
2020-04-20,,,,,45.9,58.0,37.0,,,,,,0.0
2020-04-21,,,,,45.2,58.0,36.0,,,,,,0.0
2020-04-22,,,,,45.5,51.0,40.0,,,,,,0.32
2020-04-23,,,,,46.0,56.0,39.0,,,,,,0.01
2020-04-24,,,,,47.4,52.0,43.0,,,,,,0.1
2020-04-25,,,,,48.0,56.0,42.0,,,,,,0.08
2020-04-26,,,,,49.8,64.0,41.0,,,,,,0.01
2020-04-27,,,,,46.8,54.0,41.0,,,,,,0.1
2020-04-28,,,,,54.7,67.0,45.0,,,,,,0.0
2020-04-29,,,,,54.1,62.0,44.0,,,,,,0.04
2020-04-30,,,,,43.6,57.0,37.0,,,,,,0.05
2020-05-01,,,,,46.7,59.0,38.0,,,,,,0.0
2020-05-02,,,,,39.9,45.0,32.0,,,,,,0.38
2020-05-03,,,,,40.7,53.0,31.0,,,,,,0.0
2020-05-04,,,,,49.4,61.0,40.0,,,,,,0.0
2020-05-05,,,,,51.1,64.0,39.0,,,,,,0.0
2020-05-06,,,,,42.0,54.0,31.0,,,,,,0.02
2020-05-07,,,,,55.3,68.0,42.0,,,,,,0.0
2020-05-08,,,,,66.3,79.0,56.0,,,,,,0.0
2020-05-09,,,,,63.8,75.0,55.0,,,,,,0.0
2020-05-10,,,,,61.8,72.0,53.0,,,,,,0.0
2020-05-11,,,,,50.3,57.0,41.0,,,,,,0.03
2020-05-12,,,,,40.2,43.0,35.0,,,,,,0.32
2020-05-13,,,,,38.0,42.0,35.0,,,,,,0.17
2020-05-14,,,,,39.0,46.0,36.0,,,,,,0.24
2020-05-15,,,,,47.0,59.0,35.0,,,,,,0.01
2020-05-16,,,,,45.4,53.0,40.0,,,,,,0.21
2020-05-17,,,,,42.1,52.0,36.0,,,,,,0.17
2020-05-18,,,,,40.1,48.0,37.0,,,,,,0.1
2020-05-19,,,,,40.9,49.0,37.0,,,,,,0.14
2020-05-20,,,,,41.5,50.0,36.0,,,,,,0.02
2020-05-21,,,,,38.5,43.0,33.0,,,,,,0.1
2020-05-22,,,,,39.9,51.0,33.0,,,,,,0.01
2020-05-23,,,,,45.9,56.0,35.0,,,,,,0.0
2020-05-24,,,,,54.6,67.0,41.0,,,,,,0.0
2020-05-25,,,,,58.2,70.0,48.0,,,,,,0.0
2020-05-26,,,,,58.1,70.0,47.0,,,,,,0.0
2020-05-27,,,,,61.9,74.0,51.0,,,,,,0.0
2020-05-28,,,,,67.1,79.0,56.0,,,,,,0.0
2020-05-29,,,,,63.1,75.0,55.0,,,,,,0.0
2020-05-30,,,,,43.4,53.0,38.0,,,,,,1.29
2020-05-31,,,,,43.5,54.0,37.0,,,,,,0.01
2020-06-01,,,,,51.6,64.0,41.0,,,,,,0.0
2020-06-02,,,,,59.0,70.0,49.0,,,,,,0.0
2020-06-03,,,,,57.5,69.0,46.0,,,,,,0.0
2020-06-04,,,,,54.2,65.0,47.0,,,,,,0.0
2020-06-05,,,,,48.3,56.0,37.0,,,,,,0.0
2020-06-06,,,,,38.2,44.0,33.0,,,,,,0.1
2020-06-07,,,,,36.6,41.0,32.0,,,,,,0.16
2020-06-08,,,,,44.6,54.0,34.0,,,,,,0.0
2020-06-09,,,,,54.4,67.0,45.0,,,,,,0.0
2020-06-10,,,,,57.8,70.0,48.0,,,,,,0.0
2020-06-11,,,,,55.6,66.0,48.0,,,,,,0.0
2020-06-12,,,,,44.1,47.0,38.0,,,,,,0.52
2020-06-13,,,,,42.0,48.0,37.0,,,,,,0.04
2020-06-14,,,,,49.2,61.0,40.0,,,,,,0.0
2020-06-15,,,,,43.3,46.0,37.0,,,,,,0.29
2020-06-16,,,,,41.8,49.0,37.0,,,,,,0.16
2020-06-17,,,,,48.2,60.0,39.0,,,,,,0.0
2020-06-18,,,,,58.0,70.0,45.0,,,,,,0.0
2020-06-19,,,,,65.8,77.0,54.0,,,,,,0.0
2020-06-20,,,,,60.4,73.0,53.0,,,,,,0.02
2020-06-21,,,,,55.5,65.0,49.0,,,,,,0.07
2020-06-22,,,,,64.5,75.0,50.0,,,,,,0.01
2020-06-23,,,,,69.2,82.0,56.0,,,,,,0.0
2020-06-24,,,,,62.0,71.0,54.0,,,,,,0.0
2020-06-25,,,,,60.0,73.0,52.0,,,,,,0.0
2020-06-26,,,,,65.7,81.0,53.0,,,,,,0.0
2020-06-27,,,,,55.8,68.0,43.0,,,,,,0.0
2020-06-28,,,,,44.1,49.0,41.0,,,,,,0.2
2020-06-29,,,,,51.2,65.0,41.0,,,,,,0.0
2020-06-30,,,,,50.0,60.0,42.0,,,,,,0.0
2020-07-01,,,,,49.4,64.0,42.0,,,,,,0.0
2020-07-02,,,,,54.6,69.0,42.0,,,,,,0.0
2020-07-03,,,,,57.4,67.0,48.0,,,,,,0.0
2020-07-04,,,,,55.0,67.0,45.0,,,,,,0.0
2020-07-05,,,,,55.3,67.0,45.0,,,,,,0.0
2020-07-06,,,,,46.8,51.0,42.0,,,,,,0.03
2020-07-07,,,,,51.2,63.0,41.0,,,,,,0.01
2020-07-08,,,,,55.6,69.0,44.0,,,,,,0.0
2020-07-09,,,,,58.1,69.0,49.0,,,,,,0.0
2020-07-10,,,,,61.0,74.0,50.0,,,,,,0.0
2020-07-11,,,,,60.2,71.0,47.0,,,,,,0.0
2020-07-12,,,,,57.4,68.0,49.0,,,,,,0.0
2020-07-13,,,,,58.3,72.0,48.0,,,,,,0.0
2020-07-14,,,,,60.6,75.0,48.0,,,,,,0.0
2020-07-15,,,,,67.0,81.0,53.0,,,,,,0.0
2020-07-16,,,,,65.8,81.0,53.0,,,,,,0.0
2020-07-17,,,,,59.5,72.0,50.0,,,,,,0.0
2020-07-18,,,,,61.9,76.0,51.0,,,,,,0.0
2020-07-19,,,,,67.5,81.0,53.0,,,,,,0.0
2020-07-20,,,,,72.0,86.0,62.0,,,,,,0.0
2020-07-21,,,,,69.5,82.0,58.0,,,,,,0.0
2020-07-22,,,,,65.5,80.0,54.0,,,,,,0.0
2020-07-23,,,,,61.9,75.0,52.0,,,,,,0.0
2020-07-24,,,,,58.3,70.0,48.0,,,,,,0.0
2020-07-25,,,,,60.0,73.0,47.0,,,,,,0.0
2020-07-26,,,,,76.7,91.0,61.0,,,,,,0.0
2020-07-27,,,,,76.1,84.0,67.0,,,,,,0.0
2020-07-28,,,,,75.5,88.0,68.0,,,,,,0.0
2020-07-29,,,,,74.5,88.0,65.0,,,,,,0.0
2020-07-30,,,,,73.7,88.0,65.0,,,,,,0.0
2020-07-31,,,,,68.0,80.0,56.0,,,,,,0.0
2020-08-01,,,,,65.1,78.0,56.0,,,,,,0.0
2020-08-02,,,,,64.5,80.0,54.0,,,,,,0.0
2020-08-03,,,,,64.2,79.0,54.0,,,,,,0.0
2020-08-04,,,,,62.1,76.0,53.0,,,,,,0.01
2020-08-05,,,,,58.4,72.0,50.0,,,,,,0.0
2020-08-06,,,,,51.7,59.0,47.0,,,,,,0.23
2020-08-07,,,,,55.8,70.0,45.0,,,,,,0.0
2020-08-08,,,,,59.6,74.0,49.0,,,,,,0.0
2020-08-09,,,,,59.6,76.0,46.0,,,,,,0.0
2020-08-10,,,,,69.1,83.0,58.0,,,,,,0.0
2020-08-11,,,,,63.9,79.0,51.0,,,,,,0.0
2020-08-12,,,,,60.2,74.0,51.0,,,,,,0.0
2020-08-13,,,,,61.0,76.0,50.0,,,,,,0.0
2020-08-14,,,,,71.8,82.0,58.0,,,,,,0.0
2020-08-15,,,,,83.2,97.0,73.0,,,,,,0.0
2020-08-16,,,,,77.5,89.0,69.0,,,,,,0.0
2020-08-17,,,,,76.2,89.0,68.0,,,,,,0.0
2020-08-18,,,,,70.9,84.0,62.0,,,,,,0.0
2020-08-19,,,,,68.4,83.0,57.0,,,,,,0.0
2020-08-20,,,,,66.6,83.0,57.0,,,,,,0.0
2020-08-21,,,,,62.8,77.0,52.0,,,,,,0.0
2020-08-22,,,,,58.7,72.0,49.0,,,,,,0.0
2020-08-23,,,,,66.0,80.0,55.0,,,,,,0.0
2020-08-24,,,,,64.7,75.0,57.0,,,,,,0.0
2020-08-25,,,,,64.0,76.0,53.0,,,,,,0.0
2020-08-26,,,,,60.2,74.0,51.0,,,,,,0.0
2020-08-27,,,,,60.6,76.0,47.0,,,,,,0.0
2020-08-28,,,,,63.6,77.0,51.0,,,,,,0.0
2020-08-29,,,,,60.5,76.0,48.0,,,,,,0.0
2020-08-30,,,,,56.0,72.0,44.0,,,,,,0.0
2020-08-31,,,,,59.0,73.0,50.0,,,,,,0.0
2020-09-01,,,,,70.7,83.0,56.0,,,,,,0.0
2020-09-02,,,,,72.4,85.0,61.0,,,,,,0.0
2020-09-03,,,,,77.0,89.0,69.0,,,,,,0.0
2020-09-04,,,,,71.8,82.0,60.0,,,,,,0.0
2020-09-05,,,,,69.2,79.0,61.0,,,,,,0.0
2020-09-06,,,,,75.2,88.0,65.0,,,,,,0.0
2020-09-07,,,,,73.6,87.0,62.0,,,,,,0.0
2020-09-08,,,,,67.3,81.0,56.0,,,,,,0.0
2020-09-09,,,,,73.3,89.0,62.0,,,,,,0.0
2020-09-10,,,,,70.0,81.0,61.0,,,,,,0.0
2020-09-11,,,,,65.3,73.0,61.0,,,,,,0.0
2020-09-12,,,,,67.0,75.0,62.0,,,,,,0.0
2020-09-13,,,,,67.7,77.0,62.0,,,,,,0.0
2020-09-14,,,,,66.0,76.0,60.0,,,,,,0.0
2020-09-15,,,,,65.9,75.0,60.0,,,,,,0.0
2020-09-16,,,,,63.7,75.0,57.0,,,,,,0.0
2020-09-17,,,,,59.3,67.0,54.0,,,,,,0.27
2020-09-18,,,,,51.3,55.0,49.0,,,,,,0.33
2020-09-19,,,,,53.5,65.0,49.0,,,,,,0.01
2020-09-20,,,,,58.2,69.0,50.0,,,,,,0.01
2020-09-21,,,,,56.7,64.0,51.0,,,,,,0.0
2020-09-22,,,,,55.6,67.0,49.0,,,,,,0.0
2020-09-23,,,,,56.1,68.0,50.0,,,,,,0.43
2020-09-24,,,,,51.8,60.0,47.0,,,,,,0.06
2020-09-25,,,,,49.2,51.0,45.0,,,,,,0.02
2020-09-26,,,,,51.4,56.0,48.0,,,,,,0.15
2020-09-27,,,,,56.5,63.0,48.0,,,,,,0.0
2020-09-28,,,,,72.2,87.0,56.0,,,,,,0.0
2020-09-29,,,,,74.6,86.0,68.0,,,,,,0.0
2020-09-30,,,,,75.0,83.0,70.0,,,,,,0.0
2020-10-01,,,,,75.2,83.0,69.0,,,,,,0.0
2020-10-02,,,,,71.5,81.0,66.0,,,,,,0.0
2020-10-03,,,,,69.0,79.0,60.0,,,,,,0.0
2020-10-04,,,,,65.0,74.0,54.0,,,,,,0.0
2020-10-05,,,,,67.2,76.0,59.0,,,,,,0.0
2020-10-06,,,,,69.7,78.0,65.0,,,,,,0.0
2020-10-07,,,,,64.6,75.0,57.0,,,,,,0.0
2020-10-08,,,,,59.4,69.0,54.0,,,,,,0.0
2020-10-09,,,,,58.2,71.0,51.0,,,,,,0.0
2020-10-10,,,,,46.1,51.0,40.0,,,,,,0.59
2020-10-11,,,,,45.6,53.0,40.0,,,,,,0.01
2020-10-12,,,,,51.0,57.0,47.0,,,,,,0.11
2020-10-13,,,,,50.8,54.0,45.0,,,,,,0.35
2020-10-14,,,,,45.6,54.0,41.0,,,,,,0.0
2020-10-15,,,,,50.7,59.0,41.0,,,,,,0.0
2020-10-16,,,,,62.3,74.0,51.0,,,,,,0.0
2020-10-17,,,,,55.8,64.0,48.0,,,,,,0.0
2020-10-18,,,,,55.1,66.0,47.0,,,,,,0.0
2020-10-19,,,,,50.7,62.0,44.0,,,,,,0.0
2020-10-20,,,,,54.2,62.0,48.0,,,,,,0.0
2020-10-21,,,,,42.5,50.0,32.0,,,,,,0.01
2020-10-22,,,,,36.5,46.0,30.0,,,,,,0.01
2020-10-23,,,,,49.5,59.0,40.0,,,,,,0.1
2020-10-24,,,,,42.2,49.0,35.0,,,,,,0.23
2020-10-25,,,,,37.3,45.0,30.0,,,,,,0.0
2020-10-26,,,,,45.4,57.0,37.0,,,,,,0.0
2020-10-27,,,,,55.7,64.0,46.0,,,,,,0.0
2020-10-28,,,,,62.8,72.0,56.0,,,,,,0.0
2020-10-29,,,,,64.9,73.0,56.0,,,,,,0.0
2020-10-30,,,,,50.7,56.0,43.0,,,,,,0.0
2020-10-31,,,,,52.5,63.0,41.0,,,,,,0.01
2020-11-01,,,,,63.2,72.0,59.0,,,,,,0.0
2020-11-02,,,,,62.3,72.0,55.0,,,,,,0.0
2020-11-03,,,,,55.5,65.0,49.0,,,,,,0.0
2020-11-04,,,,,55.7,65.0,50.0,,,,,,0.0
2020-11-05,,,,,52.5,64.0,38.0,,,,,,0.05
2020-11-06,,,,,34.5,42.0,32.0,,,,,,0.08
2020-11-07,,,,,31.7,34.0,29.0,,,,,,0.3
2020-11-08,,,,,26.8,32.0,24.0,,,,,,0.1
2020-11-09,,,,,30.6,35.0,25.0,,,,,,0.1
2020-11-10,,,,,34.1,38.0,31.0,,,,,,0.19
2020-11-11,,,,,34.0,42.0,31.0,,,,,,0.08
2020-11-12,,,,,34.8,40.0,32.0,,,,,,0.0
2020-11-13,,,,,35.4,42.0,32.0,,,,,,0.59
2020-11-14,,,,,34.6,42.0,32.0,,,,,,0.28
2020-11-15,,,,,43.4,45.0,42.0,,,,,,1.06
2020-11-16,,,,,49.0,55.0,45.0,,,,,,0.02
2020-11-17,,,,,42.1,51.0,37.0,,,,,,0.68
2020-11-18,,,,,34.4,38.0,32.0,,,,,,0.85
2020-11-19,,,,,34.3,41.0,31.0,,,,,,0.32
2020-11-20,,,,,37.5,46.0,31.0,,,,,,0.0
2020-11-21,,,,,43.2,50.0,36.0,,,,,,0.0
2020-11-22,,,,,40.9,47.0,35.0,,,,,,0.03
2020-11-23,,,,,34.7,38.0,32.0,,,,,,0.07
2020-11-24,,,,,38.7,46.0,32.0,,,,,,0.15
2020-11-25,,,,,32.2,34.0,31.0,,,,,,0.19
2020-11-26,,,,,36.2,43.0,32.0,,,,,,0.02
2020-11-27,,,,,47.5,59.0,41.0,,,,,,0.0
2020-11-28,,,,,43.5,52.0,39.0,,,,,,0.0
2020-11-29,,,,,44.8,52.0,39.0,,,,,,0.0
2020-11-30,,,,,35.4,40.0,31.0,,,,,,0.15
2020-12-01,,,,,39.4,48.0,30.0,,,,,,0.0
2020-12-02,,,,,49.6,56.0,43.0,,,,,,0.0
2020-12-03,,,,,48.2,54.0,45.0,,,,,,0.0
2020-12-04,,,,,50.1,60.0,45.0,,,,,,0.0
2020-12-05,,,,,43.9,51.0,35.0,,,,,,0.21
2020-12-06,,,,,37.7,45.0,34.0,,,,,,0.01
2020-12-07,,,,,51.1,57.0,38.0,,,,,,0.0
2020-12-08,,,,,56.5,67.0,45.0,,,,,,0.01
2020-12-09,,,,,38.3,44.0,33.0,,,,,,0.05
2020-12-10,,,,,34.3,41.0,27.0,,,,,,0.0
2020-12-11,,,,,29.2,31.0,27.0,,,,,,0.01
2020-12-12,,,,,32.7,36.0,27.0,,,,,,0.19
2020-12-13,,,,,34.7,38.0,32.0,,,,,,0.33
2020-12-14,,,,,32.6,38.0,30.0,,,,,,0.31
2020-12-15,,,,,35.5,40.0,31.0,,,,,,0.05
2020-12-16,,,,,37.6,41.0,35.0,,,,,,0.85
2020-12-17,,,,,32.8,36.0,31.0,,,,,,0.17
2020-12-18,,,,,35.9,42.0,32.0,,,,,,0.02
2020-12-19,,,,,39.5,43.0,37.0,,,,,,0.02
2020-12-20,,,,,44.0,46.0,42.0,,,,,,0.02
2020-12-21,,,,,39.4,45.0,31.0,,,,,,0.2
2020-12-22,,,,,29.2,32.0,26.0,,,,,,0.06
2020-12-23,,,,,36.1,47.0,26.0,,,,,,0.0
2020-12-24,,,,,43.3,48.0,39.0,,,,,,0.0
2020-12-25,,,,,38.0,42.0,35.0,,,,,,1.43
2020-12-26,,,,,33.0,35.0,31.0,,,,,,0.3
2020-12-27,,,,,36.2,45.0,31.0,,,,,,0.0
2020-12-28,,,,,37.5,45.0,31.0,,,,,,0.0
2020-12-29,,,,,43.7,52.0,40.0,,,,,,0.0
2020-12-30,,,,,35.3,41.0,32.0,,,,,,0.44
2020-12-31,,,,,35.9,37.0,35.0,,,,,,0.01
2021-01-01,,,,,37.0,43.0,33.0,,,,,,0.23
2021-01-02,,,,,37.2,39.0,36.0,,,,,,0.16
2021-01-03,,,,,39.5,41.0,38.0,,,,,,0.35
2021-01-04,,,,,35.7,40.0,30.0,,,,,,0.98
2021-01-05,,,,,33.9,40.0,30.0,,,,,,0.04
2021-01-06,,,,,36.5,41.0,35.0,,,,,,0.43
2021-01-07,,,,,36.5,43.0,31.0,,,,,,0.06
2021-01-08,,,,,33.2,36.0,31.0,,,,,,0.56
2021-01-09,,,,,38.5,46.0,32.0,,,,,,0.0
2021-01-10,,,,,37.8,42.0,35.0,,,,,,0.31
2021-01-11,,,,,38.8,41.0,35.0,,,,,,0.06
2021-01-12,,,,,46.2,50.0,42.0,,,,,,0.64
2021-01-13,,,,,42.8,49.0,38.0,,,,,,0.12
2021-01-14,,,,,50.6,59.0,44.0,,,,,,0.0
2021-01-15,,,,,45.0,50.0,40.0,,,,,,0.01
2021-01-16,,,,,47.9,56.0,42.0,,,,,,0.0
2021-01-17,,,,,42.4,52.0,35.0,,,,,,0.0
2021-01-18,,,,,37.6,46.0,30.0,,,,,,0.0
2021-01-19,,,,,38.1,50.0,29.0,,,,,,0.0
2021-01-20,,,,,45.6,53.0,41.0,,,,,,0.0
2021-01-21,,,,,41.3,47.0,34.0,,,,,,0.0
2021-01-22,,,,,31.2,34.0,29.0,,,,,,0.04
2021-01-23,,,,,29.5,34.0,27.0,,,,,,0.07
2021-01-24,,,,,27.5,31.0,25.0,,,,,,0.01
2021-01-25,,,,,26.0,32.0,23.0,,,,,,0.11
2021-01-26,,,,,24.7,26.0,23.0,,,,,,0.01
2021-01-27,,,,,28.5,31.0,25.0,,,,,,0.0
2021-01-28,,,,,30.6,33.0,27.0,,,,,,0.13
2021-01-29,,,,,28.6,32.0,25.0,,,,,,0.01
2021-01-30,,,,,34.8,36.0,33.0,,,,,,0.43
2021-01-31,,,,,35.4,38.0,34.0,,,,,,1.38
2021-02-01,,,,,35.4,40.0,33.0,,,,,,0.65
2021-02-02,,,,,31.5,36.0,28.0,,,,,,0.13
2021-02-03,,,,,29.7,35.0,27.0,,,,,,0.03
2021-02-04,,,,,34.9,46.0,27.0,,,,,,0.01
2021-02-05,,,,,35.9,45.0,31.0,,,,,,0.0
2021-02-06,,,,,38.8,49.0,32.0,,,,,,0.0
2021-02-07,,,,,34.0,45.0,28.0,,,,,,0.0
2021-02-08,,,,,34.4,42.0,25.0,,,,,,0.01
2021-02-09,,,,,38.7,48.0,34.0,,,,,,0.0
2021-02-10,,,,,40.9,51.0,34.0,,,,,,0.0
2021-02-11,,,,,38.0,44.0,33.0,,,,,,0.16
2021-02-12,,,,,35.4,38.0,33.0,,,,,,0.21
2021-02-13,,,,,32.7,37.0,31.0,,,,,,0.47
2021-02-14,,,,,32.9,36.0,30.0,,,,,,0.34
2021-02-15,,,,,36.0,40.0,32.0,,,,,,0.05
2021-02-16,,,,,31.5,35.0,29.0,,,,,,0.17
2021-02-17,,,,,31.7,37.0,28.0,,,,,,0.02
2021-02-18,,,,,35.7,38.0,32.0,,,,,,0.35
2021-02-19,,,,,33.4,37.0,29.0,,,,,,0.25
2021-02-20,,,,,30.4,34.0,28.0,,,,,,0.18
2021-02-21,,,,,33.6,41.0,28.0,,,,,,0.01
2021-02-22,,,,,40.7,48.0,36.0,,,,,,0.01
2021-02-23,,,,,32.0,41.0,28.0,,,,,,0.01
2021-02-24,,,,,32.9,42.0,25.0,,,,,,0.06
2021-02-25,,,,,33.7,38.0,30.0,,,,,,0.02
2021-02-26,,,,,29.7,32.0,28.0,,,,,,0.09
2021-02-27,,,,,30.7,36.0,28.0,,,,,,0.07
2021-02-28,,,,,40.3,52.0,29.0,,,,,,0.0
2021-03-01,,,,,43.6,52.0,35.0,,,,,,0.0
2021-03-02,,,,,44.2,57.0,35.0,,,,,,0.0
2021-03-03,,,,,45.5,57.0,39.0,,,,,,0.0
2021-03-04,,,,,41.0,53.0,32.0,,,,,,0.0
2021-03-05,,,,,34.9,40.0,29.0,,,,,,0.47
2021-03-06,,,,,31.2,38.0,28.0,,,,,,0.51
2021-03-07,,,,,32.0,42.0,27.0,,,,,,0.05
2021-03-08,,,,,31.7,37.0,28.0,,,,,,0.01
2021-03-09,,,,,30.6,38.0,27.0,,,,,,0.24
2021-03-10,,,,,32.5,43.0,28.0,,,,,,0.07
2021-03-11,,,,,34.7,45.0,29.0,,,,,,0.12
2021-03-12,,,,,43.0,52.0,35.0,,,,,,0.0
2021-03-13,,,,,45.4,58.0,36.0,,,,,,0.0
2021-03-14,,,,,31.1,37.0,26.0,,,,,,0.21
2021-03-15,,,,,26.4,31.0,23.0,,,,,,0.26
2021-03-16,,,,,32.4,45.0,22.0,,,,,,0.22
2021-03-17,,,,,40.8,51.0,31.0,,,,,,0.0
2021-03-18,,,,,36.1,42.0,31.0,,,,,,0.13
2021-03-19,,,,,32.7,38.0,30.0,,,,,,0.02
2021-03-20,,,,,32.4,42.0,29.0,,,,,,0.02
2021-03-21,,,,,31.7,39.0,27.0,,,,,,0.01
2021-03-22,,,,,32.5,39.0,29.0,,,,,,0.15
2021-03-23,,,,,33.0,43.0,27.0,,,,,,0.01
2021-03-24,,,,,35.6,42.0,31.0,,,,,,0.09
2021-03-25,,,,,31.8,36.0,30.0,,,,,,0.29
2021-03-26,,,,,36.6,46.0,29.0,,,,,,0.16
2021-03-27,,,,,50.3,61.0,41.0,,,,,,0.0
2021-03-28,,,,,44.4,61.0,27.0,,,,,,0.06
2021-03-29,,,,,30.4,40.0,24.0,,,,,,0.03
2021-03-30,,,,,37.5,49.0,25.0,,,,,,0.0
2021-03-31,,,,,54.4,71.0,41.0,,,,,,0.0
2021-04-01,,,,,54.4,66.0,46.0,,,,,,0.0
2021-04-02,,,,,49.7,59.0,44.0,,,,,,0.0
2021-04-03,,,,,49.3,59.0,41.0,,,,,,0.0
2021-04-04,,,,,41.7,53.0,31.0,,,,,,0.0
2021-04-05,,,,,34.7,49.0,22.0,,,,,,0.0
2021-04-06,,,,,47.9,61.0,36.0,,,,,,0.0
2021-04-07,,,,,40.8,48.0,31.0,,,,,,0.0
2021-04-08,,,,,36.2,45.0,30.0,,,,,,0.04
2021-04-09,,,,,40.4,53.0,30.0,,,,,,0.0
2021-04-10,,,,,31.8,38.0,27.0,,,,,,0.13
2021-04-11,,,,,35.0,48.0,25.0,,,,,,0.03
2021-04-12,,,,,43.8,56.0,33.0,,,,,,0.0
2021-04-13,,,,,43.1,55.0,33.0,,,,,,0.0
2021-04-14,,,,,44.9,56.0,35.0,,,,,,0.0
2021-04-15,,,,,50.8,62.0,39.0,,,,,,0.0
2021-04-16,,,,,57.0,68.0,47.0,,,,,,0.0
2021-04-17,,,,,60.8,72.0,50.0,,,,,,0.0
2021-04-18,,,,,62.3,75.0,51.0,,,,,,0.0
2021-04-19,,,,,52.4,65.0,39.0,,,,,,0.0
2021-04-20,,,,,46.4,60.0,35.0,,,,,,0.0
2021-04-21,,,,,48.9,64.0,37.0,,,,,,0.0
2021-04-22,,,,,48.5,63.0,36.0,,,,,,0.0
2021-04-23,,,,,46.2,60.0,35.0,,,,,,0.0
2021-04-24,,,,,36.8,46.0,32.0,,,,,,0.03
2021-04-25,,,,,33.8,40.0,32.0,,,,,,0.28
2021-04-26,,,,,36.0,48.0,29.0,,,,,,0.07
2021-04-27,,,,,46.3,58.0,33.0,,,,,,0.0
2021-04-28,,,,,57.5,72.0,45.0,,,,,,0.0
2021-04-29,,,,,59.9,71.0,46.0,,,,,,0.0
2021-04-30,,,,,53.9,66.0,45.0,,,,,,0.0
2021-05-01,,,,,46.5,55.0,41.0,,,,,,0.13
2021-05-02,,,,,43.8,54.0,38.0,,,,,,0.13
2021-05-03,,,,,47.6,60.0,38.0,,,,,,0.0
2021-05-04,,,,,50.1,63.0,42.0,,,,,,0.0
2021-05-05,,,,,62.2,78.0,48.0,,,,,,0.0
2021-05-06,,,,,48.3,60.0,35.0,,,,,,0.01
2021-05-07,,,,,37.2,45.0,31.0,,,,,,0.14
2021-05-08,,,,,43.2,56.0,32.0,,,,,,0.0
2021-05-09,,,,,45.1,57.0,37.0,,,,,,0.0
2021-05-10,,,,,47.7,62.0,39.0,,,,,,0.0
2021-05-11,,,,,51.9,66.0,38.0,,,,,,0.0
2021-05-12,,,,,57.8,72.0,46.0,,,,,,0.0
2021-05-13,,,,,58.4,71.0,49.0,,,,,,0.0
2021-05-14,,,,,52.8,65.0,45.0,,,,,,0.0
2021-05-15,,,,,54.2,68.0,41.0,,,,,,0.0
2021-05-16,,,,,59.9,75.0,49.0,,,,,,0.0
2021-05-17,,,,,51.7,68.0,42.0,,,,,,0.0
2021-05-18,,,,,43.5,57.0,33.0,,,,,,0.0
2021-05-19,,,,,35.0,45.0,31.0,,,,,,0.1
2021-05-20,,,,,33.6,41.0,30.0,,,,,,0.6
2021-05-21,,,,,38.1,45.0,32.0,,,,,,0.15
2021-05-22,,,,,44.2,58.0,36.0,,,,,,0.0
2021-05-23,,,,,49.1,64.0,35.0,,,,,,0.0
2021-05-24,,,,,49.8,61.0,43.0,,,,,,0.01
2021-05-25,,,,,44.9,56.0,40.0,,,,,,0.03
2021-05-26,,,,,53.8,69.0,38.0,,,,,,0.0
2021-05-27,,,,,46.4,54.0,38.0,,,,,,0.0
2021-05-28,,,,,48.4,63.0,35.0,,,,,,0.0
2021-05-29,,,,,59.2,73.0,47.0,,,,,,0.0
2021-05-30,,,,,60.9,74.0,49.0,,,,,,0.0
2021-05-31,,,,,65.3,76.0,52.0,,,,,,0.0
2021-06-01,,,,,73.5,88.0,60.0,,,,,,0.0
2021-06-02,,,,,68.1,82.0,56.0,,,,,,0.0
2021-06-03,,,,,63.1,77.0,52.0,,,,,,0.0
2021-06-04,,,,,59.8,74.0,47.0,,,,,,0.0
2021-06-05,,,,,48.8,59.0,38.0,,,,,,0.0
2021-06-06,,,,,45.0,59.0,37.0,,,,,,0.0
2021-06-07,,,,,42.0,53.0,35.0,,,,,,0.0
2021-06-08,,,,,42.9,54.0,35.0,,,,,,0.0
2021-06-09,,,,,43.8,57.0,36.0,,,,,,0.0
2021-06-10,,,,,46.0,57.0,35.0,,,,,,0.0
2021-06-11,,,,,44.2,48.0,39.0,,,,,,0.26
2021-06-12,,,,,55.8,66.0,48.0,,,,,,0.02
2021-06-13,,,,,54.7,64.0,50.0,,,,,,0.49
2021-06-14,,,,,51.2,63.0,45.0,,,,,,0.37
2021-06-15,,,,,48.7,59.0,42.0,,,,,,0.0
2021-06-16,,,,,57.0,70.0,44.0,,,,,,0.01
2021-06-17,,,,,60.0,75.0,48.0,,,,,,0.0
2021-06-18,,,,,59.2,74.0,47.0,,,,,,0.0
2021-06-19,,,,,60.1,75.0,44.0,,,,,,0.0
2021-06-20,,,,,69.5,83.0,55.0,,,,,,0.0
2021-06-21,,,,,73.8,87.0,62.0,,,,,,0.0
2021-06-22,,,,,69.3,81.0,57.0,,,,,,0.0
2021-06-23,,,,,66.4,78.0,57.0,,,,,,0.0
2021-06-24,,,,,71.5,84.0,62.0,,,,,,0.0
2021-06-25,,,,,73.6,87.0,62.0,,,,,,0.0
2021-06-26,,,,,79.1,93.0,68.0,,,,,,0.0
2021-06-27,,,,,85.8,100.0,70.0,,,,,,0.0
2021-06-28,,,,,82.8,97.0,69.0,,,,,,0.0
2021-06-29,,,,,75.8,90.0,62.0,,,,,,0.0
2021-06-30,,,,,64.8,74.0,52.0,,,,,,0.0
2021-07-01,,,,,62.8,73.0,50.0,,,,,,0.0
2021-07-02,,,,,65.9,78.0,53.0,,,,,,0.01
2021-07-03,,,,,70.8,85.0,59.0,,,,,,0.0
2021-07-04,,,,,68.8,83.0,58.0,,,,,,0.0
2021-07-05,,,,,70.1,84.0,60.0,,,,,,0.0
2021-07-06,,,,,70.9,85.0,54.0,,,,,,0.0
2021-07-07,,,,,65.4,79.0,53.0,,,,,,0.0
2021-07-08,,,,,64.2,77.0,53.0,,,,,,0.0
2021-07-09,,,,,70.6,85.0,58.0,,,,,,0.0
2021-07-10,,,,,68.6,84.0,57.0,,,,,,0.0
2021-07-11,,,,,66.8,83.0,54.0,,,,,,0.0
2021-07-12,,,,,66.0,82.0,53.0,,,,,,0.0
2021-07-13,,,,,65.7,81.0,52.0,,,,,,0.0
2021-07-14,,,,,64.2,81.0,52.0,,,,,,0.0
2021-07-15,,,,,62.0,77.0,50.0,,,,,,0.0
2021-07-16,,,,,60.5,76.0,48.0,,,,,,0.0
2021-07-17,,,,,63.0,77.0,51.0,,,,,,0.0
2021-07-18,,,,,66.0,81.0,53.0,,,,,,0.0
2021-07-19,,,,,63.2,80.0,53.0,,,,,,0.0
2021-07-20,,,,,59.4,76.0,46.0,,,,,,0.0
2021-07-21,,,,,52.9,67.0,43.0,,,,,,0.0
2021-07-22,,,,,62.9,75.0,51.0,,,,,,0.0
2021-07-23,,,,,64.0,81.0,50.0,,,,,,0.0
2021-07-24,,,,,67.1,82.0,53.0,,,,,,0.0
2021-07-25,,,,,68.2,85.0,56.0,,,,,,0.0
2021-07-26,,,,,67.0,84.0,56.0,,,,,,0.0
2021-07-27,,,,,66.0,76.0,58.0,,,,,,0.0
2021-07-28,,,,,73.0,87.0,64.0,,,,,,0.0
2021-07-29,,,,,75.2,89.0,65.0,,,,,,0.0
2021-07-30,,,,,74.8,84.0,68.0,,,,,,0.0
2021-07-31,,,,,76.7,90.0,65.0,,,,,,0.0
2021-08-01,,,,,74.7,90.0,66.0,,,,,,0.0
2021-08-02,,,,,75.8,89.0,65.0,,,,,,0.0
2021-08-03,,,,,72.5,85.0,64.0,,,,,,0.0
2021-08-04,,,,,72.2,83.0,64.0,,,,,,0.0
2021-08-05,,,,,60.0,71.0,54.0,,,,,,0.01
2021-08-06,,,,,65.0,79.0,53.0,,,,,,0.0
2021-08-07,,,,,66.1,83.0,56.0,,,,,,0.04
2021-08-08,,,,,56.2,71.0,48.0,,,,,,0.13
2021-08-09,,,,,62.3,76.0,50.0,,,,,,0.0
2021-08-10,,,,,72.4,84.0,64.0,,,,,,0.0
2021-08-11,,,,,80.3,93.0,70.0,,,,,,0.0
2021-08-12,,,,,80.8,92.0,73.0,,,,,,0.0
2021-08-13,,,,,76.0,86.0,67.0,,,,,,0.0
2021-08-14,,,,,73.5,86.0,63.0,,,,,,0.0
2021-08-15,,,,,74.5,87.0,63.0,,,,,,0.0
2021-08-16,,,,,67.7,84.0,51.0,,,,,,0.0
2021-08-17,,,,,51.8,64.0,45.0,,,,,,0.24
2021-08-18,,,,,57.0,73.0,45.0,,,,,,0.0
2021-08-19,,,,,60.7,76.0,51.0,,,,,,0.0
2021-08-20,,,,,55.7,69.0,48.0,,,,,,0.0
2021-08-21,,,,,55.5,69.0,48.0,,,,,,0.0
2021-08-22,,,,,54.3,69.0,44.0,,,,,,0.0
2021-08-23,,,,,52.4,69.0,41.0,,,,,,0.01
2021-08-24,,,,,57.5,72.0,49.0,,,,,,0.0
2021-08-25,,,,,58.1,73.0,49.0,,,,,,0.0
2021-08-26,,,,,60.5,75.0,49.0,,,,,,0.0
2021-08-27,,,,,55.0,67.0,48.0,,,,,,0.1
2021-08-28,,,,,62.1,74.0,48.0,,,,,,0.0
2021-08-29,,,,,63.5,80.0,51.0,,,,,,0.0
2021-08-30,,,,,53.8,68.0,44.0,,,,,,0.0
2021-08-31,,,,,51.4,66.0,42.0,,,,,,0.01
2021-09-01,,,,,53.1,70.0,40.0,,,,,,0.0
2021-09-02,,,,,58.9,74.0,47.0,,,,,,0.0
2021-09-03,,,,,63.2,73.0,57.0,,,,,,0.0
2021-09-04,,,,,67.3,81.0,57.0,,,,,,0.0
2021-09-05,,,,,68.5,82.0,58.0,,,,,,0.0
2021-09-06,,,,,68.8,79.0,57.0,,,,,,0.0
2021-09-07,,,,,74.2,89.0,62.0,,,,,,0.0
2021-09-08,,,,,69.9,82.0,61.0,,,,,,0.0
2021-09-09,,,,,63.3,74.0,54.0,,,,,,0.0
2021-09-10,,,,,55.6,68.0,49.0,,,,,,0.0
2021-09-11,,,,,60.0,72.0,48.0,,,,,,0.01
2021-09-12,,,,,58.6,72.0,47.0,,,,,,0.0
2021-09-13,,,,,51.9,67.0,42.0,,,,,,0.0
2021-09-14,,,,,64.2,75.0,54.0,,,,,,0.0
2021-09-15,,,,,56.5,71.0,43.0,,,,,,0.0
2021-09-16,,,,,54.1,66.0,39.0,,,,,,0.0
2021-09-17,,,,,63.6,80.0,53.0,,,,,,0.0
2021-09-18,,,,,48.7,54.0,44.0,,,,,,0.75
2021-09-19,,,,,47.0,58.0,43.0,,,,,,0.59
2021-09-20,,,,,53.9,64.0,42.0,,,,,,0.01
2021-09-21,,,,,67.7,82.0,57.0,,,,,,0.0
2021-09-22,,,,,59.2,68.0,49.0,,,,,,0.0
2021-09-23,,,,,60.4,72.0,49.0,,,,,,0.0
2021-09-24,,,,,71.8,85.0,62.0,,,,,,0.0
2021-09-25,,,,,67.8,78.0,58.0,,,,,,0.0
2021-09-26,,,,,59.6,73.0,53.0,,,,,,0.0
2021-09-27,,,,,46.4,53.0,38.0,,,,,,0.64
2021-09-28,,,,,41.9,50.0,38.0,,,,,,0.06
2021-09-29,,,,,51.1,61.0,40.0,,,,,,0.0
2021-09-30,,,,,57.8,65.0,50.0,,,,,,0.0
2021-10-01,,,,,49.6,56.0,44.0,,,,,,0.0
2021-10-02,,,,,59.1,72.0,50.0,,,,,,0.0
2021-10-03,,,,,59.8,68.0,54.0,,,,,,0.0
2021-10-04,,,,,60.9,72.0,54.0,,,,,,0.0
2021-10-05,,,,,46.3,58.0,38.0,,,,,,0.41
2021-10-06,,,,,39.6,50.0,34.0,,,,,,0.0
2021-10-07,,,,,39.2,46.0,36.0,,,,,,0.0
2021-10-08,,,,,41.8,51.0,36.0,,,,,,0.01
2021-10-09,,,,,47.0,58.0,38.0,,,,,,0.0
2021-10-10,,,,,41.1,46.0,33.0,,,,,,0.27
2021-10-11,,,,,36.0,45.0,32.0,,,,,,0.03
2021-10-12,,,,,38.0,48.0,31.0,,,,,,0.18
2021-10-13,,,,,38.0,47.0,34.0,,,,,,0.04
2021-10-14,,,,,43.6,53.0,37.0,,,,,,0.02
2021-10-15,,,,,53.0,64.0,45.0,,,,,,0.0
2021-10-16,,,,,58.7,70.0,52.0,,,,,,0.0
2021-10-17,,,,,44.5,53.0,36.0,,,,,,0.06
2021-10-18,,,,,38.3,44.0,35.0,,,,,,0.06
2021-10-19,,,,,42.3,51.0,37.0,,,,,,0.13
2021-10-20,,,,,42.2,45.0,38.0,,,,,,0.33
2021-10-21,,,,,48.2,56.0,43.0,,,,,,2.14
2021-10-22,,,,,40.5,42.0,39.0,,,,,,0.4
2021-10-23,,,,,41.0,43.0,38.0,,,,,,0.22
2021-10-24,,,,,39.6,45.0,35.0,,,,,,0.79
2021-10-25,,,,,37.3,40.0,35.0,,,,,,0.23
2021-10-26,,,,,42.0,46.0,38.0,,,,,,0.17
2021-10-27,,,,,47.5,55.0,42.0,,,,,,0.01
2021-10-28,,,,,55.0,65.0,50.0,,,,,,0.0
2021-10-29,,,,,48.8,52.0,46.0,,,,,,0.3
2021-10-30,,,,,48.4,56.0,45.0,,,,,,0.59
2021-10-31,,,,,45.5,50.0,43.0,,,,,,0.06
2021-11-01,,,,,43.9,45.0,43.0,,,,,,0.56
2021-11-02,,,,,45.3,49.0,42.0,,,,,,0.01
2021-11-03,,,,,50.6,57.0,46.0,,,,,,0.91
2021-11-04,,,,,41.6,45.0,39.0,,,,,,0.34
2021-11-05,,,,,38.1,40.0,36.0,,,,,,0.3
2021-11-06,,,,,34.1,37.0,31.0,,,,,,0.14
2021-11-07,,,,,33.0,39.0,30.0,,,,,,0.12
2021-11-08,,,,,36.0,40.0,31.0,,,,,,0.22
2021-11-09,,,,,36.9,40.0,33.0,,,,,,0.17
2021-11-10,,,,,40.2,47.0,35.0,,,,,,0.06
2021-11-11,,,,,49.5,54.0,47.0,,,,,,0.01
2021-11-12,,,,,49.7,53.0,47.0,,,,,,0.01
2021-11-13,,,,,52.8,61.0,48.0,,,,,,0.01
2021-11-14,,,,,52.6,58.0,49.0,,,,,,0.0
2021-11-15,,,,,45.1,55.0,33.0,,,,,,0.41
2021-11-16,,,,,32.5,38.0,30.0,,,,,,0.0
2021-11-17,,,,,41.5,49.0,32.0,,,,,,0.0
2021-11-18,,,,,43.9,51.0,40.0,,,,,,0.08
2021-11-19,,,,,36.5,42.0,33.0,,,,,,0.32
2021-11-20,,,,,43.5,53.0,34.0,,,,,,0.0
2021-11-21,,,,,47.5,55.0,41.0,,,,,,0.0
2021-11-22,,,,,47.7,56.0,41.0,,,,,,0.0
2021-11-23,,,,,33.7,37.0,30.0,,,,,,0.12
2021-11-24,,,,,40.7,48.0,29.0,,,,,,0.0
2021-11-25,,,,,50.0,56.0,47.0,,,,,,0.0
2021-11-26,,,,,44.0,47.0,41.0,,,,,,0.04
2021-11-27,,,,,49.0,51.0,46.0,,,,,,0.04
2021-11-28,,,,,50.1,55.0,46.0,,,,,,0.01
2021-11-29,,,,,48.8,60.0,41.0,,,,,,0.0
2021-11-30,,,,,52.7,59.0,44.0,,,,,,0.0
2021-12-01,,,,,56.7,68.0,49.0,,,,,,0.0
2021-12-02,,,,,48.8,54.0,43.0,,,,,,0.0
2021-12-03,,,,,53.2,63.0,47.0,,,,,,0.0
2021-12-04,,,,,46.6,54.0,39.0,,,,,,0.0
2021-12-05,,,,,42.5,47.0,38.0,,,,,,0.0
2021-12-06,,,,,40.9,45.0,37.0,,,,,,0.24
2021-12-07,,,,,46.2,55.0,40.0,,,,,,0.01
2021-12-08,,,,,34.7,41.0,27.0,,,,,,0.15
2021-12-09,,,,,27.8,30.0,24.0,,,,,,0.0
2021-12-10,,,,,29.9,33.0,27.0,,,,,,0.08
2021-12-11,,,,,31.8,33.0,30.0,,,,,,0.23
2021-12-12,,,,,31.2,32.0,30.0,,,,,,0.02
2021-12-13,,,,,,,,,,,,,
2021-12-14,,,,,,,,,,,,,
2021-12-15,,,,,,,,,,,,,
2021-12-16,,,,,32.5,35.0,31.0,,,,,,0.46
2021-12-17,,,,,32.7,40.0,29.0,,,,,,0.08
2021-12-18,,,,,35.3,38.0,33.0,,,,,,0.04
2021-12-19,,,,,38.1,39.0,37.0,,,,,,0.43
2021-12-20,,,,,38.2,43.0,35.0,,,,,,0.07
2021-12-21,,,,,37.4,43.0,34.0,,,,,,0.1
2021-12-22,,,,,35.3,37.0,33.0,,,,,,0.68
2021-12-23,,,,,31.5,35.0,28.0,,,,,,0.31
2021-12-24,,,,,27.2,29.0,25.0,,,,,,0.0
2021-12-25,,,,,24.5,25.0,24.0,,,,,,0.0
2021-12-26,,,,,,,,,,,,,
2021-12-27,,,,,,,,,,,,,
2021-12-28,,,,,,,,,,,,,
2021-12-29,,,,,27.4,36.0,21.0,,,,,,0.12
2021-12-30,,,,,26.4,31.0,23.0,,,,,,0.0
2021-12-31,,,,,26.5,32.0,20.0,,,,,,0.01
2022-01-01,,,,,27.5,32.0,21.0,,,,,,0.14
2022-01-02,,,,,30.8,34.0,26.0,,,,,,0.1
2022-01-03,,,,,32.8,35.0,30.0,,,,,,1.1
2022-01-04,,,,,34.4,39.0,30.0,,,,,,0.51
2022-01-05,,,,,40.9,43.0,39.0,,,,,,0.07
2022-01-06,,,,,39.4,41.0,37.0,,,,,,0.08
2022-01-07,,,,,33.5,38.0,29.0,,,,,,0.46
2022-01-08,,,,,33.4,41.0,27.0,,,,,,0.08
2022-01-09,,,,,40.3,49.0,35.0,,,,,,0.01
2022-01-10,,,,,44.0,50.0,40.0,,,,,,0.0
2022-01-11,,,,,44.5,48.0,42.0,,,,,,0.0
2022-01-12,,,,,47.9,55.0,41.0,,,,,,0.0
2022-01-13,,,,,38.0,42.0,35.0,,,,,,0.05
2022-01-14,,,,,43.4,54.0,35.0,,,,,,0.01
2022-01-15,,,,,50.0,60.0,42.0,,,,,,0.0
2022-01-16,,,,,50.8,61.0,46.0,,,,,,0.0
2022-01-17,,,,,45.5,51.0,41.0,,,,,,0.0
2022-01-18,,,,,40.2,43.0,37.0,,,,,,0.0
2022-01-19,,,,,43.6,51.0,40.0,,,,,,0.0
2022-01-20,,,,,42.2,47.0,34.0,,,,,,0.0
2022-01-21,,,,,40.7,52.0,31.0,,,,,,0.0
2022-01-22,,,,,52.5,62.0,44.0,,,,,,0.0
2022-01-23,,,,,53.0,64.0,46.0,,,,,,0.0
2022-01-24,,,,,49.1,58.0,44.0,,,,,,0.0
2022-01-25,,,,,45.3,56.0,38.0,,,,,,0.0
2022-01-26,,,,,47.8,56.0,42.0,,,,,,0.0
2022-01-27,,,,,48.9,60.0,41.0,,,,,,0.0
2022-01-28,,,,,49.6,57.0,43.0,,,,,,0.0
2022-01-29,,,,,48.0,56.0,44.0,,,,,,0.0
2022-01-30,,,,,41.3,49.0,31.0,,,,,,0.12
2022-01-31,,,,,29.2,34.0,27.0,,,,,,0.05
2022-02-01,,,,,27.6,32.0,25.0,,,,,,0.1
2022-02-02,,,,,31.2,36.0,27.0,,,,,,0.01
2022-02-03,,,,,38.1,46.0,30.0,,,,,,0.0
2022-02-04,,,,,42.5,50.0,36.0,,,,,,0.0
2022-02-05,,,,,45.1,55.0,35.0,,,,,,0.0
2022-02-06,,,,,53.7,63.0,46.0,,,,,,0.0
2022-02-07,,,,,47.8,57.0,41.0,,,,,,0.0
2022-02-08,,,,,48.8,58.0,43.0,,,,,,0.0
2022-02-09,,,,,50.1,62.0,42.0,,,,,,0.0
2022-02-10,,,,,59.0,68.0,50.0,,,,,,0.0
2022-02-11,,,,,60.8,70.0,53.0,,,,,,0.0
2022-02-12,,,,,57.2,65.0,51.0,,,,,,0.0
2022-02-13,,,,,53.9,60.0,49.0,,,,,,0.0
2022-02-14,,,,,35.4,48.0,29.0,,,,,,0.08
2022-02-15,,,,,30.5,33.0,29.0,,,,,,0.13
2022-02-16,,,,,32.7,35.0,31.0,,,,,,0.02
2022-02-17,,,,,43.0,53.0,31.0,,,,,,0.0
2022-02-18,,,,,50.5,62.0,41.0,,,,,,0.0
2022-02-19,,,,,44.8,52.0,34.0,,,,,,0.0
2022-02-20,,,,,30.6,34.0,26.0,,,,,,0.09
2022-02-21,,,,,26.8,32.0,24.0,,,,,,0.0
2022-02-22,,,,,25.5,36.0,18.0,,,,,,0.29
2022-02-23,,,,,25.5,39.0,15.0,,,,,,0.16
2022-02-24,,,,,28.4,40.0,23.0,,,,,,0.0
2022-02-25,,,,,34.9,47.0,24.0,,,,,,0.01
2022-02-26,,,,,38.0,41.0,34.0,,,,,,0.0
2022-02-27,,,,,40.6,44.0,36.0,,,,,,0.07
2022-02-28,,,,,45.1,52.0,41.0,,,,,,0.1
2022-03-01,,,,,44.2,47.0,41.0,,,,,,0.04
2022-03-02,,,,,41.0,46.0,34.0,,,,,,0.66
2022-03-03,,,,,32.8,35.0,30.0,,,,,,0.45
2022-03-04,,,,,29.3,33.0,28.0,,,,,,0.11
2022-03-05,,,,,30.6,36.0,29.0,,,,,,0.12
2022-03-06,,,,,32.7,40.0,29.0,,,,,,0.0
2022-03-07,,,,,40.6,52.0,32.0,,,,,,0.0
2022-03-08,,,,,37.8,48.0,33.0,,,,,,0.0
2022-03-09,,,,,32.8,41.0,27.0,,,,,,0.02
2022-03-10,,,,,39.0,52.0,25.0,,,,,,0.03
2022-03-11,,,,,48.8,60.0,42.0,,,,,,0.0
2022-03-12,,,,,40.6,54.0,30.0,,,,,,0.21
2022-03-13,,,,,32.5,37.0,30.0,,,,,,0.26
2022-03-14,,,,,40.9,48.0,35.0,,,,,,0.07
2022-03-15,,,,,39.3,49.0,31.0,,,,,,0.14
2022-03-16,,,,,39.8,50.0,30.0,,,,,,0.01
2022-03-17,,,,,42.0,51.0,36.0,,,,,,0.0
2022-03-18,,,,,42.3,52.0,36.0,,,,,,0.0
2022-03-19,,,,,32.8,39.0,26.0,,,,,,0.19
2022-03-20,,,,,32.0,38.0,25.0,,,,,,0.0
2022-03-21,,,,,40.0,47.0,32.0,,,,,,0.03
2022-03-22,,,,,55.6,68.0,43.0,,,,,,0.0
2022-03-23,,,,,48.5,55.0,42.0,,,,,,0.0
2022-03-24,,,,,51.5,66.0,41.0,,,,,,0.0
2022-03-25,,,,,48.1,60.0,42.0,,,,,,0.0
2022-03-26,,,,,51.7,65.0,43.0,,,,,,0.0
2022-03-27,,,,,48.5,57.0,40.0,,,,,,0.0
2022-03-28,,,,,42.2,49.0,40.0,,,,,,0.02
2022-03-29,,,,,44.8,58.0,35.0,,,,,,0.0
2022-03-30,,,,,35.5,46.0,31.0,,,,,,0.02
2022-03-31,,,,,35.0,45.0,29.0,,,,,,0.0
2022-04-01,,,,,41.6,55.0,33.0,,,,,,0.01
2022-04-02,,,,,40.5,53.0,28.0,,,,,,0.0
2022-04-03,,,,,41.5,51.0,35.0,,,,,,0.04
2022-04-04,,,,,35.2,40.0,30.0,,,,,,0.7
2022-04-05,,,,,34.5,44.0,29.0,,,,,,0.15
2022-04-06,,,,,51.6,66.0,34.0,,,,,,0.0
2022-04-07,,,,,63.6,78.0,48.0,,,,,,0.0
2022-04-08,,,,,39.6,49.0,30.0,,,,,,0.04
2022-04-09,,,,,33.4,45.0,29.0,,,,,,0.0
2022-04-10,,,,,32.1,39.0,28.0,,,,,,0.07
2022-04-11,,,,,26.8,31.0,24.0,,,,,,0.0
2022-04-12,,,,,28.3,33.0,25.0,,,,,,0.24
2022-04-13,,,,,30.0,33.0,26.0,,,,,,0.16
2022-04-14,,,,,30.0,38.0,23.0,,,,,,0.65
2022-04-15,,,,,31.4,41.0,22.0,,,,,,0.04
2022-04-16,,,,,31.2,38.0,28.0,,,,,,0.25
2022-04-17,,,,,36.3,46.0,28.0,,,,,,0.0
2022-04-18,,,,,34.8,43.0,30.0,,,,,,0.34
2022-04-19,,,,,34.2,38.0,31.0,,,,,,0.21
2022-04-20,,,,,34.2,38.0,31.0,,,,,,0.65
2022-04-21,,,,,36.8,43.0,33.0,,,,,,0.26
2022-04-22,,,,,40.6,53.0,32.0,,,,,,0.0
2022-04-23,,,,,45.6,57.0,36.0,,,,,,0.01
2022-04-24,,,,,49.6,62.0,42.0,,,,,,0.0
2022-04-25,,,,,39.6,43.0,33.0,,,,,,0.03
2022-04-26,,,,,36.7,51.0,30.0,,,,,,0.01
2022-04-27,,,,,37.1,47.0,29.0,,,,,,0.0
2022-04-28,,,,,35.2,40.0,33.0,,,,,,0.07
2022-04-29,,,,,41.0,50.0,32.0,,,,,,0.31
2022-04-30,,,,,39.7,42.0,35.0,,,,,,0.23
2022-05-01,,,,,46.2,61.0,33.0,,,,,,0.0
2022-05-02,,,,,33.9,37.0,32.0,,,,,,0.39
2022-05-03,,,,,40.0,52.0,33.0,,,,,,0.01
2022-05-04,,,,,55.7,68.0,46.0,,,,,,0.0
2022-05-05,,,,,44.1,49.0,40.0,,,,,,0.45
2022-05-06,,,,,43.5,48.0,38.0,,,,,,0.23
2022-05-07,,,,,34.8,39.0,29.0,,,,,,0.22
2022-05-08,,,,,30.2,34.0,28.0,,,,,,0.17
2022-05-09,,,,,31.2,36.0,27.0,,,,,,0.16
2022-05-10,,,,,34.1,44.0,29.0,,,,,,0.12
2022-05-11,,,,,37.3,48.0,32.0,,,,,,0.21
2022-05-12,,,,,36.2,42.0,32.0,,,,,,0.03
2022-05-13,,,,,43.5,52.0,37.0,,,,,,0.1
2022-05-14,,,,,50.3,61.0,43.0,,,,,,0.03
2022-05-15,,,,,54.1,66.0,42.0,,,,,,0.0
2022-05-16,,,,,43.3,49.0,38.0,,,,,,0.04
2022-05-17,,,,,47.2,60.0,36.0,,,,,,0.0
2022-05-18,,,,,48.1,58.0,40.0,,,,,,0.0
2022-05-19,,,,,38.7,50.0,32.0,,,,,,0.01
2022-05-20,,,,,39.6,54.0,31.0,,,,,,0.0
2022-05-21,,,,,46.3,61.0,32.0,,,,,,0.0
2022-05-22,,,,,50.6,62.0,40.0,,,,,,0.0
2022-05-23,,,,,52.8,66.0,43.0,,,,,,0.0
2022-05-24,,,,,58.4,72.0,47.0,,,,,,0.0
2022-05-25,,,,,61.2,72.0,53.0,,,,,,0.0
2022-05-26,,,,,59.0,70.0,53.0,,,,,,0.0
2022-05-27,,,,,47.2,53.0,42.0,,,,,,0.03
2022-05-28,,,,,40.8,46.0,37.0,,,,,,0.33
2022-05-29,,,,,37.3,43.0,34.0,,,,,,0.07
2022-05-30,,,,,40.4,52.0,33.0,,,,,,0.0
2022-05-31,,,,,51.6,65.0,37.0,,,,,,0.0
2022-06-01,,,,,57.5,67.0,50.0,,,,,,0.0
2022-06-02,,,,,59.4,72.0,50.0,,,,,,0.0
2022-06-03,,,,,48.5,56.0,43.0,,,,,,0.06
2022-06-04,,,,,45.8,49.0,42.0,,,,,,0.73
2022-06-05,,,,,49.7,55.0,43.0,,,,,,0.06
2022-06-06,,,,,48.0,58.0,42.0,,,,,,0.01
2022-06-07,,,,,53.2,61.0,44.0,,,,,,0.0
2022-06-08,,,,,56.8,68.0,49.0,,,,,,0.0
2022-06-09,,,,,61.1,74.0,51.0,,,,,,0.0
2022-06-10,,,,,59.9,66.0,56.0,,,,,,0.15
2022-06-11,,,,,57.1,64.0,51.0,,,,,,0.13
2022-06-12,,,,,43.0,51.0,36.0,,,,,,0.83
2022-06-13,,,,,40.3,47.0,35.0,,,,,,0.17
2022-06-14,,,,,45.8,58.0,36.0,,,,,,0.0
2022-06-15,,,,,54.1,69.0,44.0,,,,,,0.05
2022-06-16,,,,,46.0,53.0,41.0,,,,,,0.03
2022-06-17,,,,,41.7,47.0,37.0,,,,,,0.4
2022-06-18,,,,,42.2,52.0,35.0,,,,,,0.01
2022-06-19,,,,,46.0,57.0,39.0,,,,,,0.0
2022-06-20,,,,,51.0,64.0,42.0,,,,,,0.0
2022-06-21,,,,,57.7,71.0,43.0,,,,,,0.0
2022-06-22,,,,,62.5,77.0,51.0,,,,,,0.0
2022-06-23,,,,,57.9,70.0,48.0,,,,,,0.0
2022-06-24,,,,,60.3,72.0,46.0,,,,,,0.0
2022-06-25,,,,,74.3,86.0,61.0,,,,,,0.0
2022-06-26,,,,,79.0,92.0,69.0,,,,,,0.0
2022-06-27,,,,,72.8,86.0,57.0,,,,,,0.0
2022-06-28,,,,,59.5,72.0,50.0,,,,,,0.0
2022-06-29,,,,,61.6,73.0,50.0,,,,,,0.0
2022-06-30,,,,,58.5,70.0,49.0,,,,,,0.0
2022-07-01,,,,,57.0,66.0,47.0,,,,,,0.01
2022-07-02,,,,,53.7,65.0,47.0,,,,,,0.0
2022-07-03,,,,,52.2,66.0,45.0,,,,,,0.11
2022-07-04,,,,,55.5,63.0,47.0,,,,,,0.16
2022-07-05,,,,,55.0,61.0,51.0,,,,,,0.38
2022-07-06,,,,,55.5,66.0,49.0,,,,,,0.01
2022-07-07,,,,,56.8,69.0,50.0,,,,,,0.0
2022-07-08,,,,,60.7,73.0,49.0,,,,,,0.01
2022-07-09,,,,,60.7,73.0,49.0,,,,,,0.0
2022-07-10,,,,,61.6,74.0,50.0,,,,,,0.0
2022-07-11,,,,,73.8,86.0,60.0,,,,,,0.0
2022-07-12,,,,,69.3,83.0,56.0,,,,,,0.0
2022-07-13,,,,,62.5,75.0,52.0,,,,,,0.0
2022-07-14,,,,,63.0,76.0,52.0,,,,,,0.0
2022-07-15,,,,,63.2,76.0,52.0,,,,,,0.0
2022-07-16,,,,,60.6,71.0,52.0,,,,,,0.0
2022-07-17,,,,,56.5,70.0,49.0,,,,,,0.0
2022-07-18,,,,,60.9,74.0,48.0,,,,,,0.0
2022-07-19,,,,,70.5,82.0,59.0,,,,,,0.0
2022-07-20,,,,,72.1,84.0,62.0,,,,,,0.0
2022-07-21,,,,,67.8,77.0,54.0,,,,,,0.0
2022-07-22,,,,,58.8,70.0,47.0,,,,,,0.0
2022-07-23,,,,,59.6,73.0,49.0,,,,,,0.0
2022-07-24,,,,,67.1,80.0,52.0,,,,,,0.0
2022-07-25,,,,,78.2,91.0,68.0,,,,,,0.0
2022-07-26,,,,,79.4,92.0,70.0,,,,,,0.0
2022-07-27,,,,,76.3,87.0,67.0,,,,,,0.0
2022-07-28,,,,,79.5,91.0,68.0,,,,,,0.0
2022-07-29,,,,,81.8,92.0,71.0,,,,,,0.0
2022-07-30,,,,,79.2,91.0,72.0,,,,,,0.0
2022-07-31,,,,,75.5,83.0,68.0,,,,,,0.0
2022-08-01,,,,,72.5,85.0,64.0,,,,,,0.0
2022-08-02,,,,,73.4,84.0,67.0,,,,,,0.0
2022-08-03,,,,,72.2,85.0,63.0,,,,,,0.0
2022-08-04,,,,,66.8,76.0,57.0,,,,,,0.0
2022-08-05,,,,,66.6,79.0,56.0,,,,,,0.0
2022-08-06,,,,,68.9,82.0,56.0,,,,,,0.0
2022-08-07,,,,,74.3,88.0,63.0,,,,,,0.0
2022-08-08,,,,,68.2,80.0,58.0,,,,,,0.0
2022-08-09,,,,,67.6,78.0,55.0,,,,,,0.0
2022-08-10,,,,,59.0,74.0,48.0,,,,,,0.0
2022-08-11,,,,,64.0,79.0,53.0,,,,,,0.0
2022-08-12,,,,,58.9,70.0,50.0,,,,,,0.0
2022-08-13,,,,,61.6,76.0,49.0,,,,,,0.0
2022-08-14,,,,,64.5,78.0,54.0,,,,,,0.0
2022-08-15,,,,,65.3,79.0,55.0,,,,,,0.0
2022-08-16,,,,,66.8,82.0,53.0,,,,,,0.0
2022-08-17,,,,,77.6,94.0,66.0,,,,,,0.1
2022-08-18,,,,,77.1,88.0,66.0,,,,,,0.0
2022-08-19,,,,,66.3,78.0,57.0,,,,,,0.0
2022-08-20,,,,,68.5,82.0,59.0,,,,,,0.0
2022-08-21,,,,,73.0,88.0,61.0,,,,,,0.0
2022-08-22,,,,,65.6,79.0,57.0,,,,,,0.0
2022-08-23,,,,,63.2,78.0,54.0,,,,,,0.01
2022-08-24,,,,,66.8,81.0,56.0,,,,,,0.0
2022-08-25,,,,,69.5,82.0,60.0,,,,,,0.0
2022-08-26,,,,,66.5,80.0,53.0,,,,,,0.0
2022-08-27,,,,,56.0,68.0,47.0,,,,,,0.04
2022-08-28,,,,,58.0,72.0,46.0,,,,,,0.0
2022-08-29,,,,,72.7,86.0,59.0,,,,,,0.0
2022-08-30,,,,,76.1,88.0,69.0,,,,,,0.0
2022-08-31,,,,,72.9,83.0,65.0,,,,,,0.0
2022-09-01,,,,,75.3,86.0,66.0,,,,,,0.0
2022-09-02,,,,,69.6,83.0,49.0,,,,,,0.0
2022-09-03,,,,,58.6,73.0,47.0,,,,,,0.0
2022-09-04,,,,,66.2,80.0,54.0,,,,,,0.0
2022-09-05,,,,,61.9,74.0,52.0,,,,,,0.01
2022-09-06,,,,,77.2,92.0,65.0,,,,,,0.0
2022-09-07,,,,,68.9,79.0,57.0,,,,,,0.0
2022-09-08,,,,,60.8,75.0,50.0,,,,,,0.0
2022-09-09,,,,,75.2,93.0,60.0,,,,,,0.0
2022-09-10,,,,,79.1,93.0,71.0,,,,,,0.0
2022-09-11,,,,,68.0,77.0,61.0,,,,,,0.0
2022-09-12,,,,,59.8,70.0,49.0,,,,,,0.01
2022-09-13,,,,,53.0,66.0,47.0,,,,,,0.0
2022-09-14,,,,,53.3,67.0,46.0,,,,,,0.0
2022-09-15,,,,,52.7,66.0,46.0,,,,,,0.0
2022-09-16,,,,,51.1,63.0,45.0,,,,,,0.0
2022-09-17,,,,,48.2,54.0,43.0,,,,,,0.01
2022-09-18,,,,,52.2,64.0,45.0,,,,,,0.03
2022-09-19,,,,,56.0,68.0,49.0,,,,,,0.02
2022-09-20,,,,,52.3,63.0,46.0,,,,,,0.47
2022-09-21,,,,,51.0,58.0,47.0,,,,,,0.07
2022-09-22,,,,,53.4,66.0,46.0,,,,,,0.01
2022-09-23,,,,,59.0,70.0,50.0,,,,,,0.0
2022-09-24,,,,,66.6,78.0,59.0,,,,,,0.0
2022-09-25,,,,,70.9,83.0,64.0,,,,,,0.0
2022-09-26,,,,,71.3,84.0,65.0,,,,,,0.0
2022-09-27,,,,,66.1,79.0,54.0,,,,,,0.0
2022-09-28,,,,,52.7,64.0,46.0,,,,,,0.06
2022-09-29,,,,,51.5,60.0,47.0,,,,,,0.0
2022-09-30,,,,,57.0,66.0,47.0,,,,,,0.0
2022-10-01,,,,,65.8,77.0,56.0,,,,,,0.0
2022-10-02,,,,,68.1,79.0,61.0,,,,,,0.0
2022-10-03,,,,,68.4,79.0,61.0,,,,,,0.0
2022-10-04,,,,,64.0,75.0,54.0,,,,,,0.0
2022-10-05,,,,,64.6,74.0,56.0,,,,,,0.0
2022-10-06,,,,,71.1,84.0,63.0,,,,,,0.0
2022-10-07,,,,,69.5,80.0,63.0,,,,,,0.0
2022-10-08,,,,,71.6,81.0,65.0,,,,,,0.0
2022-10-09,,,,,68.7,79.0,59.0,,,,,,0.0
2022-10-10,,,,,63.5,74.0,51.0,,,,,,0.0
2022-10-11,,,,,59.2,71.0,47.0,,,,,,0.0
2022-10-12,,,,,70.9,82.0,65.0,,,,,,0.0
2022-10-13,,,,,70.7,80.0,64.0,,,,,,0.0
2022-10-14,,,,,69.1,81.0,60.0,,,,,,0.0
2022-10-15,,,,,72.2,83.0,64.0,,,,,,0.0
2022-10-16,,,,,63.8,76.0,52.0,,,,,,0.0
2022-10-17,,,,,58.1,69.0,52.0,,,,,,0.0
2022-10-18,,,,,62.5,72.0,55.0,,,,,,0.0
2022-10-19,,,,,68.9,78.0,62.0,,,,,,0.0
2022-10-20,,,,,62.2,73.0,50.0,,,,,,0.0
2022-10-21,,,,,50.3,59.0,41.0,,,,,,0.27
2022-10-22,,,,,36.2,41.0,33.0,,,,,,0.73
2022-10-23,,,,,37.7,45.0,33.0,,,,,,0.03
2022-10-24,,,,,40.3,45.0,35.0,,,,,,0.19
2022-10-25,,,,,39.0,46.0,35.0,,,,,,0.12
2022-10-26,,,,,36.6,43.0,34.0,,,,,,0.19
2022-10-27,,,,,44.2,54.0,33.0,,,,,,0.01
2022-10-28,,,,,47.7,56.0,42.0,,,,,,0.01
2022-10-29,,,,,49.4,58.0,43.0,,,,,,0.01
2022-10-30,,,,,50.3,58.0,46.0,,,,,,0.01
2022-10-31,,,,,45.5,50.0,37.0,,,,,,0.16
2022-11-01,,,,,32.1,37.0,30.0,,,,,,0.5
2022-11-02,,,,,30.4,36.0,28.0,,,,,,0.12
2022-11-03,,,,,31.0,36.0,26.0,,,,,,0.25
2022-11-04,,,,,43.4,48.0,37.0,,,,,,0.73
2022-11-05,,,,,37.9,46.0,32.0,,,,,,0.57
2022-11-06,,,,,31.3,34.0,27.0,,,,,,0.21
2022-11-07,,,,,27.5,28.0,27.0,,,,,,0.0
2022-11-08,,,,,31.7,34.0,30.0,,,,,,0.16
2022-11-09,,,,,32.3,39.0,29.0,,,,,,0.4
2022-11-10,,,,,34.4,44.0,30.0,,,,,,0.13
2022-11-11,,,,,33.6,39.0,32.0,,,,,,0.06
2022-11-12,,,,,32.8,43.0,30.0,,,,,,0.01
2022-11-13,,,,,34.8,47.0,29.0,,,,,,0.01
2022-11-14,,,,,40.0,52.0,32.0,,,,,,0.0
2022-11-15,,,,,45.5,58.0,36.0,,,,,,0.0
2022-11-16,,,,,51.4,60.0,41.0,,,,,,0.0
2022-11-17,,,,,47.0,54.0,40.0,,,,,,0.0
2022-11-18,,,,,41.0,51.0,35.0,,,,,,0.0
2022-11-19,,,,,41.2,51.0,33.0,,,,,,0.0
2022-11-20,,,,,46.9,55.0,42.0,,,,,,0.0
2022-11-21,,,,,48.3,56.0,44.0,,,,,,0.0
2022-11-22,,,,,42.5,47.0,37.0,,,,,,0.07
2022-11-23,,,,,47.0,57.0,36.0,,,,,,0.01
2022-11-24,,,,,54.7,64.0,49.0,,,,,,0.0
2022-11-25,,,,,45.9,52.0,34.0,,,,,,0.07
2022-11-26,,,,,36.2,45.0,30.0,,,,,,0.01
2022-11-27,,,,,35.7,41.0,32.0,,,,,,0.17
2022-11-28,,,,,29.2,32.0,26.0,,,,,,0.0
2022-11-29,,,,,28.2,32.0,25.0,,,,,,0.02
2022-11-30,,,,,32.1,34.0,29.0,,,,,,0.6
2022-12-01,,,,,25.6,30.0,23.0,,,,,,0.0
2022-12-02,,,,,25.9,32.0,23.0,,,,,,0.03
2022-12-03,,,,,34.2,46.0,24.0,,,,,,0.34
2022-12-04,,,,,32.0,34.0,31.0,,,,,,0.09
2022-12-05,,,,,32.7,37.0,30.0,,,,,,0.1
2022-12-06,,,,,31.6,39.0,29.0,,,,,,0.01
2022-12-07,,,,,31.4,35.0,29.0,,,,,,0.0
2022-12-08,,,,,30.0,32.0,28.0,,,,,,0.0
2022-12-09,,,,,29.1,32.0,27.0,,,,,,0.0
2022-12-10,,,,,30.5,32.0,28.0,,,,,,0.0
2022-12-11,,,,,30.1,33.0,28.0,,,,,,0.12
2022-12-12,,,,,30.8,34.0,28.0,,,,,,0.15
2022-12-13,,,,,30.1,37.0,25.0,,,,,,0.38
2022-12-14,,,,,34.8,46.0,28.0,,,,,,0.1
2022-12-15,,,,,38.5,53.0,32.0,,,,,,0.0
2022-12-16,,,,,39.2,49.0,30.0,,,,,,0.0
2022-12-17,,,,,40.6,49.0,36.0,,,,,,0.0
2022-12-18,,,,,33.9,40.0,28.0,,,,,,0.0
2022-12-19,,,,,37.0,44.0,30.0,,,,,,0.0
2022-12-20,,,,,35.2,39.0,31.0,,,,,,0.21
2022-12-21,,,,,39.3,43.0,37.0,,,,,,0.23
2022-12-22,,,,,39.9,45.0,37.0,,,,,,0.16
2022-12-23,,,,,42.4,44.0,40.0,,,,,,0.03
2022-12-24,,,,,45.1,49.0,40.0,,,,,,0.1
2022-12-25,,,,,48.4,51.0,46.0,,,,,,0.01
2022-12-26,,,,,45.5,47.0,44.0,,,,,,1.74
2022-12-27,,,,,35.7,43.0,31.0,,,,,,0.97
2022-12-28,,,,,31.5,34.0,30.0,,,,,,0.09
2022-12-29,,,,,35.7,42.0,30.0,,,,,,0.58
2022-12-30,,,,,39.2,43.0,36.0,,,,,,0.97
2022-12-31,,,,,34.4,37.0,32.0,,,,,,0.02
2023-01-01,,,,,32.7,39.0,30.0,,,,,,0.0
2023-01-02,,,,,31.3,34.0,28.0,,,,,,0.0
2023-01-03,,,,,30.5,32.0,28.0,,,,,,0.03
2023-01-04,,,,,37.4,44.0,32.0,,,,,,0.15
2023-01-05,,,,,37.0,41.0,33.0,,,,,,0.17
2023-01-06,,,,,36.7,42.0,31.0,,,,,,0.02
2023-01-07,,,,,36.0,38.0,33.0,,,,,,0.47
2023-01-08,,,,,33.2,35.0,31.0,,,,,,0.5
2023-01-09,,,,,35.4,38.0,33.0,,,,,,0.39
2023-01-10,,,,,34.6,42.0,32.0,,,,,,0.12
2023-01-11,,,,,35.2,38.0,32.0,,,,,,0.39
2023-01-12,,,,,42.8,50.0,39.0,,,,,,0.23
2023-01-13,,,,,38.3,41.0,36.0,,,,,,1.1
2023-01-14,,,,,34.9,40.0,32.0,,,,,,0.35
2023-01-15,,,,,31.6,32.0,30.0,,,,,,0.17
2023-01-16,,,,,31.1,33.0,29.0,,,,,,0.09
2023-01-17,,,,,30.4,32.0,28.0,,,,,,0.04
2023-01-18,,,,,30.4,32.0,27.0,,,,,,0.01
2023-01-19,,,,,29.4,34.0,27.0,,,,,,0.29
2023-01-20,,,,,32.3,42.0,26.0,,,,,,0.14
2023-01-21,,,,,33.5,38.0,29.0,,,,,,0.07
2023-01-22,,,,,28.7,32.0,27.0,,,,,,0.0
2023-01-23,,,,,36.7,49.0,27.0,,,,,,0.0
2023-01-24,,,,,42.7,54.0,35.0,,,,,,0.0
2023-01-25,,,,,44.3,54.0,36.0,,,,,,0.0
2023-01-26,,,,,46.7,54.0,40.0,,,,,,0.0
2023-01-27,,,,,35.7,42.0,32.0,,,,,,0.0
2023-01-28,,,,,31.0,39.0,27.0,,,,,,0.02
2023-01-29,,,,,24.4,29.0,20.0,,,,,,0.04
2023-01-30,,,,,31.5,42.0,20.0,,,,,,0.0
2023-01-31,,,,,42.0,50.0,35.0,,,,,,0.0
2023-02-01,,,,,43.4,52.0,39.0,,,,,,0.0
2023-02-02,,,,,41.2,46.0,36.0,,,,,,0.0
2023-02-03,,,,,36.0,40.0,33.0,,,,,,0.15
2023-02-04,,,,,38.3,46.0,33.0,,,,,,0.03
2023-02-05,,,,,32.2,34.0,30.0,,,,,,0.22
2023-02-06,,,,,32.5,39.0,28.0,,,,,,0.08
2023-02-07,,,,,35.7,39.0,32.0,,,,,,0.14
2023-02-08,,,,,37.5,45.0,28.0,,,,,,0.01
2023-02-09,,,,,45.2,54.0,36.0,,,,,,0.0
2023-02-10,,,,,36.8,41.0,34.0,,,,,,0.06
2023-02-11,,,,,33.4,38.0,31.0,,,,,,0.0
2023-02-12,,,,,45.2,56.0,36.0,,,,,,0.0
2023-02-13,,,,,30.2,37.0,23.0,,,,,,0.09
2023-02-14,,,,,25.5,33.0,21.0,,,,,,0.17
2023-02-15,,,,,30.0,42.0,22.0,,,,,,0.17
2023-02-16,,,,,34.1,40.0,31.0,,,,,,0.03
2023-02-17,,,,,37.1,49.0,31.0,,,,,,0.0
2023-02-18,,,,,35.1,43.0,31.0,,,,,,0.0
2023-02-19,,,,,36.0,47.0,30.0,,,,,,0.01
2023-02-20,,,,,43.6,53.0,33.0,,,,,,0.0
2023-02-21,,,,,28.9,36.0,24.0,,,,,,0.11
2023-02-22,,,,,23.4,30.0,19.0,,,,,,0.11
2023-02-23,,,,,20.6,27.0,17.0,,,,,,0.01
2023-02-24,,,,,28.2,40.0,19.0,,,,,,0.45
2023-02-25,,,,,36.7,51.0,28.0,,,,,,0.14
2023-02-26,,,,,27.6,34.0,22.0,,,,,,0.25
2023-02-27,,,,,25.1,29.0,22.0,,,,,,0.01
2023-02-28,,,,,25.5,34.0,22.0,,,,,,0.33
2023-03-01,,,,,26.5,37.0,22.0,,,,,,0.1
2023-03-02,,,,,28.0,33.0,23.0,,,,,,0.04
2023-03-03,,,,,27.5,34.0,24.0,,,,,,0.06
2023-03-04,,,,,25.6,30.0,24.0,,,,,,0.02
2023-03-05,,,,,25.8,30.0,24.0,,,,,,0.13
2023-03-06,,,,,30.2,36.0,26.0,,,,,,0.1
2023-03-07,,,,,26.6,31.0,25.0,,,,,,0.1
2023-03-08,,,,,24.2,30.0,21.0,,,,,,0.0
2023-03-09,,,,,31.8,34.0,29.0,,,,,,0.31
2023-03-10,,,,,29.1,33.0,25.0,,,,,,0.18
2023-03-11,,,,,33.6,43.0,27.0,,,,,,0.28
2023-03-12,,,,,37.2,40.0,33.0,,,,,,0.18
2023-03-13,,,,,33.9,39.0,27.0,,,,,,0.95
2023-03-14,,,,,30.3,35.0,25.0,,,,,,0.28
2023-03-15,,,,,31.9,41.0,24.0,,,,,,0.14
2023-03-16,,,,,40.1,53.0,27.0,,,,,,0.01
2023-03-17,,,,,42.8,53.0,34.0,,,,,,0.0
2023-03-18,,,,,45.9,56.0,38.0,,,,,,0.0
2023-03-19,,,,,37.8,44.0,32.0,,,,,,0.23
2023-03-20,,,,,32.7,42.0,28.0,,,,,,0.01
2023-03-21,,,,,39.8,53.0,29.0,,,,,,0.01
2023-03-22,,,,,38.5,49.0,32.0,,,,,,0.04
2023-03-23,,,,,29.0,33.0,25.0,,,,,,0.1
2023-03-24,,,,,26.7,34.0,23.0,,,,,,0.11
2023-03-25,,,,,27.5,36.0,24.0,,,,,,0.22
2023-03-26,,,,,29.1,41.0,22.0,,,,,,0.39
2023-03-27,,,,,27.8,31.0,24.0,,,,,,0.0
2023-03-28,,,,,31.6,39.0,28.0,,,,,,0.77
2023-03-29,,,,,35.0,49.0,29.0,,,,,,0.31
2023-03-30,,,,,33.3,40.0,29.0,,,,,,0.0
2023-03-31,,,,,32.4,38.0,28.0,,,,,,0.0
2023-04-01,,,,,32.3,40.0,29.0,,,,,,0.27
2023-04-02,,,,,28.8,33.0,24.0,,,,,,0.15
2023-04-03,,,,,27.8,37.0,23.0,,,,,,0.2
2023-04-04,,,,,29.2,38.0,24.0,,,,,,0.22
2023-04-05,,,,,32.8,40.0,28.0,,,,,,0.13
2023-04-06,,,,,36.7,41.0,34.0,,,,,,0.41
2023-04-07,,,,,37.0,45.0,33.0,,,,,,0.19
2023-04-08,,,,,40.2,51.0,33.0,,,,,,0.0
2023-04-09,,,,,44.2,51.0,40.0,,,,,,0.06
2023-04-10,,,,,42.5,48.0,32.0,,,,,,0.62
2023-04-11,,,,,32.8,40.0,28.0,,,,,,0.09
2023-04-12,,,,,30.3,38.0,24.0,,,,,,0.14
2023-04-13,,,,,35.7,50.0,24.0,,,,,,0.01
2023-04-14,,,,,41.0,55.0,30.0,,,,,,0.0
2023-04-15,,,,,43.5,57.0,35.0,,,,,,0.01
2023-04-16,,,,,35.1,42.0,30.0,,,,,,0.06
2023-04-17,,,,,30.2,36.0,25.0,,,,,,0.02
2023-04-18,,,,,29.0,37.0,23.0,,,,,,0.23
2023-04-19,,,,,30.9,37.0,27.0,,,,,,0.15
2023-04-20,,,,,33.9,40.0,30.0,,,,,,0.12
2023-04-21,,,,,44.0,49.0,40.0,,,,,,0.02
2023-04-22,,,,,50.2,61.0,42.0,,,,,,0.13
2023-04-23,,,,,43.0,53.0,32.0,,,,,,0.06
2023-04-24,,,,,39.1,50.0,33.0,,,,,,0.04
2023-04-25,,,,,48.0,60.0,36.0,,,,,,0.0
2023-04-26,,,,,59.0,69.0,50.0,,,,,,0.0
2023-04-27,,,,,60.2,71.0,50.0,,,,,,0.0
2023-04-28,,,,,69.0,82.0,58.0,,,,,,0.0
2023-04-29,,,,,62.9,75.0,47.0,,,,,,0.0
2023-04-30,,,,,44.6,53.0,36.0,,,,,,0.0
2023-05-01,,,,,38.1,43.0,34.0,,,,,,0.07
2023-05-02,,,,,41.3,52.0,36.0,,,,,,0.23
2023-05-03,,,,,45.9,60.0,38.0,,,,,,0.0
2023-05-04,,,,,44.3,54.0,37.0,,,,,,0.0
2023-05-05,,,,,39.4,47.0,35.0,,,,,,0.0
2023-05-06,,,,,38.8,47.0,34.0,,,,,,0.15
2023-05-07,,,,,40.0,48.0,33.0,,,,,,0.12
2023-05-08,,,,,37.4,46.0,33.0,,,,,,0.54
2023-05-09,,,,,44.8,58.0,35.0,,,,,,0.01
2023-05-10,,,,,46.2,58.0,40.0,,,,,,0.01
2023-05-11,,,,,50.9,63.0,41.0,,,,,,0.0
2023-05-12,,,,,61.8,74.0,50.0,,,,,,0.0
2023-05-13,,,,,68.3,80.0,56.0,,,,,,0.0
2023-05-14,,,,,70.3,82.0,61.0,,,,,,0.0
2023-05-15,,,,,66.8,78.0,59.0,,,,,,0.0
2023-05-16,,,,,65.3,77.0,58.0,,,,,,0.0
2023-05-17,,,,,67.0,79.0,57.0,,,,,,0.0
2023-05-18,,,,,63.0,74.0,53.0,,,,,,0.0
2023-05-19,,,,,61.7,73.0,51.0,,,,,,0.0
2023-05-20,,,,,57.4,70.0,46.0,,,,,,0.0
2023-05-21,,,,,46.4,53.0,42.0,,,,,,0.0
2023-05-22,,,,,43.9,55.0,37.0,,,,,,0.0
2023-05-23,,,,,43.5,57.0,35.0,,,,,,0.0
2023-05-24,,,,,47.9,62.0,38.0,,,,,,0.0
2023-05-25,,,,,56.5,70.0,44.0,,,,,,0.0
2023-05-26,,,,,59.0,74.0,49.0,,,,,,0.0
2023-05-27,,,,,54.9,68.0,45.0,,,,,,0.0
2023-05-28,,,,,54.9,69.0,44.0,,,,,,0.0
2023-05-29,,,,,59.7,73.0,48.0,,,,,,0.0
2023-05-30,,,,,51.1,62.0,38.0,,,,,,0.0
2023-05-31,,,,,45.6,60.0,37.0,,,,,,0.0
2023-06-01,,,,,47.2,62.0,36.0,,,,,,0.0
2023-06-02,,,,,53.6,68.0,42.0,,,,,,0.0
2023-06-03,,,,,55.0,70.0,44.0,,,,,,0.0
2023-06-04,,,,,51.1,65.0,41.0,,,,,,0.0
2023-06-05,,,,,59.5,72.0,45.0,,,,,,0.0
2023-06-06,,,,,67.8,81.0,57.0,,,,,,0.0
2023-06-07,,,,,61.0,72.0,52.0,,,,,,0.04
2023-06-08,,,,,59.0,71.0,50.0,,,,,,0.0
2023-06-09,,,,,56.8,67.0,47.0,,,,,,0.0
2023-06-10,,,,,53.4,67.0,45.0,,,,,,0.01
2023-06-11,,,,,58.4,75.0,45.0,,,,,,0.0
2023-06-12,,,,,62.5,77.0,49.0,,,,,,0.0
2023-06-13,,,,,59.6,71.0,45.0,,,,,,0.0
2023-06-14,,,,,48.2,62.0,40.0,,,,,,0.0
2023-06-15,,,,,51.0,65.0,37.0,,,,,,0.0
2023-06-16,,,,,62.5,78.0,48.0,,,,,,0.0
2023-06-17,,,,,53.6,66.0,40.0,,,,,,0.0
2023-06-18,,,,,42.6,52.0,37.0,,,,,,0.02
2023-06-19,,,,,39.0,48.0,35.0,,,,,,0.07
2023-06-20,,,,,43.7,54.0,34.0,,,,,,0.0
2023-06-21,,,,,55.0,69.0,41.0,,,,,,0.0
2023-06-22,,,,,64.6,79.0,50.0,,,,,,0.0
2023-06-23,,,,,59.4,71.0,51.0,,,,,,0.0
2023-06-24,,,,,60.5,72.0,51.0,,,,,,0.0
2023-06-25,,,,,59.9,74.0,48.0,,,,,,0.0
2023-06-26,,,,,58.6,72.0,48.0,,,,,,0.0
2023-06-27,,,,,61.0,74.0,48.0,,,,,,0.0
2023-06-28,,,,,65.0,79.0,54.0,,,,,,0.0
2023-06-29,,,,,68.3,81.0,59.0,,,,,,0.0
2023-06-30,,,,,69.3,85.0,57.0,,,,,,0.0
2023-07-01,,,,,65.4,80.0,53.0,,,,,,0.0
2023-07-02,,,,,66.0,80.0,55.0,,,,,,0.0
2023-07-03,,,,,66.7,82.0,53.0,,,,,,0.0
2023-07-04,,,,,72.4,86.0,57.0,,,,,,0.0
2023-07-05,,,,,71.9,87.0,61.0,,,,,,0.0
2023-07-06,,,,,67.2,81.0,55.0,,,,,,0.0
2023-07-07,,,,,62.2,74.0,53.0,,,,,,0.0
2023-07-08,,,,,61.9,74.0,52.0,,,,,,0.0
2023-07-09,,,,,61.8,76.0,49.0,,,,,,0.0
2023-07-10,,,,,59.9,73.0,48.0,,,,,,0.0
2023-07-11,,,,,63.8,78.0,53.0,,,,,,0.0
2023-07-12,,,,,64.2,78.0,54.0,,,,,,0.0
2023-07-13,,,,,66.7,81.0,53.0,,,,,,0.0
2023-07-14,,,,,70.8,87.0,58.0,,,,,,0.0
2023-07-15,,,,,71.9,88.0,60.0,,,,,,0.0
2023-07-16,,,,,66.7,84.0,51.0,,,,,,0.0
2023-07-17,,,,,59.6,75.0,47.0,,,,,,0.0
2023-07-18,,,,,64.2,80.0,52.0,,,,,,0.0
2023-07-19,,,,,66.9,83.0,56.0,,,,,,0.0
2023-07-20,,,,,67.5,81.0,56.0,,,,,,0.0
2023-07-21,,,,,67.7,83.0,58.0,,,,,,0.0
2023-07-22,,,,,68.0,83.0,57.0,,,,,,0.0
2023-07-23,,,,,64.0,81.0,51.0,,,,,,0.0
2023-07-24,,,,,61.7,78.0,51.0,,,,,,0.0
2023-07-25,,,,,62.4,77.0,51.0,,,,,,0.0
2023-07-26,,,,,62.4,78.0,51.0,,,,,,0.0
2023-07-27,,,,,60.6,76.0,50.0,,,,,,0.0
2023-07-28,,,,,60.9,76.0,50.0,,,,,,0.0
2023-07-29,,,,,58.9,75.0,48.0,,,,,,0.0
2023-07-30,,,,,59.0,76.0,47.0,,,,,,0.0
2023-07-31,,,,,61.1,77.0,47.0,,,,,,0.0
2023-08-01,,,,,65.3,81.0,53.0,,,,,,0.0
2023-08-02,,,,,64.5,81.0,54.0,,,,,,0.0
2023-08-03,,,,,63.3,79.0,52.0,,,,,,0.0
2023-08-04,,,,,64.7,79.0,53.0,,,,,,0.01
2023-08-05,,,,,66.3,82.0,55.0,,,,,,0.0
2023-08-06,,,,,64.8,79.0,54.0,,,,,,0.0
2023-08-07,,,,,64.0,79.0,54.0,,,,,,0.0
2023-08-08,,,,,66.3,81.0,55.0,,,,,,0.0
2023-08-09,,,,,65.5,80.0,55.0,,,,,,0.0
2023-08-10,,,,,63.0,76.0,54.0,,,,,,0.01
2023-08-11,,,,,65.9,81.0,53.0,,,,,,0.0
2023-08-12,,,,,68.8,84.0,58.0,,,,,,0.0
2023-08-13,,,,,77.4,92.0,62.0,,,,,,0.0
2023-08-14,,,,,84.5,100.0,74.0,,,,,,0.0
2023-08-15,,,,,82.0,95.0,73.0,,,,,,0.0
2023-08-16,,,,,84.2,96.0,75.0,,,,,,0.0
2023-08-17,,,,,77.4,88.0,67.0,,,,,,0.0
2023-08-18,,,,,66.0,77.0,57.0,,,,,,0.0
2023-08-19,,,,,66.9,76.0,59.0,,,,,,0.0
2023-08-20,,,,,67.5,80.0,58.0,,,,,,0.0
2023-08-21,,,,,59.0,72.0,49.0,,,,,,0.0
2023-08-22,,,,,54.6,71.0,45.0,,,,,,0.0
2023-08-23,,,,,59.2,73.0,47.0,,,,,,0.0
2023-08-24,,,,,69.8,86.0,58.0,,,,,,0.12
2023-08-25,,,,,66.9,78.0,59.0,,,,,,0.0
2023-08-26,,,,,68.0,84.0,59.0,,,,,,0.0
2023-08-27,,,,,66.6,76.0,59.0,,,,,,0.0
2023-08-28,,,,,61.0,70.0,51.0,,,,,,0.0
2023-08-29,,,,,54.3,68.0,46.0,,,,,,0.0
2023-08-30,,,,,58.0,74.0,48.0,,,,,,0.0
2023-08-31,,,,,53.8,59.0,51.0,,,,,,0.3
2023-09-01,,,,,53.7,57.0,51.0,,,,,,0.18
2023-09-02,,,,,56.3,70.0,49.0,,,,,,0.04
2023-09-03,,,,,54.7,67.0,49.0,,,,,,0.01
2023-09-04,,,,,50.0,58.0,45.0,,,,,,0.16
2023-09-05,,,,,55.1,68.0,45.0,,,,,,0.01
2023-09-06,,,,,58.9,72.0,51.0,,,,,,0.0
2023-09-07,,,,,54.8,69.0,47.0,,,,,,0.0
2023-09-08,,,,,60.0,72.0,48.0,,,,,,0.0
2023-09-09,,,,,65.4,79.0,57.0,,,,,,0.0
2023-09-10,,,,,61.7,74.0,54.0,,,,,,0.0
2023-09-11,,,,,58.6,71.0,51.0,,,,,,0.0
2023-09-12,,,,,58.9,73.0,49.0,,,,,,0.0
2023-09-13,,,,,60.4,73.0,51.0,,,,,,0.0
2023-09-14,,,,,73.0,86.0,61.0,,,,,,0.0
2023-09-15,,,,,76.0,88.0,67.0,,,,,,0.0
2023-09-16,,,,,70.6,82.0,61.0,,,,,,0.0
2023-09-17,,,,,70.2,83.0,58.0,,,,,,0.0
2023-09-18,,,,,57.2,70.0,47.0,,,,,,0.0
2023-09-19,,,,,51.1,64.0,40.0,,,,,,0.01
2023-09-20,,,,,46.3,55.0,41.0,,,,,,0.04
2023-09-21,,,,,49.2,61.0,39.0,,,,,,0.0
2023-09-22,,,,,54.2,69.0,44.0,,,,,,0.0
2023-09-23,,,,,51.2,61.0,46.0,,,,,,0.0
2023-09-24,,,,,49.0,56.0,45.0,,,,,,0.09
2023-09-25,,,,,47.3,52.0,46.0,,,,,,0.82
2023-09-26,,,,,47.1,55.0,44.0,,,,,,0.22
2023-09-27,,,,,45.6,55.0,41.0,,,,,,0.21
2023-09-28,,,,,48.5,59.0,39.0,,,,,,0.01
2023-09-29,,,,,47.1,53.0,44.0,,,,,,0.94
2023-09-30,,,,,43.0,48.0,40.0,,,,,,0.15
2023-10-01,,,,,45.5,56.0,39.0,,,,,,0.0
2023-10-02,,,,,49.6,58.0,42.0,,,,,,0.15
2023-10-03,,,,,49.7,53.0,48.0,,,,,,0.04
2023-10-04,,,,,54.0,62.0,46.0,,,,,,0.0
2023-10-05,,,,,68.1,78.0,56.0,,,,,,0.0
2023-10-06,,,,,70.9,81.0,63.0,,,,,,0.0
2023-10-07,,,,,68.7,79.0,61.0,,,,,,0.0
2023-10-08,,,,,63.7,74.0,57.0,,,,,,0.0
2023-10-09,,,,,50.0,57.0,44.0,,,,,,0.28
2023-10-10,,,,,43.4,51.0,39.0,,,,,,0.32
2023-10-11,,,,,41.7,45.0,39.0,,,,,,0.25
2023-10-12,,,,,49.0,61.0,39.0,,,,,,0.01
2023-10-13,,,,,48.0,53.0,44.0,,,,,,0.13
2023-10-14,,,,,47.1,51.0,44.0,,,,,,0.0
2023-10-15,,,,,55.0,63.0,49.0,,,,,,0.0
2023-10-16,,,,,50.8,54.0,47.0,,,,,,0.31
2023-10-17,,,,,54.0,65.0,47.0,,,,,,0.01
2023-10-18,,,,,67.1,76.0,57.0,,,,,,0.0
2023-10-19,,,,,68.8,77.0,64.0,,,,,,0.0
2023-10-20,,,,,67.3,76.0,62.0,,,,,,0.0
2023-10-21,,,,,53.5,63.0,46.0,,,,,,0.0
2023-10-22,,,,,47.3,49.0,46.0,,,,,,0.17
2023-10-23,,,,,45.0,52.0,39.0,,,,,,0.0
2023-10-24,,,,,39.2,43.0,37.0,,,,,,0.05
2023-10-25,,,,,34.2,40.0,32.0,,,,,,0.41
2023-10-26,,,,,35.0,42.0,32.0,,,,,,0.07
2023-10-27,,,,,35.1,45.0,30.0,,,,,,0.01
2023-10-28,,,,,39.4,51.0,30.0,,,,,,0.01
2023-10-29,,,,,49.0,61.0,37.0,,,,,,0.0
2023-10-30,,,,,57.9,67.0,50.0,,,,,,0.0
2023-10-31,,,,,55.8,62.0,51.0,,,,,,0.0
2023-11-01,,,,,54.7,58.0,52.0,,,,,,0.0
2023-11-02,,,,,50.3,52.0,48.0,,,,,,0.06
2023-11-03,,,,,51.3,53.0,48.0,,,,,,0.11
2023-11-04,,,,,48.8,53.0,45.0,,,,,,1.35
2023-11-05,,,,,44.3,48.0,41.0,,,,,,0.33
2023-11-06,,,,,39.2,41.0,36.0,,,,,,0.66
2023-11-07,,,,,36.6,40.0,33.0,,,,,,0.12
2023-11-08,,,,,40.0,51.0,31.0,,,,,,0.01
2023-11-09,,,,,40.9,45.0,35.0,,,,,,0.05
2023-11-10,,,,,38.0,42.0,35.0,,,,,,0.01
2023-11-11,,,,,40.2,44.0,34.0,,,,,,0.01
2023-11-12,,,,,43.4,49.0,40.0,,,,,,0.01
2023-11-13,,,,,42.0,47.0,40.0,,,,,,0.2
2023-11-14,,,,,43.9,48.0,41.0,,,,,,0.17
2023-11-15,,,,,48.5,58.0,43.0,,,,,,0.02
2023-11-16,,,,,49.3,57.0,45.0,,,,,,0.0
2023-11-17,,,,,50.7,60.0,44.0,,,,,,0.0
2023-11-18,,,,,42.4,48.0,34.0,,,,,,0.57
2023-11-19,,,,,32.9,37.0,31.0,,,,,,0.04
2023-11-20,,,,,44.2,55.0,31.0,,,,,,0.0
2023-11-21,,,,,51.8,57.0,49.0,,,,,,0.0
2023-11-22,,,,,44.2,49.0,37.0,,,,,,0.04
2023-11-23,,,,,32.5,36.0,28.0,,,,,,0.02
2023-11-24,,,,,31.7,37.0,27.0,,,,,,0.0
2023-11-25,,,,,37.5,48.0,29.0,,,,,,0.0
2023-11-26,,,,,43.4,54.0,35.0,,,,,,0.0
2023-11-27,,,,,43.7,54.0,37.0,,,,,,0.0
2023-11-28,,,,,44.3,52.0,40.0,,,,,,0.0
2023-11-29,,,,,41.9,50.0,38.0,,,,,,0.0
2023-11-30,,,,,33.3,38.0,31.0,,,,,,0.12
2023-12-01,,,,,34.8,38.0,31.0,,,,,,0.27
2023-12-02,,,,,39.4,44.0,35.0,,,,,,0.83
2023-12-03,,,,,44.2,45.0,43.0,,,,,,0.45
2023-12-04,,,,,47.3,49.0,45.0,,,,,,0.02
2023-12-05,,,,,47.8,52.0,46.0,,,,,,0.01
2023-12-06,,,,,40.0,46.0,34.0,,,,,,0.59
2023-12-07,,,,,31.7,34.0,30.0,,,,,,0.06
2023-12-08,,,,,31.1,37.0,28.0,,,,,,0.29
2023-12-09,,,,,34.2,37.0,29.0,,,,,,0.01
2023-12-10,,,,,39.1,42.0,36.0,,,,,,0.32
2023-12-11,,,,,42.8,49.0,38.0,,,,,,0.11
2023-12-12,,,,,42.3,51.0,37.0,,,,,,0.0
2023-12-13,,,,,45.5,52.0,41.0,,,,,,0.0
2023-12-14,,,,,44.8,47.0,42.0,,,,,,0.0
2023-12-15,,,,,48.3,56.0,42.0,,,,,,0.0
2023-12-16,,,,,53.7,62.0,48.0,,,,,,0.0
2023-12-17,,,,,50.5,55.0,40.0,,,,,,0.08
2023-12-18,,,,,44.8,52.0,41.0,,,,,,0.07
2023-12-19,,,,,43.1,45.0,41.0,,,,,,0.49
2023-12-20,,,,,46.4,56.0,40.0,,,,,,0.0
2023-12-21,,,,,48.9,55.0,43.0,,,,,,0.0
2023-12-22,,,,,34.8,44.0,30.0,,,,,,0.11
2023-12-23,,,,,32.6,40.0,27.0,,,,,,0.0
2023-12-24,,,,,36.5,38.0,35.0,,,,,,0.08
2023-12-25,,,,,39.5,42.0,36.0,,,,,,0.05
2023-12-26,,,,,42.5,45.0,40.0,,,,,,0.01
2023-12-27,,,,,41.0,46.0,38.0,,,,,,0.44
2023-12-28,,,,,42.5,47.0,39.0,,,,,,0.01
2023-12-29,,,,,44.0,51.0,40.0,,,,,,0.34
2023-12-30,,,,,38.2,40.0,35.0,,,,,,0.29
2023-12-31,,,,,37.6,42.0,35.0,,,,,,0.01
2024-01-01,171.0,6.0,155,23.0,39.0,44.0,34.0,79,94,68,33.0,36.0,0.0
2024-01-02,,,,31.0,,43.0,34.0,,100,74,,,0.11
2024-01-03,64.0,6.6,218,26.0,34.0,37.0,33.0,100,100,100,34.0,34.0,0.22
2024-01-04,83.0,7.1,219,28.0,37.0,40.0,32.0,100,100,100,37.0,37.0,0.23
2024-01-05,197.0,5.8,182,37.0,34.0,41.0,28.0,64,100,35,22.0,30.0,0.01
2024-01-06,23.0,7.6,247,37.0,29.0,30.0,27.0,99,100,88,28.0,29.0,0.02
2024-01-07,60.0,4.0,257,13.0,29.0,33.0,27.0,100,100,100,29.0,29.0,0.13
2024-01-08,,,,37.0,,37.0,27.0,,100,100,,,0.45
2024-01-09,20.0,9.1,226,45.0,31.0,37.0,28.0,100,100,100,31.0,31.0,0.24
2024-01-10,12.0,2.8,269,35.0,27.0,30.0,24.0,100,100,99,27.0,27.0,0.0
2024-01-11,15.0,3.1,236,18.0,28.0,31.0,26.0,100,100,100,28.0,28.0,0.0
2024-01-12,,,,22.0,,32.0,30.0,,100,100,,,0.01
2024-01-13,36.0,14.1,197,43.0,37.0,41.0,32.0,100,100,100,37.0,37.0,1.88
2024-01-14,118.0,4.2,214,23.0,37.0,43.0,34.0,100,100,99,37.0,37.0,0.04
2024-01-15,226.0,5.8,150,22.0,42.0,54.0,35.0,69,100,45,31.0,37.0,0.0
2024-01-16,56.0,13.0,172,36.0,38.0,41.0,34.0,82,100,58,32.0,35.0,0.4
2024-01-17,66.0,11.4,199,37.0,38.0,41.0,35.0,100,100,100,38.0,38.0,0.63
2024-01-18,44.0,7.4,123,28.0,41.0,45.0,38.0,93,100,72,39.0,40.0,0.15
2024-01-19,95.0,4.0,48,19.0,45.0,51.0,42.0,60,75,46,32.0,39.0,0.0
2024-01-20,52.0,8.3,134,39.0,39.0,42.0,36.0,93,100,70,37.0,38.0,0.61
2024-01-21,46.0,9.3,161,31.0,40.0,42.0,37.0,100,100,100,40.0,40.0,0.68
2024-01-22,77.0,9.1,189,28.0,40.0,42.0,39.0,100,100,100,40.0,40.0,0.41
2024-01-23,118.0,7.7,176,29.0,40.0,43.0,38.0,100,100,100,40.0,40.0,0.1
2024-01-24,65.0,9.5,194,32.0,39.0,42.0,34.0,100,100,100,39.0,39.0,0.4
2024-01-25,95.0,9.1,172,27.0,36.0,39.0,34.0,99,100,95,36.0,36.0,0.02
2024-01-26,49.0,13.2,164,41.0,41.0,47.0,35.0,99,100,88,41.0,41.0,0.42
2024-01-27,49.0,10.2,169,36.0,47.0,49.0,45.0,100,100,100,47.0,47.0,0.84
2024-01-28,150.0,6.5,129,27.0,51.0,55.0,47.0,86,100,65,47.0,49.0,0.14
2024-01-29,184.0,5.8,134,23.0,55.0,62.0,51.0,58,67,47,41.0,47.0,0.0
2024-01-30,134.0,3.5,124,25.0,52.0,58.0,47.0,62,77,47,39.0,45.0,0.0
2024-01-31,46.0,6.2,165,29.0,41.0,47.0,37.0,95,100,73,39.0,40.0,0.59
2024-02-01,123.0,8.3,163,27.0,36.0,39.0,34.0,100,100,96,36.0,36.0,0.02
2024-02-02,93.0,7.6,174,27.0,32.0,34.0,29.0,100,100,100,32.0,32.0,0.08
2024-02-03,229.0,5.1,122,20.0,33.0,43.0,28.0,86,100,59,29.0,31.0,0.03
2024-02-04,60.0,3.5,41,14.0,32.0,36.0,29.0,84,100,64,28.0,30.0,0.0
2024-02-05,60.0,3.0,149,15.0,36.0,39.0,32.0,100,100,100,36.0,36.0,0.79
2024-02-06,103.0,0.9,283,8.0,33.0,40.0,31.0,98,100,85,33.0,33.0,0.46
2024-02-07,,,,20.0,,36.0,29.0,,100,94,,,0.19
2024-02-08,130.0,1.4,276,8.0,31.0,37.0,29.0,99,100,93,31.0,31.0,0.34
2024-02-09,113.0,2.3,218,12.0,31.0,37.0,28.0,99,100,91,31.0,31.0,0.08
2024-02-10,256.0,4.7,159,17.0,38.0,46.0,32.0,87,100,67,34.0,36.0,0.04
2024-02-11,142.0,6.8,205,23.0,39.0,44.0,36.0,98,100,86,38.0,39.0,0.0
2024-02-12,175.0,2.3,79,10.0,38.0,45.0,35.0,96,100,73,37.0,37.0,0.02
2024-02-13,307.0,2.8,186,14.0,38.0,48.0,32.0,91,100,67,35.0,37.0,0.0
2024-02-14,,,,28.0,,36.0,31.0,,100,96,,,0.43
2024-02-15,,,,32.0,,38.0,33.0,,100,100,,,0.58
2024-02-16,94.0,5.0,73,18.0,40.0,43.0,36.0,93,100,78,38.0,39.0,0.01
2024-02-17,64.0,3.8,102,22.0,40.0,42.0,37.0,93,100,76,38.0,39.0,0.51
2024-02-18,138.0,4.9,109,25.0,38.0,45.0,36.0,98,100,87,38.0,38.0,0.22
2024-02-19,137.0,4.8,105,24.0,38.0,44.0,35.0,98,100,85,37.0,37.0,0.24
2024-02-20,195.0,9.5,165,33.0,37.0,44.0,35.0,95,100,77,36.0,36.0,0.08
2024-02-21,158.0,7.2,188,32.0,36.0,42.0,34.0,100,100,92,36.0,36.0,0.06
2024-02-22,285.0,3.8,132,14.0,40.0,50.0,33.0,87,100,60,36.0,38.0,0.01
2024-02-23,349.0,3.8,95,15.0,46.0,56.0,39.0,64,82,48,34.0,40.0,0.0
2024-02-24,357.0,3.9,24,14.0,47.0,57.0,40.0,63,99,36,34.0,40.0,0.0
2024-02-25,288.0,5.2,203,25.0,44.0,54.0,36.0,69,99,54,34.0,39.0,0.0
2024-02-26,150.0,6.2,257,22.0,30.0,36.0,25.0,99,100,91,30.0,30.0,0.17
2024-02-27,165.0,5.8,205,19.0,29.0,34.0,26.0,97,100,90,29.0,29.0,0.04
2024-02-28,181.0,13.0,179,39.0,37.0,41.0,31.0,91,100,84,34.0,36.0,0.05
2024-02-29,102.0,9.2,203,40.0,30.0,39.0,26.0,100,100,100,30.0,30.0,0.74
2024-03-01,,,,31.0,,26.0,26.0,,100,100,,,0.0
2024-03-02,,,,,,,,,,,,,
2024-03-03,,,,,,,,,,,,,
2024-03-04,,,,21.0,,33.0,29.0,,100,100,,,0.02
2024-03-05,,,,10.0,,38.0,27.0,,100,97,,,0.42
2024-03-06,227.0,0.5,341,7.0,27.0,35.0,23.0,97,100,90,27.0,27.0,0.29
2024-03-07,393.0,3.3,88,18.0,32.0,46.0,21.0,86,98,71,28.0,30.0,0.24
2024-03-08,428.0,9.5,166,25.0,41.0,52.0,33.0,60,92,39,27.0,35.0,0.0
2024-03-09,246.0,11.0,172,47.0,34.0,41.0,31.0,90,100,68,31.0,33.0,0.1
2024-03-10,157.0,12.1,175,50.0,32.0,35.0,30.0,91,100,54,29.0,31.0,0.18
2024-03-11,95.0,11.6,170,49.0,32.0,36.0,30.0,100,100,100,32.0,32.0,0.12
2024-03-12,220.0,6.2,240,29.0,33.0,38.0,29.0,100,100,97,33.0,33.0,0.17
2024-03-13,263.0,1.8,346,16.0,35.0,48.0,29.0,92,100,65,32.0,33.0,0.01
2024-03-14,466.0,4.2,69,18.0,43.0,60.0,30.0,60,93,35,29.0,37.0,0.0
2024-03-15,472.0,2.5,78,15.0,51.0,66.0,39.0,35,47,22,23.0,38.0,0.0
2024-03-16,483.0,5.3,148,20.0,53.0,67.0,42.0,32,48,19,23.0,39.0,0.0
2024-03-17,481.0,4.7,42,15.0,54.0,67.0,45.0,37,59,24,28.0,42.0,0.0
2024-03-18,479.0,4.2,68,16.0,59.0,73.0,49.0,40,62,21,33.0,46.0,0.0
2024-03-19,480.0,3.3,221,9.0,56.0,67.0,47.0,58,85,38,41.0,47.0,0.0
2024-03-20,306.0,4.6,201,15.0,43.0,51.0,37.0,72,92,52,35.0,39.0,0.0
2024-03-21,346.0,5.0,181,21.0,44.0,55.0,37.0,79,100,46,37.0,41.0,0.0
2024-03-22,131.0,8.0,163,33.0,38.0,44.0,33.0,96,100,78,37.0,38.0,0.39
2024-03-23,,,,39.0,,34.0,32.0,,100,98,,,0.3
2024-03-24,,,,21.0,,40.0,32.0,,100,100,,,0.16
2024-03-25,210.0,4.7,236,23.0,35.0,44.0,32.0,100,100,100,35.0,35.0,0.14
2024-03-26,350.0,5.0,203,32.0,38.0,46.0,31.0,85,100,65,33.0,36.0,0.0
2024-03-27,149.0,9.9,183,37.0,36.0,39.0,30.0,96,100,69,35.0,35.0,0.57
2024-03-28,,,,31.0,,33.0,30.0,,100,100,,,0.18
2024-03-29,280.0,4.8,52,18.0,35.0,42.0,28.0,98,100,90,35.0,35.0,0.04
2024-03-30,499.0,4.6,347,19.0,42.0,52.0,35.0,75,95,58,34.0,38.0,0.0
2024-03-31,312.0,1.6,303,12.0,38.0,48.0,33.0,85,100,61,34.0,36.0,0.0
2024-04-01,530.0,3.8,14,14.0,49.0,62.0,38.0,61,79,36,35.0,42.0,0.0
2024-04-02,540.0,4.7,239,17.0,54.0,69.0,38.0,64,99,45,42.0,47.0,0.0
2024-04-03,199.0,2.7,274,11.0,34.0,38.0,28.0,100,100,100,34.0,34.0,0.25
2024-04-04,249.0,1.5,327,11.0,29.0,36.0,26.0,98,100,89,29.0,29.0,0.06
2024-04-05,294.0,3.3,259,11.0,31.0,38.0,26.0,96,100,80,30.0,30.0,0.11
2024-04-06,278.0,5.1,209,17.0,33.0,41.0,28.0,94,100,74,32.0,33.0,0.02
2024-04-07,336.0,1.7,278,11.0,36.0,45.0,31.0,92,100,66,33.0,35.0,0.01
2024-04-08,422.0,2.5,78,10.0,41.0,53.0,32.0,87,100,59,37.0,39.0,0.01
2024-04-09,317.0,2.8,319,14.0,41.0,50.0,36.0,91,100,71,39.0,40.0,0.01
2024-04-10,581.0,3.1,29,11.0,49.0,61.0,38.0,71,100,43,39.0,44.0,0.01
2024-04-11,523.0,2.5,253,10.0,47.0,60.0,37.0,74,100,49,39.0,43.0,0.0
2024-04-12,288.0,3.6,19,16.0,42.0,47.0,36.0,91,100,76,39.0,40.0,0.0
2024-04-13,157.0,5.2,31,19.0,44.0,47.0,42.0,99,100,90,43.0,44.0,0.01
2024-04-14,99.0,4.2,270,14.0,38.0,42.0,33.0,100,100,100,38.0,38.0,0.38
2024-04-15,358.0,1.1,327,12.0,37.0,48.0,32.0,93,100,66,35.0,36.0,0.0
2024-04-16,456.0,2.2,10,11.0,37.0,48.0,31.0,89,100,61,34.0,35.0,0.0
2024-04-17,640.0,5.3,29,21.0,39.0,54.0,28.0,74,100,50,31.0,35.0,0.0
2024-04-18,639.0,2.8,12,11.0,49.0,61.0,37.0,43,69,27,26.0,38.0,0.0
2024-04-19,625.0,2.3,222,8.0,54.0,66.0,45.0,41,55,25,30.0,42.0,0.0
2024-04-20,328.0,5.2,214,20.0,47.0,60.0,34.0,52,100,18,27.0,38.0,0.0
2024-04-21,487.0,4.0,6,17.0,41.0,52.0,32.0,76,100,44,33.0,37.0,0.0
2024-04-22,640.0,5.8,32,24.0,51.0,62.0,40.0,46,74,25,30.0,41.0,0.0
2024-04-23,652.0,2.9,321,13.0,53.0,66.0,38.0,56,83,38,37.0,44.0,0.0
2024-04-24,582.0,2.1,299,10.0,45.0,55.0,34.0,63,96,25,31.0,39.0,0.0
2024-04-25,157.0,8.6,202,27.0,40.0,43.0,37.0,98,100,89,39.0,39.0,0.19
2024-04-26,235.0,4.9,253,23.0,38.0,43.0,34.0,100,100,100,38.0,38.0,0.39
2024-04-27,213.0,4.8,203,17.0,39.0,44.0,34.0,99,100,94,39.0,39.0,0.02
2024-04-28,398.0,5.8,244,20.0,40.0,50.0,33.0,95,100,74,39.0,39.0,0.04
2024-04-29,340.0,4.8,246,21.0,35.0,43.0,30.0,96,100,75,34.0,34.0,0.1
2024-04-30,396.0,3.9,251,15.0,35.0,44.0,28.0,94,100,76,33.0,34.0,0.02
2024-05-01,537.0,3.5,243,22.0,41.0,54.0,29.0,81,100,45,34.0,37.0,0.0
2024-05-02,424.0,4.4,258,30.0,42.0,51.0,36.0,93,100,71,40.0,41.0,0.29
2024-05-03,336.0,7.1,184,25.0,44.0,51.0,37.0,90,100,59,41.0,42.0,0.43
2024-05-04,138.0,5.2,265,18.0,33.0,38.0,30.0,100,100,99,33.0,33.0,0.82
2024-05-05,341.0,6.0,221,23.0,34.0,42.0,29.0,98,100,88,34.0,34.0,0.04
2024-05-06,228.0,7.6,226,29.0,36.0,43.0,32.0,100,100,100,36.0,36.0,0.14
2024-05-07,404.0,1.9,338,11.0,38.0,48.0,32.0,93,100,71,35.0,37.0,0.06
2024-05-08,691.0,4.7,352,23.0,43.0,55.0,33.0,83,100,60,37.0,40.0,0.0
2024-05-09,700.0,4.4,38,25.0,56.0,70.0,42.0,55,66,42,40.0,48.0,0.0
2024-05-10,709.0,2.6,196,15.0,67.0,79.0,56.0,36,53,19,37.0,50.0,0.0
2024-05-11,706.0,2.9,12,12.0,68.0,80.0,58.0,37,48,27,41.0,52.0,0.0
2024-05-12,712.0,1.9,290,9.0,62.0,74.0,49.0,47,77,27,41.0,50.0,0.0
2024-05-13,707.0,3.5,359,15.0,56.0,70.0,46.0,66,91,39,44.0,49.0,0.0
2024-05-14,732.0,4.2,329,19.0,55.0,67.0,45.0,69,98,41,43.0,48.0,0.0
2024-05-15,710.0,3.4,2,14.0,59.0,73.0,46.0,60,86,35,44.0,50.0,0.0
2024-05-16,725.0,3.2,337,13.0,58.0,72.0,44.0,67,98,35,46.0,51.0,0.0
2024-05-17,607.0,1.9,332,11.0,48.0,61.0,41.0,75,100,40,39.0,43.0,0.01
2024-05-18,718.0,3.3,322,11.0,47.0,59.0,36.0,73,99,51,37.0,42.0,0.0
2024-05-19,,1.2,,15.0,,52.0,34.0,,100,49,,,0.0
2024-05-20,729.0,2.7,354,15.0,45.0,58.0,34.0,74,100,45,36.0,40.0,0.0
2024-05-21,635.0,3.6,300,12.0,50.0,65.0,38.0,67,99,36,38.0,44.0,0.0
2024-05-22,,3.1,283,15.0,43.0,52.0,33.0,84,100,54,38.0,40.0,0.04
2024-05-23,740.0,2.8,6,13.0,46.0,60.0,34.0,76,100,45,38.0,42.0,0.0
2024-05-24,648.0,3.0,298,12.0,49.0,63.0,41.0,77,100,42,41.0,45.0,0.0
2024-05-25,358.0,3.0,307,12.0,42.0,52.0,36.0,87,100,62,38.0,40.0,0.0
2024-05-26,722.0,3.0,279,11.0,52.0,66.0,38.0,68,95,42,41.0,46.0,0.0
2024-05-27,735.0,2.8,337,10.0,57.0,70.0,45.0,67,87,45,45.0,50.0,0.0
2024-05-28,382.0,2.9,293,10.0,46.0,52.0,39.0,84,99,67,42.0,44.0,0.0
2024-05-29,568.0,2.2,313,13.0,47.0,60.0,36.0,77,100,47,39.0,43.0,0.0
2024-05-30,734.0,4.0,339,19.0,51.0,65.0,40.0,66,100,35,38.0,44.0,0.0
2024-05-31,741.0,2.7,323,16.0,55.0,69.0,40.0,59,87,33,40.0,46.0,0.0
2024-06-01,641.0,2.4,275,11.0,54.0,66.0,45.0,65,99,42,41.0,47.0,0.0
2024-06-02,221.0,9.7,194,38.0,49.0,54.0,46.0,91,100,74,47.0,48.0,0.21
2024-06-03,623.0,6.0,234,28.0,50.0,59.0,45.0,81,100,52,44.0,46.0,0.07
2024-06-04,508.0,5.3,231,23.0,56.0,70.0,46.0,70,100,53,46.0,50.0,0.0
2024-06-05,741.0,3.2,14,15.0,58.0,72.0,47.0,71,100,38,47.0,52.0,0.0
2024-06-06,762.0,3.7,351,17.0,62.0,75.0,50.0,58,82,27,45.0,52.0,0.0
2024-06-07,752.0,2.5,308,18.0,65.0,79.0,50.0,56,83,39,48.0,55.0,0.0
2024-06-08,599.0,2.2,298,13.0,61.0,74.0,49.0,55,69,38,44.0,51.0,0.0
2024-06-09,759.0,2.4,318,11.0,58.0,73.0,48.0,62,98,32,44.0,50.0,0.0
2024-06-10,760.0,3.9,9,16.0,62.0,75.0,49.0,60,100,31,46.0,53.0,0.0
2024-06-11,769.0,2.1,337,11.0,60.0,75.0,46.0,64,100,32,46.0,52.0,0.0
2024-06-12,705.0,3.7,344,14.0,52.0,66.0,42.0,72,100,41,42.0,46.0,0.01
2024-06-13,750.0,4.0,324,14.0,53.0,71.0,41.0,61,83,35,39.0,45.0,0.0
2024-06-14,705.0,3.6,305,14.0,50.0,65.0,37.0,58,92,34,34.0,42.0,0.0
2024-06-15,639.0,3.3,270,10.0,45.0,60.0,36.0,74,98,42,36.0,40.0,0.01
2024-06-16,335.0,2.7,308,12.0,42.0,48.0,36.0,88,100,71,38.0,40.0,0.04
2024-06-17,639.0,2.4,14,12.0,44.0,57.0,36.0,80,100,53,38.0,41.0,0.01
2024-06-18,783.0,3.3,17,12.0,53.0,67.0,39.0,62,100,32,38.0,45.0,0.0
2024-06-19,767.0,3.5,15,14.0,62.0,76.0,51.0,51,70,30,42.0,50.0,0.0
2024-06-20,744.0,3.3,356,14.0,64.0,77.0,53.0,53,77,29,45.0,53.0,0.0
2024-06-21,746.0,3.0,327,13.0,66.0,80.0,55.0,58,79,34,49.0,55.0,0.0
2024-06-22,755.0,3.7,341,12.0,65.0,80.0,51.0,49,85,26,44.0,52.0,0.0
2024-06-23,665.0,3.0,1,13.0,55.0,68.0,46.0,85,100,57,50.0,52.0,0.01
2024-06-24,761.0,4.3,18,17.0,59.0,73.0,44.0,66,100,35,46.0,51.0,0.01
2024-06-25,759.0,2.9,106,11.0,68.0,82.0,55.0,52,71,35,49.0,56.0,0.0
2024-06-26,462.0,2.5,265,11.0,54.0,62.0,45.0,80,99,57,47.0,50.0,0.0
2024-06-27,671.0,1.8,308,11.0,52.0,66.0,42.0,80,100,47,45.0,48.0,0.03
2024-06-28,746.0,2.7,325,11.0,59.0,73.0,47.0,70,100,38,48.0,52.0,0.0
2024-06-29,572.0,2.1,296,11.0,59.0,72.0,50.0,69,91,47,48.0,52.0,0.0
2024-06-30,644.0,2.3,331,12.0,60.0,74.0,50.0,72,97,43,50.0,54.0,0.0
2024-07-01,761.0,2.0,324,13.0,61.0,75.0,50.0,69,98,39,50.0,54.0,0.0
2024-07-02,772.0,3.3,357,16.0,60.0,75.0,49.0,65,100,26,46.0,52.0,0.0
2024-07-03,773.0,4.1,344,18.0,62.0,78.0,49.0,47,91,23,39.0,49.0,0.0
2024-07-04,767.0,5.0,23,20.0,72.0,86.0,55.0,35,55,22,42.0,54.0,0.0
2024-07-05,773.0,4.0,33,14.0,81.0,94.0,70.0,29,42,19,46.0,59.0,0.0
2024-07-06,775.0,3.2,30,12.0,84.0,98.0,74.0,24,37,13,42.0,59.0,0.0
2024-07-07,774.0,2.8,10,12.0,82.0,95.0,70.0,20,35,10,36.0,56.0,0.0
2024-07-08,729.0,2.7,347,19.0,82.0,94.0,72.0,21,31,17,38.0,56.0,0.0
2024-07-09,728.0,3.7,316,13.0,79.0,95.0,69.0,31,45,17,45.0,58.0,0.0
2024-07-10,733.0,2.0,311,9.0,74.0,89.0,60.0,35,56,21,44.0,56.0,0.0
2024-07-11,740.0,2.4,321,12.0,66.0,82.0,52.0,53,79,26,47.0,54.0,0.0
2024-07-12,740.0,3.7,351,15.0,67.0,82.0,55.0,52,84,22,47.0,55.0,0.0
2024-07-13,727.0,4.5,8,14.0,73.0,86.0,62.0,46,63,30,50.0,58.0,0.0
2024-07-14,707.0,2.5,349,12.0,72.0,86.0,63.0,51,71,29,52.0,59.0,0.0
2024-07-15,721.0,4.1,30,13.0,74.0,86.0,61.0,41,56,30,48.0,57.0,0.0
2024-07-16,583.0,3.4,353,14.0,75.0,91.0,62.0,40,72,25,47.0,58.0,0.04
2024-07-17,724.0,2.6,169,15.0,69.0,81.0,61.0,46,61,23,47.0,56.0,0.0
2024-07-18,727.0,2.4,240,12.0,70.0,84.0,60.0,41,62,27,44.0,55.0,0.0
2024-07-19,727.0,1.9,330,9.0,71.0,85.0,60.0,43,71,25,46.0,56.0,0.0
2024-07-20,671.0,4.0,322,14.0,69.0,81.0,57.0,60,99,35,53.0,58.0,0.05
2024-07-21,610.0,2.0,307,12.0,59.0,70.0,51.0,86,100,62,54.0,56.0,0.01
2024-07-22,549.0,2.2,16,13.0,58.0,74.0,50.0,84,100,50,52.0,55.0,0.0
2024-07-23,702.0,4.2,1,20.0,62.0,76.0,49.0,58,98,31,45.0,52.0,0.0
2024-07-24,713.0,3.8,326,12.0,64.0,80.0,49.0,54,97,32,46.0,53.0,0.0
2024-07-25,664.0,2.5,345,14.0,56.0,71.0,45.0,70,100,32,44.0,49.0,0.0
2024-07-26,644.0,4.1,353,15.0,59.0,74.0,46.0,64,91,36,46.0,51.0,0.0
2024-07-27,698.0,2.6,355,11.0,61.0,77.0,49.0,66,96,30,48.0,53.0,0.0
2024-07-28,682.0,2.0,288,9.0,62.0,76.0,52.0,64,90,43,49.0,54.0,0.0
2024-07-29,465.0,2.3,270,10.0,61.0,75.0,54.0,70,100,40,50.0,54.0,0.0
2024-07-30,653.0,2.6,282,12.0,63.0,79.0,52.0,76,100,43,55.0,58.0,0.0
2024-07-31,672.0,3.2,20,12.0,71.0,84.0,60.0,57,80,36,54.0,60.0,0.0
2024-08-01,639.0,2.8,283,10.0,77.0,91.0,68.0,48,62,33,55.0,62.0,0.0
2024-08-02,668.0,2.6,9,11.0,73.0,86.0,62.0,57,87,39,57.0,62.0,0.0
2024-08-03,433.0,4.2,42,14.0,69.0,78.0,62.0,73,91,55,59.0,62.0,0.0
2024-08-04,646.0,3.6,5,11.0,71.0,83.0,60.0,68,94,43,59.0,63.0,0.0
2024-08-05,657.0,3.4,323,13.0,68.0,81.0,57.0,57,83,34,51.0,57.0,0.0
2024-08-06,,,,12.0,,79.0,56.0,,66,18,,,0.0
2024-08-07,599.0,4.4,18,16.0,69.0,80.0,60.0,44,61,32,45.0,55.0,0.0
2024-08-08,635.0,2.7,340,12.0,70.0,85.0,58.0,58,81,34,53.0,59.0,0.0
2024-08-09,635.0,2.6,339,11.0,69.0,82.0,59.0,58,78,36,53.0,58.0,0.0
2024-08-10,644.0,2.2,351,11.0,68.0,82.0,59.0,61,82,35,53.0,59.0,0.0
2024-08-11,661.0,2.5,353,12.0,67.0,82.0,53.0,59,83,34,51.0,56.0,0.0
2024-08-12,645.0,3.5,314,12.0,54.0,68.0,43.0,71,94,48,44.0,48.0,0.0
2024-08-13,554.0,2.5,286,10.0,56.0,71.0,43.0,72,94,45,46.0,50.0,0.0
2024-08-14,535.0,4.0,331,13.0,58.0,70.0,50.0,71,92,47,49.0,52.0,0.0
2024-08-15,511.0,2.1,309,12.0,58.0,70.0,49.0,76,97,48,49.0,53.0,0.0
2024-08-16,613.0,3.2,325,10.0,61.0,74.0,51.0,78,99,52,53.0,56.0,0.0
2024-08-17,119.0,5.2,190,29.0,55.0,62.0,50.0,89,100,67,51.0,53.0,0.36
2024-08-18,586.0,4.6,210,22.0,55.0,70.0,47.0,80,100,38,47.0,50.0,0.0
2024-08-19,612.0,2.4,310,12.0,56.0,72.0,47.0,74,100,34,47.0,51.0,0.0
2024-08-20,563.0,2.8,267,10.0,59.0,74.0,49.0,67,97,37,46.0,51.0,0.0
2024-08-21,579.0,2.6,284,10.0,57.0,70.0,47.0,77,99,49,49.0,52.0,0.0
2024-08-22,182.0,3.0,269,12.0,48.0,59.0,43.0,95,100,76,47.0,47.0,0.0
2024-08-23,212.0,6.6,193,23.0,44.0,50.0,40.0,95,100,77,43.0,44.0,0.95
2024-08-24,306.0,3.3,236,15.0,48.0,57.0,42.0,94,100,73,46.0,47.0,0.0
2024-08-25,609.0,2.7,2,11.0,57.0,71.0,45.0,69,100,44,46.0,51.0,0.0
2024-08-26,605.0,3.2,317,11.0,65.0,79.0,53.0,59,88,35,49.0,55.0,0.0
2024-08-27,592.0,3.1,9,13.0,55.0,68.0,45.0,70,89,56,45.0,49.0,0.0
2024-08-28,621.0,5.6,33,20.0,57.0,69.0,43.0,51,90,35,38.0,47.0,0.0
2024-08-29,600.0,4.1,86,14.0,74.0,87.0,61.0,30,48,22,40.0,54.0,0.0
2024-08-30,582.0,3.7,2,11.0,77.0,89.0,67.0,32,50,22,44.0,57.0,0.0
2024-08-31,565.0,2.8,235,13.0,76.0,89.0,68.0,35,48,26,46.0,58.0,0.0
2024-09-01,564.0,2.4,269,11.0,71.0,81.0,57.0,43,65,26,47.0,56.0,0.0
2024-09-02,566.0,2.7,314,14.0,58.0,69.0,50.0,65,97,27,45.0,51.0,0.0
2024-09-03,576.0,4.0,54,16.0,64.0,75.0,51.0,54,81,31,46.0,53.0,0.0
2024-09-04,561.0,2.7,15,11.0,76.0,91.0,62.0,35,63,13,44.0,57.0,0.0
2024-09-05,529.0,3.3,347,13.0,80.0,95.0,71.0,26,36,13,40.0,57.0,0.0
2024-09-06,505.0,3.0,77,12.0,77.0,88.0,70.0,32,47,19,44.0,57.0,0.0
2024-09-07,375.0,2.4,123,10.0,73.0,86.0,65.0,42,67,30,48.0,58.0,0.0
2024-09-08,516.0,2.2,278,11.0,72.0,84.0,63.0,51,77,33,52.0,59.0,0.0
2024-09-09,504.0,3.5,6,12.0,70.0,81.0,59.0,52,76,36,51.0,58.0,0.0
2024-09-10,499.0,3.2,320,10.0,60.0,75.0,50.0,53,90,21,42.0,50.0,0.0
2024-09-11,165.0,5.0,246,26.0,49.0,52.0,46.0,92,100,31,46.0,48.0,0.21
2024-09-12,188.0,1.8,313,11.0,49.0,55.0,45.0,96,100,84,48.0,48.0,0.06
2024-09-13,479.0,3.0,17,16.0,54.0,65.0,45.0,79,100,48,47.0,50.0,0.0
2024-09-14,497.0,2.4,322,10.0,56.0,68.0,48.0,75,99,45,47.0,51.0,0.01
2024-09-15,262.0,1.6,315,10.0,49.0,58.0,44.0,90,100,62,45.0,47.0,0.08
2024-09-16,230.0,1.7,278,9.0,47.0,55.0,43.0,96,100,80,46.0,47.0,0.0
2024-09-17,210.0,3.0,228,13.0,49.0,55.0,45.0,94,100,75,48.0,48.0,0.1
2024-09-18,475.0,3.6,51,13.0,54.0,66.0,46.0,90,100,62,50.0,52.0,0.01
2024-09-19,485.0,3.9,12,14.0,58.0,67.0,49.0,79,99,59,51.0,53.0,0.0
2024-09-20,486.0,3.1,343,18.0,53.0,65.0,44.0,67,99,37,40.0,46.0,0.0
2024-09-21,477.0,3.9,355,21.0,55.0,66.0,43.0,56,87,26,38.0,46.0,0.0
2024-09-22,464.0,3.3,353,16.0,61.0,72.0,51.0,56,77,36,44.0,51.0,0.0
2024-09-23,445.0,5.4,33,21.0,65.0,75.0,55.0,55,77,38,48.0,54.0,0.0
2024-09-24,458.0,5.7,185,22.0,75.0,89.0,66.0,30,53,18,40.0,55.0,0.0
2024-09-25,220.0,4.0,257,19.0,57.0,67.0,46.0,66,100,27,44.0,50.0,0.11
2024-09-26,426.0,2.9,83,13.0,56.0,69.0,44.0,71,100,37,46.0,50.0,0.0
2024-09-27,456.0,5.7,51,15.0,62.0,71.0,54.0,51,79,20,43.0,51.0,0.0
2024-09-28,451.0,4.3,233,18.0,62.0,74.0,42.0,58,97,37,46.0,52.0,0.0
2024-09-29,430.0,3.2,353,20.0,47.0,60.0,40.0,73,99,35,38.0,42.0,0.0
2024-09-30,454.0,5.9,64,22.0,60.0,71.0,43.0,31,67,17,27.0,44.0,0.0
2024-10-01,452.0,2.8,3,10.0,68.0,79.0,54.0,19,47,6,19.0,46.0,0.0
2024-10-02,435.0,3.8,348,17.0,52.0,61.0,45.0,69,99,48,41.0,46.0,0.0
2024-10-03,445.0,3.4,240,18.0,66.0,79.0,52.0,27,64,4,27.0,47.0,0.0
2024-10-04,405.0,3.0,288,18.0,58.0,66.0,48.0,47,99,7,29.0,45.0,0.0
2024-10-05,426.0,3.9,174,17.0,61.0,74.0,50.0,57,93,28,44.0,51.0,0.0
2024-10-06,427.0,3.2,212,17.0,66.0,78.0,59.0,32,47,21,35.0,50.0,0.0
2024-10-07,427.0,3.1,98,15.0,70.0,83.0,61.0,29,44,15,36.0,51.0,0.0
2024-10-08,392.0,2.9,308,11.0,61.0,71.0,54.0,58,99,34,44.0,51.0,0.0
2024-10-09,248.0,2.0,343,12.0,53.0,61.0,46.0,90,100,65,50.0,51.0,0.0
2024-10-10,394.0,4.6,155,17.0,57.0,70.0,45.0,63,100,17,41.0,49.0,0.01
2024-10-11,244.0,4.8,180,19.0,62.0,71.0,57.0,31,45,9,29.0,46.0,0.0
2024-10-12,334.0,4.0,182,18.0,57.0,66.0,51.0,65,98,50,45.0,50.0,0.0
2024-10-13,380.0,3.0,107,12.0,60.0,73.0,50.0,71,99,35,49.0,53.0,0.01
2024-10-14,365.0,2.6,242,12.0,57.0,68.0,51.0,80,96,48,50.0,53.0,0.0
2024-10-15,190.0,3.0,244,9.0,52.0,59.0,46.0,91,98,71,49.0,50.0,0.06
2024-10-16,161.0,2.2,283,10.0,46.0,52.0,40.0,93,99,75,44.0,45.0,0.16
2024-10-17,200.0,2.2,324,10.0,38.0,47.0,35.0,95,99,71,37.0,38.0,0.16
2024-10-18,248.0,3.9,152,22.0,46.0,53.0,33.0,51,99,17,26.0,37.0,0.0
2024-10-19,345.0,3.0,194,13.0,61.0,70.0,53.0,55,74,40,44.0,51.0,0.0
2024-10-20,182.0,6.4,209,22.0,57.0,61.0,45.0,56,90,43,41.0,48.0,0.05
2024-10-21,117.0,5.5,251,29.0,43.0,48.0,38.0,99,99,95,42.0,43.0,0.64
2024-10-22,153.0,3.4,26,15.0,39.0,46.0,36.0,97,99,90,39.0,39.0,0.0
2024-10-23,168.0,2.9,13,17.0,38.0,47.0,33.0,90,99,65,35.0,37.0,0.0
2024-10-24,347.0,4.4,125,25.0,46.0,58.0,33.0,52,87,32,28.0,38.0,0.0
2024-10-25,297.0,11.4,193,42.0,54.0,63.0,49.0,37,60,28,27.0,42.0,0.0
2024-10-26,216.0,8.9,194,31.0,53.0,64.0,48.0,78,99,58,46.0,49.0,0.03
2024-10-27,229.0,6.4,231,36.0,44.0,49.0,38.0,91,99,71,41.0,42.0,0.26
2024-10-28,124.0,3.2,269,17.0,37.0,42.0,36.0,99,99,96,37.0,37.0,0.23
2024-10-29,166.0,2.7,247,19.0,38.0,43.0,35.0,88,99,74,34.0,36.0,0.01
2024-10-30,98.0,9.9,220,38.0,36.0,43.0,33.0,91,99,58,34.0,35.0,0.52
2024-10-31,68.0,10.0,222,29.0,36.0,39.0,32.0,99,99,99,36.0,36.0,0.26
2024-11-01,42.0,9.4,217,47.0,39.0,44.0,36.0,100,100,100,39.0,39.0,1.07
2024-11-02,84.0,5.5,245,21.0,38.0,39.0,36.0,100,100,100,38.0,38.0,0.24
2024-11-03,109.0,1.8,306,12.0,38.0,42.0,36.0,100,100,100,38.0,38.0,0.08
2024-11-04,88.0,6.0,241,31.0,41.0,45.0,37.0,89,100,64,37.0,39.0,0.06
2024-11-05,118.0,3.4,46,20.0,36.0,43.0,32.0,93,100,75,34.0,35.0,0.0
2024-11-06,258.0,2.7,107,17.0,43.0,53.0,32.0,59,95,35,28.0,36.0,0.0
2024-11-07,266.0,3.5,107,20.0,55.0,67.0,45.0,25,33,19,19.0,39.0,0.0
2024-11-08,252.0,3.5,170,16.0,53.0,60.0,48.0,41,62,30,29.0,41.0,0.0
2024-11-09,164.0,3.2,194,17.0,47.0,54.0,41.0,59,92,34,32.0,40.0,0.01
2024-11-10,142.0,8.0,178,36.0,44.0,49.0,41.0,76,92,62,37.0,41.0,0.03
2024-11-11,78.0,8.5,212,35.0,37.0,46.0,34.0,99,100,85,37.0,37.0,0.56
2024-11-12,33.0,10.0,192,44.0,36.0,38.0,35.0,100,100,98,36.0,36.0,0.05
2024-11-13,17.0,11.7,202,47.0,37.0,39.0,36.0,100,100,100,37.0,37.0,1.68
2024-11-14,53.0,4.0,245,27.0,34.0,37.0,32.0,100,100,100,34.0,34.0,0.39
2024-11-15,55.0,0.6,330,7.0,32.0,34.0,30.0,100,100,100,32.0,32.0,0.15
2024-11-16,69.0,9.8,199,35.0,31.0,39.0,28.0,96,100,83,30.0,31.0,0.27
2024-11-17,40.0,9.6,237,33.0,36.0,42.0,28.0,100,100,100,36.0,36.0,0.62
2024-11-18,11.0,6.1,226,27.0,29.0,35.0,27.0,99,100,96,29.0,29.0,0.05
2024-11-19,,,,39.0,,32.0,29.0,,100,100,,,0.2
2024-11-20,,,,24.0,,33.0,31.0,,100,100,,,0.01
2024-11-21,53.0,5.4,133,24.0,37.0,41.0,33.0,100,100,100,37.0,37.0,1.74
2024-11-22,90.0,11.1,201,41.0,38.0,44.0,33.0,100,100,98,38.0,38.0,1.15
2024-11-23,82.0,8.3,203,26.0,33.0,34.0,31.0,100,100,100,33.0,33.0,0.23
2024-11-24,142.0,7.7,191,30.0,35.0,43.0,31.0,91,100,66,32.0,34.0,0.18
2024-11-25,,,,29.0,,34.0,31.0,,100,100,,,0.16
2024-11-26,90.0,2.5,145,16.0,32.0,37.0,29.0,99,100,90,32.0,32.0,0.49
2024-11-27,199.0,3.1,79,14.0,34.0,45.0,28.0,88,100,62,30.0,32.0,0.07
2024-11-28,239.0,4.5,166,17.0,41.0,51.0,30.0,39,78,19,16.0,31.0,0.0
2024-11-29,238.0,4.4,179,18.0,44.0,54.0,36.0,26,44,15,10.0,32.0,0.0
2024-11-30,231.0,4.6,186,16.0,49.0,56.0,43.0,13,22,8,0.0,33.0,0.0
2024-12-01,215.0,5.0,169,19.0,54.0,64.0,50.0,11,15,8,1.0,36.0,0.0
2024-12-02,222.0,3.4,171,13.0,54.0,61.0,50.0,13,17,9,3.0,36.0,0.0
2024-12-03,220.0,2.8,85,7.0,56.0,64.0,50.0,12,19,7,4.0,37.0,0.0
2024-12-04,219.0,4.8,171,22.0,53.0,58.0,49.0,35,48,24,26.0,40.0,0.0
2024-12-05,180.0,2.9,213,12.0,49.0,56.0,44.0,58,89,32,33.0,41.0,0.0
2024-12-06,188.0,5.2,179,19.0,53.0,60.0,45.0,49,84,34,33.0,43.0,0.0
2024-12-07,37.0,4.1,257,23.0,44.0,51.0,30.0,86,100,42,39.0,42.0,0.27
2024-12-08,130.0,2.9,41,14.0,32.0,42.0,28.0,91,100,73,30.0,31.0,0.0
2024-12-09,191.0,3.7,94,21.0,37.0,48.0,29.0,52,100,28,20.0,31.0,0.0
2024-12-10,154.0,9.6,171,28.0,43.0,50.0,37.0,22,32,13,6.0,31.0,0.0
2024-12-11,35.0,7.4,153,29.0,40.0,44.0,35.0,48,99,19,19.0,32.0,0.05
2024-12-12,76.0,4.8,163,27.0,35.0,39.0,33.0,98,100,89,34.0,35.0,0.06
2024-12-13,25.0,9.5,191,32.0,34.0,37.0,32.0,100,100,100,34.0,34.0,1.27
2024-12-14,46.0,7.8,223,34.0,32.0,35.0,30.0,100,100,100,32.0,32.0,0.41
2024-12-15,,,,35.0,,34.0,29.0,,100,98,,,0.05
2024-12-16,33.0,10.1,210,36.0,35.0,39.0,32.0,100,100,100,35.0,35.0,0.95
2024-12-17,88.0,14.2,219,45.0,42.0,45.0,38.0,90,100,63,39.0,40.0,0.05
2024-12-18,119.0,10.5,212,49.0,45.0,49.0,42.0,96,100,65,44.0,45.0,0.08
2024-12-19,73.0,8.5,194,29.0,48.0,50.0,45.0,74,95,48,39.0,44.0,0.0
2024-12-20,107.0,6.5,162,28.0,50.0,55.0,47.0,44,56,31,29.0,40.0,0.0
2024-12-21,45.0,8.8,202,42.0,40.0,50.0,37.0,91,100,44,37.0,38.0,0.7
2024-12-22,47.0,8.8,204,32.0,40.0,42.0,37.0,97,100,80,39.0,39.0,0.82
2024-12-23,57.0,7.1,183,35.0,41.0,46.0,37.0,98,100,85,40.0,41.0,1.48
2024-12-24,70.0,6.0,243,34.0,35.0,42.0,31.0,100,100,100,35.0,35.0,0.72
2024-12-25,28.0,14.8,225,49.0,33.0,38.0,30.0,100,100,99,33.0,33.0,0.76
2024-12-26,22.0,9.8,232,114.0,36.0,39.0,34.0,100,100,100,36.0,36.0,0.9
2024-12-27,36.0,11.8,236,49.0,39.0,42.0,36.0,100,100,100,39.0,39.0,0.61
2024-12-28,29.0,7.4,211,35.0,39.0,44.0,34.0,99,100,88,38.0,38.0,1.31
2024-12-29,62.0,5.5,247,41.0,35.0,44.0,30.0,100,100,100,35.0,35.0,0.87
2024-12-30,67.0,3.7,155,17.0,30.0,33.0,28.0,100,100,100,30.0,30.0,0.08
2024-12-31,72.0,10.0,198,27.0,29.0,32.0,26.0,89,100,60,26.0,28.0,0.0
2025-01-01,69.0,13.1,216,41.0,37.0,41.0,32.0,100,100,100,37.0,37.0,0.42
2025-01-02,58.0,10.2,193,35.0,43.0,45.0,41.0,100,100,100,43.0,43.0,0.23
2025-01-03,61.0,9.3,201,31.0,36.0,44.0,31.0,100,100,100,36.0,36.0,0.44
2025-01-04,,,,34.0,,38.0,30.0,,100,100,,,0.4
2025-01-05,55.0,10.4,204,33.0,41.0,43.0,38.0,100,100,100,41.0,41.0,0.18
2025-01-06,145.0,2.8,138,15.0,42.0,48.0,34.0,100,100,100,42.0,42.0,0.02
2025-01-07,117.0,3.8,114,17.0,44.0,50.0,33.0,43,100,14,20.0,34.0,0.0
2025-01-08,101.0,3.3,65,15.0,50.0,55.0,46.0,27,60,11,14.0,37.0,0.0
2025-01-09,226.0,6.8,153,22.0,53.0,62.0,42.0,23,43,8,13.0,37.0,0.0
2025-01-10,39.0,3.7,268,25.0,41.0,53.0,32.0,75,100,17,30.0,37.0,0.32
2025-01-11,58.0,1.5,6,11.0,31.0,33.0,29.0,100,100,100,31.0,31.0,0.12
2025-01-12,117.0,2.8,23,21.0,29.0,33.0,27.0,99,100,97,29.0,29.0,0.0
2025-01-13,161.0,3.9,88,15.0,38.0,48.0,27.0,65,100,24,24.0,32.0,0.02
2025-01-14,232.0,3.9,52,15.0,52.0,61.0,47.0,18,28,7,9.0,36.0,0.0
2025-01-15,236.0,3.2,95,14.0,54.0,63.0,46.0,37,47,28,28.0,41.0,0.0
2025-01-16,244.0,2.3,348,9.0,44.0,55.0,30.0,58,100,37,29.0,37.0,0.0
2025-01-17,148.0,4.2,37,17.0,31.0,35.0,27.0,87,100,56,27.0,29.0,0.01
2025-01-18,246.0,2.6,63,10.0,44.0,57.0,31.0,21,71,3,1.0,31.0,0.0
2025-01-19,253.0,3.1,22,15.0,39.0,48.0,32.0,21,52,1,-5.0,28.0,0.0
2025-01-20,261.0,7.0,145,24.0,39.0,46.0,29.0,28,52,14,8.0,29.0,0.0
2025-01-21,219.0,3.8,183,15.0,43.0,50.0,38.0,26,36,14,10.0,31.0,0.0
2025-01-22,254.0,3.0,92,12.0,47.0,57.0,40.0,24,33,16,12.0,34.0,0.0
2025-01-23,249.0,3.5,284,14.0,49.0,60.0,39.0,19,43,11,6.0,34.0,0.0
2025-01-24,238.0,3.8,8,24.0,32.0,40.0,26.0,75,100,43,24.0,29.0,0.0
2025-01-25,269.0,6.2,65,23.0,29.0,38.0,24.0,40,56,28,9.0,23.0,0.0
2025-01-26,268.0,1.8,134,12.0,33.0,45.0,23.0,27,47,19,3.0,24.0,0.0
2025-01-27,266.0,3.8,100,12.0,44.0,56.0,32.0,16,27,9,0.0,30.0,0.0
2025-01-28,272.0,2.2,112,10.0,48.0,56.0,43.0,20,31,10,8.0,34.0,0.0
2025-01-29,273.0,1.7,232,6.0,48.0,56.0,42.0,28,42,20,16.0,35.0,0.0
2025-01-30,214.0,8.5,192,28.0,42.0,47.0,36.0,44,71,32,21.0,33.0,0.0
2025-01-31,53.0,9.6,207,34.0,38.0,40.0,34.0,99,100,88,38.0,38.0,1.15
2025-02-01,110.0,3.1,246,24.0,35.0,38.0,32.0,100,100,100,35.0,35.0,0.33
2025-02-02,33.0,3.2,244,14.0,29.0,32.0,26.0,100,100,100,29.0,29.0,0.08
2025-02-03,12.0,1.1,216,8.0,26.0,29.0,24.0,99,100,98,26.0,26.0,0.0
2025-02-04,16.0,3.3,204,17.0,24.0,28.0,22.0,96,99,84,23.0,24.0,0.0
2025-02-05,36.0,7.8,215,31.0,26.0,31.0,23.0,99,100,97,26.0,26.0,0.01
2025-02-06,,,,12.0,,36.0,27.0,,100,95,,,0.23
2025-02-07,136.0,3.9,255,17.0,28.0,38.0,24.0,97,100,89,28.0,28.0,0.24
2025-02-08,115.0,4.8,242,21.0,28.0,32.0,24.0,99,100,96,27.0,28.0,0.06
2025-02-09,90.0,2.0,26,9.0,26.0,34.0,19.0,97,100,92,25.0,26.0,0.14
2025-02-10,186.0,2.9,24,13.0,23.0,39.0,19.0,93,97,80,22.0,23.0,0.08
2025-02-11,296.0,2.5,59,14.0,24.0,38.0,17.0,88,96,76,22.0,23.0,0.08
2025-02-12,303.0,6.9,176,23.0,28.0,39.0,21.0,62,77,39,17.0,24.0,0.0
2025-02-13,139.0,7.2,163,34.0,34.0,43.0,29.0,96,100,70,33.0,34.0,0.36
2025-02-14,109.0,5.8,249,29.0,31.0,34.0,28.0,100,100,99,31.0,31.0,0.11
2025-02-15,166.0,11.4,212,39.0,35.0,42.0,29.0,77,100,52,28.0,32.0,0.0
2025-02-16,109.0,10.3,224,29.0,36.0,39.0,34.0,100,100,100,36.0,36.0,0.38
2025-02-17,70.0,6.8,227,23.0,34.0,37.0,32.0,100,100,100,34.0,34.0,0.05
2025-02-18,99.0,10.7,203,32.0,36.0,39.0,33.0,97,100,77,35.0,35.0,0.12
2025-02-19,87.0,6.8,240,44.0,37.0,41.0,32.0,96,100,71,35.0,36.0,0.32
2025-02-20,260.0,3.5,134,13.0,37.0,47.0,31.0,86,100,61,33.0,35.0,0.01
2025-02-21,214.0,10.0,203,29.0,44.0,51.0,38.0,44,75,28,23.0,35.0,0.0
2025-02-22,157.0,13.2,208,41.0,44.0,48.0,40.0,73,100,48,35.0,40.0,0.09
2025-02-23,69.0,11.5,218,36.0,45.0,48.0,43.0,100,100,100,45.0,45.0,1.37
2025-02-24,74.0,11.7,217,49.0,39.0,45.0,32.0,100,100,100,39.0,39.0,0.78
2025-02-25,272.0,5.7,221,30.0,37.0,47.0,31.0,87,100,57,33.0,35.0,0.05
2025-02-26,402.0,5.1,161,18.0,51.0,63.0,37.0,37,60,27,24.0,39.0,0.0
2025-02-27,393.0,4.1,106,18.0,55.0,65.0,48.0,41,64,29,31.0,43.0,0.0
2025-02-28,415.0,2.9,154,14.0,59.0,70.0,52.0,35,68,17,30.0,45.0,0.0
2025-03-01,309.0,4.4,234,17.0,47.0,54.0,35.0,68,100,33,36.0,42.0,0.22
2025-03-02,140.0,4.6,258,16.0,35.0,39.0,31.0,100,100,99,35.0,35.0,0.24
2025-03-03,158.0,2.8,229,16.0,36.0,40.0,33.0,99,100,89,36.0,36.0,0.03
2025-03-04,246.0,6.1,242,33.0,37.0,46.0,33.0,97,100,78,36.0,36.0,0.02
2025-03-05,334.0,1.9,293,7.0,35.0,44.0,30.0,93,100,69,33.0,34.0,0.01
2025-03-06,340.0,1.6,317,14.0,34.0,43.0,30.0,91,100,59,32.0,33.0,0.01
2025-03-07,440.0,3.6,155,15.0,40.0,52.0,29.0,62,100,31,26.0,34.0,0.0
2025-03-08,440.0,7.3,214,25.0,45.0,58.0,38.0,45,66,31,24.0,36.0,0.0
2025-03-09,379.0,5.4,198,20.0,42.0,55.0,34.0,62,94,38,29.0,36.0,0.0
2025-03-10,444.0,4.9,209,21.0,41.0,54.0,33.0,78,100,43,34.0,38.0,0.0
2025-03-11,259.0,7.4,202,28.0,40.0,48.0,36.0,61,90,41,27.0,35.0,0.0
2025-03-12,,,,35.0,,36.0,28.0,,100,85,,,0.12
2025-03-13,179.0,5.8,229,23.0,30.0,40.0,25.0,95,100,80,29.0,29.0,0.47
2025-03-14,164.0,10.1,199,30.0,29.0,32.0,25.0,99,100,97,29.0,29.0,0.18
2025-03-15,,,,46.0,,37.0,29.0,,100,100,,,1.56
2025-03-16,37.0,9.1,223,48.0,34.0,38.0,31.0,100,100,96,34.0,34.0,1.97
2025-03-17,237.0,2.5,293,13.0,33.0,43.0,29.0,98,100,88,32.0,32.0,0.76
2025-03-18,217.0,4.7,215,23.0,33.0,41.0,28.0,97,100,86,32.0,32.0,0.05
2025-03-19,205.0,8.9,195,33.0,33.0,43.0,29.0,89,100,48,30.0,32.0,0.02
2025-03-20,145.0,10.9,210,28.0,32.0,36.0,29.0,99,100,96,32.0,32.0,0.1
2025-03-21,113.0,11.5,216,33.0,36.0,39.0,32.0,100,100,100,36.0,36.0,0.19
2025-03-22,151.0,5.6,224,21.0,40.0,45.0,38.0,100,100,99,40.0,40.0,0.13
2025-03-23,303.0,4.8,200,19.0,47.0,57.0,38.0,85,100,58,42.0,44.0,0.01
2025-03-24,499.0,3.7,136,12.0,58.0,68.0,48.0,56,77,40,42.0,49.0,0.0
2025-03-25,,,,10.0,,73.0,56.0,,69,32,,,0.0
2025-03-26,,,,47.0,,67.0,38.0,,99,40,,,0.06
2025-03-27,197.0,13.2,205,49.0,37.0,42.0,34.0,95,100,72,36.0,36.0,0.77
2025-03-28,159.0,7.0,211,26.0,33.0,38.0,30.0,100,100,100,33.0,33.0,0.21
2025-03-29,258.0,3.0,114,11.0,35.0,43.0,28.0,91,100,73,32.0,34.0,0.07
2025-03-30,145.0,7.2,150,44.0,36.0,44.0,31.0,93,100,71,34.0,35.0,0.46
2025-03-31,,,,35.0,,34.0,28.0,,100,95,,,0.32
2025-04-01,,,,26.0,,41.0,29.0,,100,89,,,0.48
2025-04-02,219.0,1.7,289,8.0,33.0,41.0,29.0,96,100,82,32.0,33.0,0.22
2025-04-03,362.0,2.2,355,16.0,36.0,52.0,29.0,86,100,53,32.0,34.0,0.02
2025-04-04,571.0,2.4,118,15.0,47.0,61.0,32.0,52,96,26,28.0,38.0,0.0
2025-04-05,530.0,5.9,198,20.0,53.0,66.0,41.0,40,69,29,29.0,42.0,0.0
2025-04-06,163.0,9.0,195,34.0,46.0,55.0,43.0,79,100,43,38.0,42.0,0.62
2025-04-07,283.0,8.2,213,31.0,40.0,48.0,32.0,95,100,62,38.0,39.0,0.21
2025-04-08,252.0,8.8,203,27.0,39.0,45.0,32.0,89,100,73,36.0,38.0,0.0
2025-04-09,517.0,3.1,198,18.0,48.0,61.0,39.0,78,99,48,41.0,44.0,0.0
2025-04-10,361.0,6.5,221,33.0,48.0,58.0,39.0,82,100,47,43.0,45.0,0.12
2025-04-11,272.0,2.5,335,12.0,39.0,50.0,33.0,96,100,74,38.0,39.0,0.04
2025-04-12,343.0,2.2,355,13.0,36.0,47.0,30.0,90,100,64,33.0,34.0,0.12
2025-04-13,617.0,6.0,51,17.0,47.0,59.0,32.0,60,91,33,33.0,40.0,0.0
2025-04-14,624.0,3.2,4,13.0,59.0,71.0,46.0,34,49,22,30.0,44.0,0.0
2025-04-15,619.0,3.1,6,13.0,57.0,66.0,46.0,47,81,33,36.0,46.0,0.0
2025-04-16,631.0,2.1,339,14.0,48.0,62.0,39.0,70,100,25,37.0,42.0,0.0
2025-04-17,640.0,2.7,25,16.0,48.0,62.0,37.0,47,73,31,28.0,39.0,0.0
2025-04-18,635.0,2.9,358,13.0,53.0,65.0,42.0,37,55,24,27.0,41.0,0.0
2025-04-19,596.0,2.9,350,12.0,47.0,59.0,35.0,63,95,45,34.0,41.0,0.0
2025-04-20,591.0,3.3,15,12.0,41.0,55.0,31.0,84,100,55,36.0,38.0,0.0
2025-04-21,518.0,1.9,10,9.0,40.0,53.0,33.0,86,100,51,36.0,38.0,0.0
2025-04-22,606.0,2.1,297,12.0,40.0,54.0,31.0,75,100,38,31.0,36.0,0.0
2025-04-23,657.0,4.0,14,16.0,47.0,60.0,33.0,61,100,35,32.0,39.0,0.0
2025-04-24,525.0,2.8,289,10.0,49.0,61.0,39.0,68,100,51,38.0,43.0,0.0
2025-04-25,174.0,1.8,289,9.0,39.0,43.0,37.0,100,100,100,39.0,39.0,0.03
2025-04-26,126.0,1.4,289,9.0,39.0,44.0,36.0,100,100,99,39.0,39.0,0.15
2025-04-27,352.0,1.5,284,10.0,39.0,51.0,32.0,94,100,66,37.0,38.0,0.03
2025-04-28,561.0,2.2,14,13.0,45.0,58.0,36.0,84,100,48,39.0,42.0,0.0
2025-04-29,478.0,2.0,5,11.0,48.0,58.0,41.0,78,100,48,41.0,44.0,0.0
2025-04-30,675.0,3.1,346,12.0,51.0,64.0,38.0,56,100,23,32.0,42.0,0.0
2025-05-01,665.0,3.6,131,15.0,61.0,75.0,48.0,42,64,15,35.0,47.0,0.0
2025-05-02,554.0,2.9,282,14.0,51.0,65.0,41.0,61,100,27,35.0,43.0,0.0
2025-05-03,233.0,1.5,298,9.0,38.0,44.0,34.0,97,100,77,37.0,38.0,0.3
2025-05-04,635.0,2.0,308,17.0,41.0,54.0,32.0,74,100,34,31.0,36.0,0.0
2025-05-05,676.0,3.7,339,16.0,50.0,64.0,35.0,57,98,37,34.0,42.0,0.0
2025-05-06,688.0,3.1,300,16.0,59.0,73.0,47.0,34,51,18,29.0,44.0,0.0
2025-05-07,588.0,2.9,292,11.0,54.0,69.0,42.0,55,100,26,36.0,45.0,0.0
2025-05-08,661.0,3.1,39,10.0,52.0,66.0,39.0,75,100,49,43.0,47.0,0.0
2025-05-09,673.0,3.9,182,14.0,60.0,72.0,50.0,44,62,21,37.0,48.0,0.0
2025-05-10,597.0,2.5,270,9.0,53.0,66.0,42.0,52,92,23,34.0,44.0,0.0
2025-05-11,354.0,6.1,213,28.0,42.0,52.0,36.0,81,100,47,36.0,39.0,0.1
2025-05-12,295.0,4.6,239,20.0,38.0,45.0,35.0,99,100,92,38.0,38.0,0.34
2025-05-13,263.0,2.6,280,11.0,41.0,48.0,36.0,100,100,96,40.0,40.0,0.12
2025-05-14,306.0,1.0,299,7.0,41.0,50.0,35.0,93,100,73,39.0,40.0,0.0
2025-05-15,390.0,2.3,5,8.0,43.0,51.0,36.0,94,100,72,41.0,42.0,0.02
2025-05-16,549.0,2.7,305,13.0,48.0,61.0,37.0,84,100,57,43.0,45.0,0.02
2025-05-17,282.0,4.0,274,13.0,41.0,45.0,37.0,100,100,97,41.0,41.0,0.14
2025-05-18,359.0,1.6,272,13.0,42.0,53.0,35.0,87,100,62,38.0,40.0,0.0
2025-05-19,427.0,5.3,253,21.0,47.0,60.0,37.0,91,100,55,44.0,45.0,0.09
2025-05-20,342.0,2.5,312,12.0,41.0,51.0,35.0,89,100,64,38.0,39.0,0.01
2025-05-21,615.0,3.1,349,12.0,48.0,61.0,37.0,83,100,58,43.0,45.0,0.01
2025-05-22,307.0,1.6,319,11.0,43.0,52.0,39.0,92,100,71,41.0,42.0,0.01
2025-05-23,536.0,2.4,4,13.0,48.0,61.0,40.0,81,100,53,42.0,45.0,0.0
2025-05-24,712.0,2.5,274,10.0,57.0,71.0,46.0,60,82,41,43.0,49.0,0.0
2025-05-25,527.0,2.0,310,9.0,49.0,59.0,42.0,80,100,57,43.0,46.0,0.0
2025-05-26,512.0,2.1,342,13.0,51.0,64.0,42.0,82,100,50,44.0,47.0,0.0
2025-05-27,715.0,3.5,40,16.0,62.0,73.0,46.0,55,92,34,44.0,51.0,0.0
2025-05-28,710.0,2.5,264,12.0,62.0,71.0,50.0,53,73,43,44.0,52.0,0.0
2025-05-29,632.0,3.2,303,14.0,57.0,68.0,48.0,69,92,55,47.0,51.0,0.0
2025-05-30,707.0,3.2,14,13.0,66.0,79.0,54.0,50,83,27,45.0,54.0,0.0
2025-05-31,647.0,2.8,338,12.0,58.0,70.0,46.0,62,100,36,44.0,50.0,0.0
2025-06-01,672.0,2.2,276,14.0,48.0,62.0,38.0,72,100,39,38.0,43.0,0.0
2025-06-02,738.0,2.8,342,16.0,53.0,68.0,40.0,63,98,25,37.0,45.0,0.0
2025-06-03,728.0,2.5,316,15.0,54.0,68.0,40.0,57,84,30,38.0,45.0,0.0
2025-06-04,708.0,2.2,348,11.0,55.0,68.0,44.0,72,98,44,46.0,50.0,0.0
2025-06-05,661.0,1.9,310,14.0,55.0,66.0,46.0,80,100,54,48.0,51.0,0.0
2025-06-06,692.0,3.5,19,14.0,66.0,78.0,52.0,55,95,31,48.0,55.0,0.0
2025-06-07,729.0,3.9,34,12.0,71.0,84.0,58.0,52,79,33,52.0,59.0,0.0
2025-06-08,730.0,2.5,5,10.0,76.0,88.0,66.0,45,55,27,52.0,61.0,0.0
2025-06-09,724.0,2.7,20,10.0,77.0,89.0,67.0,41,55,28,51.0,61.0,0.0
2025-06-10,660.0,2.4,337,11.0,69.0,80.0,54.0,48,58,36,48.0,56.0,0.0
2025-06-11,748.0,1.8,287,11.0,59.0,71.0,46.0,44,92,8,33.0,47.0,0.0
2025-06-12,708.0,2.8,332,14.0,56.0,70.0,44.0,65,98,36,43.0,49.0,0.0
2025-06-13,266.0,1.5,309,9.0,43.0,48.0,39.0,90,98,80,40.0,41.0,0.0
2025-06-14,,,,11.0,,65.0,39.0,,100,40,,,0.0
2025-06-15,675.0,3.6,22,15.0,56.0,69.0,40.0,56,94,39,40.0,47.0,0.0
2025-06-16,715.0,2.2,328,10.0,55.0,68.0,47.0,55,75,27,39.0,46.0,0.0
2025-06-17,735.0,2.4,272,9.0,60.0,75.0,49.0,43,69,30,37.0,48.0,0.0
2025-06-18,628.0,1.7,291,9.0,54.0,68.0,44.0,77,99,51,46.0,50.0,0.0
2025-06-19,501.0,3.0,305,13.0,49.0,62.0,40.0,84,100,54,43.0,46.0,0.0
2025-06-20,314.0,3.4,263,18.0,41.0,47.0,37.0,95,100,79,39.0,40.0,0.06
2025-06-21,203.0,3.6,275,15.0,41.0,44.0,38.0,100,100,98,41.0,41.0,0.3
2025-06-22,452.0,1.9,339,13.0,48.0,62.0,40.0,87,100,60,44.0,46.0,0.01
2025-06-23,716.0,2.6,25,14.0,61.0,74.0,49.0,57,90,31,44.0,51.0,0.0
2025-06-24,701.0,2.8,330,12.0,63.0,78.0,52.0,56,78,34,46.0,53.0,0.0
2025-06-25,717.0,1.8,292,9.0,60.0,73.0,49.0,58,81,35,45.0,51.0,0.0
2025-06-26,714.0,2.4,268,12.0,60.0,74.0,49.0,56,82,39,43.0,50.0,0.0
2025-06-27,702.0,1.9,326,10.0,60.0,75.0,47.0,68,94,43,49.0,53.0,0.0
2025-06-28,742.0,2.6,339,13.0,61.0,75.0,50.0,69,100,37,49.0,53.0,0.0
2025-06-29,728.0,3.8,3,18.0,68.0,83.0,52.0,53,75,35,49.0,56.0,0.0
2025-06-30,712.0,3.3,350,17.0,71.0,86.0,60.0,53,70,31,52.0,59.0,0.0
2025-07-01,713.0,2.2,289,12.0,68.0,83.0,57.0,57,74,32,51.0,57.0,0.0
2025-07-02,741.0,2.6,328,15.0,61.0,77.0,49.0,60,88,23,45.0,52.0,0.0
2025-07-03,654.0,3.3,320,13.0,56.0,67.0,47.0,78,100,58,49.0,52.0,0.0
2025-07-04,710.0,2.0,299,13.0,53.0,69.0,44.0,77,100,41,45.0,49.0,0.0
2025-07-05,728.0,4.0,3,18.0,59.0,74.0,45.0,57,89,32,43.0,50.0,0.0
2025-07-06,724.0,4.1,340,15.0,65.0,80.0,52.0,47,72,24,43.0,52.0,0.0
2025-07-07,719.0,4.8,21,18.0,72.0,85.0,59.0,38,51,24,45.0,56.0,0.0
2025-07-08,702.0,2.1,320,13.0,70.0,86.0,57.0,46,76,31,48.0,56.0,0.0
2025-07-09,711.0,1.8,275,12.0,65.0,78.0,53.0,58,95,39,48.0,55.0,0.0
2025-07-10,713.0,2.8,2,13.0,63.0,75.0,53.0,75,100,47,54.0,57.0,0.0
2025-07-11,727.0,2.4,336,12.0,64.0,79.0,52.0,66,100,35,51.0,56.0,0.0
2025-07-12,726.0,2.4,335,11.0,70.0,87.0,55.0,54,83,26,51.0,58.0,0.0
2025-07-13,706.0,4.3,24,14.0,74.0,89.0,62.0,51,79,28,53.0,60.0,0.0
2025-07-14,705.0,2.1,308,12.0,71.0,88.0,56.0,56,83,26,52.0,59.0,0.0
2025-07-15,730.0,3.4,343,17.0,66.0,80.0,53.0,60,87,35,50.0,56.0,0.0
2025-07-16,683.0,3.0,327,12.0,73.0,89.0,62.0,45,61,27,50.0,59.0,0.0
2025-07-17,695.0,2.2,332,9.0,71.0,83.0,60.0,41,53,30,45.0,55.0,0.0
2025-07-18,711.0,2.2,326,9.0,70.0,84.0,57.0,44,58,25,46.0,55.0,0.0
2025-07-19,691.0,1.4,344,10.0,67.0,82.0,55.0,55,81,32,49.0,56.0,0.0
2025-07-20,642.0,2.5,317,10.0,63.0,80.0,53.0,62,91,34,49.0,54.0,0.0
2025-07-21,363.0,1.5,300,8.0,55.0,64.0,49.0,89,100,63,52.0,53.0,0.08
2025-07-22,700.0,3.5,1,12.0,63.0,79.0,50.0,71,100,34,52.0,56.0,0.01
2025-07-23,681.0,2.5,321,11.0,69.0,83.0,58.0,57,83,33,52.0,58.0,0.0
2025-07-24,680.0,2.0,332,9.0,69.0,83.0,59.0,55,77,33,51.0,57.0,0.0
2025-07-25,696.0,2.1,331,12.0,66.0,79.0,54.0,52,79,31,46.0,54.0,0.0
2025-07-26,682.0,2.8,320,12.0,62.0,78.0,51.0,65,91,38,49.0,54.0,0.0
2025-07-27,680.0,2.7,246,9.0,64.0,79.0,54.0,54,74,36,46.0,53.0,0.0
2025-07-28,679.0,2.9,24,11.0,67.0,82.0,54.0,55,72,32,49.0,55.0,0.0
2025-07-29,674.0,3.0,337,15.0,68.0,83.0,55.0,56,78,29,50.0,56.0,0.0
2025-07-30,611.0,2.2,328,11.0,66.0,82.0,57.0,59,80,33,51.0,56.0,0.0
2025-07-31,610.0,2.6,337,14.0,66.0,80.0,56.0,66,85,40,54.0,58.0,0.0
2025-08-01,662.0,3.3,348,12.0,67.0,82.0,57.0,62,82,35,53.0,58.0,0.0
2025-08-02,665.0,2.7,348,12.0,63.0,80.0,52.0,66,84,39,50.0,55.0,0.0
2025-08-03,654.0,2.1,339,11.0,56.0,72.0,47.0,74,92,48,47.0,51.0,0.0
2025-08-04,651.0,1.6,358,9.0,58.0,73.0,45.0,68,95,32,46.0,51.0,0.0
2025-08-05,656.0,2.4,277,10.0,63.0,78.0,51.0,51,80,24,43.0,51.0,0.0
2025-08-06,397.0,1.7,275,9.0,61.0,71.0,52.0,69,98,50,50.0,54.0,0.0
2025-08-07,508.0,1.8,5,12.0,60.0,73.0,50.0,77,100,35,51.0,55.0,0.03
2025-08-08,667.0,2.8,314,13.0,62.0,77.0,49.0,53,88,27,42.0,51.0,0.0
2025-08-09,635.0,2.8,342,13.0,66.0,81.0,53.0,50,77,23,45.0,53.0,0.0
2025-08-10,644.0,4.2,7,18.0,79.0,93.0,63.0,33,55,19,46.0,58.0,0.0
2025-08-11,631.0,3.9,348,13.0,80.0,96.0,69.0,37,52,21,51.0,61.0,0.0
2025-08-12,641.0,3.1,341,11.0,78.0,93.0,65.0,37,56,21,48.0,59.0,0.0
2025-08-13,643.0,2.2,314,12.0,70.0,87.0,54.0,53,97,30,51.0,58.0,0.0
2025-08-14,561.0,1.8,323,10.0,61.0,76.0,53.0,77,100,38,52.0,55.0,0.03
2025-08-15,287.0,2.5,267,9.0,61.0,68.0,54.0,82,98,64,55.0,57.0,0.0
2025-08-16,230.0,2.5,253,12.0,59.0,66.0,54.0,98,100,86,58.0,58.0,0.11
2025-08-17,357.0,2.8,297,10.0,55.0,67.0,49.0,94,100,73,53.0,54.0,0.03
2025-08-18,506.0,2.0,277,10.0,55.0,72.0,47.0,76,97,42,47.0,50.0,0.0
2025-08-19,599.0,3.1,337,13.0,59.0,75.0,47.0,69,98,40,48.0,52.0,0.0
2025-08-20,620.0,3.6,14,14.0,64.0,78.0,52.0,62,88,34,49.0,55.0,0.0
2025-08-21,,,,18.0,,83.0,60.0,,65,29,,,0.0
2025-08-22,613.0,2.8,11,15.0,78.0,93.0,66.0,34,48,20,46.0,58.0,0.0
2025-08-23,599.0,3.6,17,12.0,80.0,94.0,73.0,33,46,22,48.0,60.0,0.0
2025-08-24,530.0,2.4,61,10.0,80.0,92.0,71.0,37,57,23,50.0,61.0,0.0
2025-08-25,555.0,2.5,76,11.0,79.0,91.0,69.0,43,60,24,53.0,62.0,0.0
2025-08-26,473.0,2.8,341,9.0,75.0,84.0,67.0,45,62,35,52.0,60.0,0.0
2025-08-27,524.0,3.1,284,15.0,74.0,86.0,66.0,43,58,24,49.0,58.0,0.0
2025-08-28,590.0,3.1,153,13.0,73.0,89.0,64.0,37,49,15,44.0,56.0,0.0
2025-08-29,534.0,4.8,194,16.0,70.0,86.0,60.0,34,64,16,38.0,52.0,0.0
2025-08-30,576.0,2.6,293,11.0,69.0,83.0,58.0,44,74,22,44.0,54.0,0.0
2025-08-31,568.0,2.5,327,8.0,67.0,82.0,56.0,54,78,32,49.0,56.0,0.0
2025-09-01,558.0,4.0,30,14.0,65.0,77.0,55.0,63,80,41,51.0,56.0,0.0
2025-09-02,462.0,3.9,79,13.0,74.0,91.0,61.0,48,70,22,51.0,59.0,0.0
2025-09-03,428.0,4.0,55,15.0,75.0,88.0,68.0,45,65,29,51.0,60.0,0.0
2025-09-04,462.0,2.4,314,12.0,75.0,87.0,65.0,51,74,33,55.0,61.0,0.0
2025-09-05,500.0,3.5,294,13.0,69.0,80.0,59.0,63,82,45,55.0,60.0,0.0
2025-09-06,500.0,3.0,197,13.0,64.0,75.0,55.0,66,94,49,52.0,57.0,0.0
2025-09-07,450.0,2.5,246,11.0,63.0,75.0,54.0,64,95,37,49.0,54.0,0.0
2025-09-08,251.0,2.9,299,109.0,59.0,69.0,52.0,75,99,52,51.0,54.0,0.63
2025-09-09,275.0,1.0,350,7.0,55.0,62.0,52.0,95,100,78,53.0,54.0,0.18
2025-09-10,271.0,1.5,347,8.0,55.0,63.0,52.0,94,100,70,53.0,54.0,0.01
2025-09-11,283.0,1.4,335,10.0,56.0,66.0,52.0,90,100,66,53.0,54.0,0.0
2025-09-12,495.0,3.0,29,11.0,59.0,68.0,50.0,78,100,49,52.0,55.0,0.01
2025-09-13,468.0,3.7,219,15.0,62.0,73.0,53.0,60,85,36,48.0,54.0,0.0
2025-09-14,285.0,3.9,280,21.0,53.0,59.0,47.0,95,100,82,52.0,52.0,0.28
2025-09-15,515.0,4.4,67,17.0,59.0,68.0,48.0,65,99,44,46.0,51.0,0.01
2025-09-16,498.0,3.5,190,15.0,71.0,86.0,61.0,36,63,18,41.0,54.0,0.0
2025-09-17,486.0,2.7,332,12.0,64.0,75.0,53.0,55,97,23,46.0,53.0,0.0
2025-09-18,326.0,2.0,324,14.0,54.0,60.0,51.0,89,100,72,51.0,52.0,0.0
2025-09-19,456.0,2.6,260,15.0,65.0,77.0,52.0,65,86,43,53.0,57.0,0.0
2025-09-20,417.0,2.9,226,12.0,64.0,75.0,56.0,64,87,45,51.0,56.0,0.0
2025-09-21,163.0,3.0,295,11.0,52.0,57.0,46.0,84,100,37,46.0,49.0,0.15
2025-09-22,487.0,5.2,74,18.0,59.0,72.0,44.0,60,100,36,44.0,50.0,0.01
2025-09-23,473.0,3.7,65,16.0,73.0,87.0,62.0,24,36,18,34.0,52.0,0.0
2025-09-24,473.0,3.6,326,14.0,73.0,84.0,59.0,32,57,20,40.0,54.0,0.0
2025-09-25,451.0,2.4,325,12.0,60.0,73.0,47.0,57,83,35,44.0,50.0,0.0
2025-09-26,457.0,4.8,30,19.0,56.0,68.0,43.0,46,72,31,34.0,45.0,0.0
2025-09-27,393.0,3.6,55,12.0,66.0,76.0,58.0,32,56,20,34.0,49.0,0.0
2025-09-28,363.0,5.5,213,20.0,61.0,72.0,53.0,44,55,36,39.0,49.0,0.0
2025-09-29,103.0,7.2,211,24.0,48.0,53.0,43.0,89,100,56,45.0,46.0,0.15
2025-09-30,220.0,8.4,206,40.0,46.0,50.0,42.0,94,100,65,44.0,45.0,0.2
2025-10-01,122.0,7.3,217,29.0,48.0,51.0,46.0,94,100,81,46.0,47.0,0.01
2025-10-02,191.0,3.3,256,15.0,48.0,53.0,45.0,94,100,78,46.0,47.0,0.05
2025-10-03,247.0,1.2,334,9.0,47.0,57.0,44.0,92,100,60,45.0,46.0,0.01
2025-10-04,123.0,1.1,327,9.0,48.0,54.0,44.0,99,100,94,48.0,48.0,0.07
2025-10-05,414.0,3.9,43,16.0,51.0,59.0,44.0,86,100,62,46.0,48.0,0.0
2025-10-06,425.0,2.7,46,15.0,59.0,72.0,48.0,43,78,30,36.0,46.0,0.0
2025-10-07,418.0,3.8,217,15.0,63.0,76.0,55.0,34,49,21,33.0,47.0,0.0
2025-10-08,369.0,3.2,243,11.0,50.0,58.0,39.0,69,97,46,40.0,45.0,0.0
2025-10-09,154.0,3.7,205,15.0,44.0,51.0,38.0,86,99,60,40.0,42.0,0.32
2025-10-10,96.0,7.7,216,25.0,41.0,45.0,38.0,98,99,93,40.0,41.0,0.1
2025-10-11,135.0,6.0,248,23.0,41.0,46.0,38.0,99,100,91,41.0,41.0,0.12
2025-10-12,97.0,4.7,253,19.0,39.0,42.0,36.0,99,100,94,39.0,39.0,0.18
2025-10-13,162.0,4.5,41,23.0,37.0,42.0,32.0,99,100,92,37.0,37.0,0.2
2025-10-14,377.0,4.3,85,17.0,47.0,56.0,40.0,74,85,58,39.0,43.0,0.0
2025-10-15,373.0,2.3,264,8.0,48.0,57.0,39.0,74,99,58,40.0,44.0,0.0
2025-10-16,336.0,3.2,25,13.0,47.0,56.0,39.0,71,85,56,38.0,43.0,0.0
2025-10-17,302.0,2.9,11,13.0,52.0,60.0,46.0,70,98,33,41.0,46.0,0.0
2025-10-18,349.0,5.0,213,26.0,57.0,70.0,47.0,51,93,30,38.0,47.0,0.0
2025-10-19,169.0,3.6,273,27.0,44.0,51.0,40.0,94,99,52,42.0,43.0,0.15
2025-10-20,352.0,4.7,66,17.0,48.0,59.0,38.0,68,99,35,37.0,42.0,0.01
2025-10-21,346.0,4.3,142,13.0,60.0,69.0,53.0,32,43,22,29.0,45.0,0.0
2025-10-22,275.0,4.7,232,25.0,53.0,60.0,44.0,65,99,41,40.0,46.0,0.0
2025-10-23,279.0,7.5,208,25.0,52.0,60.0,44.0,63,99,32,38.0,45.0,0.0
2025-10-24,86.0,9.3,209,39.0,46.0,50.0,44.0,91,100,59,43.0,44.0,0.47
2025-10-25,100.0,11.5,222,46.0,39.0,45.0,34.0,99,100,95,39.0,39.0,1.01
2025-10-26,103.0,6.1,241,30.0,36.0,40.0,32.0,99,99,98,35.0,36.0,0.27
2025-10-27,327.0,3.5,175,22.0,40.0,48.0,32.0,83,99,51,34.0,37.0,0.01
2025-10-28,281.0,7.4,221,21.0,52.0,63.0,44.0,57,96,28,36.0,44.0,0.0
2025-10-29,190.0,4.1,41,15.0,46.0,51.0,43.0,96,100,75,45.0,46.0,0.37
2025-10-30,239.0,4.0,164,17.0,54.0,62.0,47.0,62,85,44,41.0,47.0,0.0
2025-10-31,236.0,7.0,204,25.0,54.0,61.0,48.0,64,80,50,41.0,47.0,0.0
2025-11-01,95.0,10.0,242,37.0,48.0,52.0,40.0,90,99,65,45.0,47.0,0.38
2025-11-02,243.0,3.2,60,22.0,43.0,50.0,38.0,90,99,63,40.0,42.0,0.0
2025-11-03,168.0,10.6,214,37.0,47.0,54.0,43.0,78,99,53,40.0,44.0,0.06
2025-11-04,87.0,4.8,122,29.0,46.0,54.0,42.0,93,99,78,44.0,45.0,0.38
2025-11-05,35.0,11.5,224,42.0,43.0,47.0,41.0,99,100,85,43.0,43.0,1.48
2025-11-06,39.0,11.1,233,36.0,44.0,46.0,43.0,100,100,100,44.0,44.0,0.31
2025-11-07,203.0,3.9,236,16.0,42.0,50.0,36.0,92,100,76,40.0,41.0,0.22
2025-11-08,219.0,4.2,158,17.0,57.0,66.0,46.0,46,69,29,36.0,46.0,0.0
2025-11-09,206.0,5.4,190,20.0,62.0,68.0,58.0,41,46,33,38.0,49.0,0.0
2025-11-10,227.0,3.4,214,15.0,57.0,65.0,48.0,59,95,41,42.0,48.0,0.0
2025-11-11,158.0,7.1,203,20.0,55.0,60.0,51.0,60,79,52,41.0,47.0,0.0
2025-11-12,173.0,4.8,164,20.0,52.0,60.0,46.0,73,93,56,43.0,47.0,0.0
2025-11-13,116.0,4.2,190,19.0,50.0,59.0,44.0,81,97,63,44.0,46.0,0.11
2025-11-14,203.0,4.4,196,16.0,46.0,53.0,42.0,73,87,57,38.0,42.0,0.0
2025-11-15,252.0,3.6,86,15.0,53.0,63.0,47.0,58,77,43,38.0,45.0,0.0
2025-11-16,78.0,6.0,229,23.0,45.0,51.0,41.0,87,99,49,41.0,43.0,0.53
2025-11-17,74.0,1.6,284,14.0,38.0,40.0,36.0,99,99,99,38.0,38.0,0.72
2025-11-18,131.0,2.7,34,12.0,35.0,39.0,32.0,99,99,96,35.0,35.0,0.01
2025-11-19,124.0,9.1,212,29.0,37.0,40.0,34.0,96,99,91,36.0,37.0,0.19
2025-11-20,131.0,5.8,258,22.0,35.0,44.0,32.0,96,99,78,34.0,35.0,0.0
2025-11-21,225.0,3.5,85,17.0,42.0,52.0,33.0,62,99,40,29.0,36.0,0.01
2025-11-22,243.0,3.9,205,19.0,48.0,57.0,42.0,46,81,34,28.0,39.0,0.0
2025-11-23,159.0,4.3,243,23.0,43.0,48.0,39.0,77,99,55,36.0,39.0,0.1
2025-11-24,148.0,2.3,261,12.0,37.0,40.0,34.0,96,99,88,36.0,36.0,0.11
2025-11-25,113.0,8.7,233,25.0,43.0,46.0,36.0,40,87,21,19.0,34.0,0.0
2025-11-26,,,,24.0,,56.0,43.0,,69,24,,,0.0
2025-11-27,141.0,12.9,232,37.0,44.0,48.0,39.0,81,96,44,38.0,41.0,0.0
2025-11-28,168.0,3.5,153,17.0,41.0,48.0,37.0,87,97,72,37.0,39.0,0.0
2025-11-29,186.0,3.9,245,16.0,43.0,50.0,36.0,71,98,52,34.0,38.0,0.0
2025-11-30,220.0,3.2,62,13.0,39.0,45.0,36.0,84,98,70,35.0,37.0,0.01
2025-12-01,159.0,2.9,71,11.0,46.0,55.0,38.0,40,72,11,20.0,35.0,0.0
2025-12-02,86.0,2.0,322,15.0,38.0,43.0,32.0,74,98,22,29.0,34.0,0.0
2025-12-03,151.0,3.2,64,11.0,41.0,48.0,34.0,54,88,27,24.0,34.0,0.0
2025-12-04,124.0,3.2,289,12.0,45.0,53.0,42.0,70,99,46,36.0,41.0,0.04
2025-12-05,48.0,6.2,256,31.0,44.0,46.0,41.0,100,100,99,44.0,44.0,0.24
2025-12-06,123.0,5.2,247,27.0,42.0,49.0,39.0,91,100,71,39.0,40.0,0.01
2025-12-07,49.0,11.5,236,34.0,42.0,44.0,39.0,93,100,73,40.0,41.0,0.08
2025-12-08,110.0,11.0,243,30.0,45.0,48.0,42.0,97,100,90,44.0,45.0,0.01
2025-12-09,55.0,10.9,242,28.0,45.0,48.0,41.0,99,100,98,45.0,45.0,0.01
2025-12-10,188.0,7.9,236,23.0,49.0,55.0,46.0,79,100,45,42.0,46.0,0.01
2025-12-11,215.0,4.3,190,13.0,52.0,57.0,45.0,45,74,10,29.0,41.0,0.0
2025-12-12,202.0,2.5,90,8.0,60.0,68.0,56.0,17,21,12,15.0,41.0,0.0
2025-12-13,215.0,7.5,197,30.0,56.0,63.0,51.0,24,38,14,19.0,40.0,0.0
2025-12-14,116.0,12.5,217,31.0,51.0,53.0,48.0,36,44,31,25.0,39.0,0.0
2025-12-15,31.0,12.6,225,36.0,47.0,49.0,45.0,83,100,35,41.0,44.0,0.25
2025-12-16,51.0,12.6,230,43.0,47.0,49.0,44.0,99,100,95,47.0,47.0,0.39
2025-12-17,115.0,5.9,232,33.0,36.0,49.0,32.0,95,100,87,35.0,36.0,0.38
2025-12-18,27.0,16.7,230,49.0,41.0,45.0,35.0,99,100,97,41.0,41.0,0.64
2025-12-19,84.0,5.1,261,38.0,37.0,46.0,29.0,99,100,98,37.0,37.0,0.69
2025-12-20,144.0,5.0,219,22.0,32.0,37.0,27.0,93,99,85,30.0,31.0,0.04
2025-12-21,33.0,6.9,235,23.0,40.0,43.0,35.0,100,100,100,40.0,40.0,1.17
2025-12-22,83.0,8.6,237,26.0,34.0,38.0,32.0,96,100,84,33.0,34.0,0.03
2025-12-23,27.0,4.3,153,16.0,35.0,38.0,33.0,92,100,76,33.0,34.0,0.14
2025-12-24,133.0,4.5,321,30.0,38.0,45.0,35.0,96,100,76,37.0,38.0,0.89
2025-12-25,86.0,7.4,262,39.0,35.0,38.0,32.0,97,99,87,34.0,34.0,0.24
2025-12-26,21.0,3.9,304,29.0,32.0,36.0,30.0,98,99,96,32.0,32.0,0.24
2025-12-27,63.0,2.8,4,13.0,30.0,32.0,27.0,97,99,94,29.0,29.0,0.07
2025-12-28,193.0,4.2,92,18.0,34.0,45.0,28.0,76,98,52,27.0,31.0,0.12
2025-12-29,188.0,4.5,117,17.0,45.0,53.0,34.0,41,74,19,21.0,35.0,0.01
2025-12-30,211.0,5.7,202,18.0,55.0,63.0,47.0,21,40,14,15.0,38.0,0.0
2025-12-31,127.0,5.8,191,19.0,50.0,57.0,41.0,37,98,24,23.0,38.0,0.0
2026-01-01,48.0,7.2,200,29.0,44.0,44.0,42.0,100,100,99,44.0,44.0,0.22
2026-01-02,94.0,4.0,103,20.0,44.0,46.0,41.0,95,100,80,42.0,43.0,0.08
2026-01-03,100.0,9.8,212,44.0,38.0,43.0,36.0,96,100,76,37.0,38.0,1.07
2026-01-04,115.0,9.1,225,37.0,35.0,38.0,32.0,99,100,96,35.0,35.0,0.35
2026-01-05,80.0,2.9,75,20.0,33.0,40.0,31.0,98,99,90,33.0,33.0,0.41
2026-01-06,49.0,11.4,237,34.0,34.0,37.0,32.0,99,99,99,34.0,34.0,0.01
2026-01-07,37.0,6.5,258,37.0,31.0,33.0,28.0,99,99,97,30.0,31.0,0.09
2026-01-08,20.0,3.5,248,13.0,29.0,33.0,27.0,97,98,96,29.0,29.0,0.03
2026-01-09,179.0,8.8,237,26.0,39.0,46.0,28.0,56,96,36,23.0,32.0,0.36
2026-01-10,133.0,9.9,217,25.0,44.0,47.0,42.0,38,44,33,21.0,34.0,0.0
2026-01-11,227.0,10.3,212,26.0,48.0,55.0,43.0,27,40,16,15.0,35.0,0.0
2026-01-12,219.0,5.5,147,22.0,56.0,66.0,49.0,15,22,7,9.0,38.0,0.0
2026-01-13,242.0,3.8,160,19.0,62.0,71.0,57.0,13,16,7,10.0,41.0,0.0
2026-01-14,247.0,4.4,54,23.0,61.0,69.0,56.0,17,21,11,15.0,41.0,0.0
2026-01-15,250.0,4.7,61,24.0,60.0,71.0,53.0,16,19,13,14.0,41.0,0.0
2026-01-16,251.0,3.2,100,16.0,61.0,73.0,53.0,14,20,5,10.0,40.0,0.0
2026-01-17,248.0,4.8,158,15.0,57.0,65.0,51.0,18,22,13,13.0,39.0,0.0
2026-01-18,245.0,2.8,185,10.0,56.0,64.0,52.0,20,27,13,15.0,39.0,0.0
2026-01-19,256.0,2.5,96,14.0,54.0,66.0,48.0,24,31,18,18.0,39.0,0.0
2026-01-20,190.0,3.8,158,11.0,53.0,60.0,47.0,21,27,17,14.0,37.0,0.0
2026-01-21,197.0,2.3,248,7.0,51.0,58.0,44.0,24,38,12,15.0,37.0,0.0
2026-01-22,254.0,2.0,345,7.0,48.0,59.0,39.0,21,43,12,8.0,34.0,0.0
2026-01-23,252.0,3.9,29,21.0,40.0,49.0,33.0,53,79,16,23.0,33.0,0.0
2026-01-24,272.0,3.0,116,12.0,43.0,54.0,34.0,23,47,12,7.0,31.0,0.0
2026-01-25,217.0,7.3,214,26.0,47.0,55.0,43.0,19,32,12,5.0,32.0,0.0
2026-01-26,145.0,6.2,182,25.0,43.0,49.0,39.0,35,44,27,17.0,33.0,0.0
2026-01-27,120.0,6.5,159,27.0,40.0,49.0,36.0,58,99,36,25.0,34.0,0.03
2026-01-28,129.0,9.1,204,28.0,39.0,44.0,36.0,91,100,76,36.0,37.0,0.01
2026-01-29,79.0,10.8,210,28.0,43.0,46.0,39.0,59,83,45,30.0,37.0,0.0
2026-01-30,125.0,9.7,213,34.0,48.0,51.0,44.0,33,51,24,20.0,37.0,0.0
2026-01-31,193.0,8.2,209,28.0,50.0,57.0,45.0,29,44,20,19.0,37.0,0.0
2026-02-01,168.0,7.7,225,30.0,43.0,48.0,39.0,75,97,34,35.0,39.0,0.0
2026-02-02,261.0,4.0,152,16.0,48.0,58.0,40.0,58,87,25,33.0,41.0,0.0
2026-02-03,256.0,6.3,194,20.0,56.0,64.0,51.0,26,38,17,22.0,41.0,0.0
2026-02-04,292.0,4.1,116,19.0,60.0,71.0,54.0,23,28,20,22.0,43.0,0.0
2026-02-05,279.0,4.0,166,22.0,57.0,66.0,50.0,25,40,20,22.0,41.0,0.0
2026-02-06,271.0,4.5,219,22.0,52.0,60.0,45.0,46,67,32,32.0,42.0,0.0
2026-02-07,100.0,10.3,228,37.0,44.0,47.0,42.0,77,99,63,37.0,41.0,0.22
2026-02-08,23.0,5.3,255,22.0,37.0,42.0,33.0,99,99,99,36.0,37.0,1.53
2026-02-09,202.0,4.5,92,18.0,36.0,41.0,31.0,92,99,82,33.0,34.0,0.02
2026-02-10,284.0,2.6,60,14.0,40.0,51.0,33.0,61,86,42,27.0,35.0,0.0
2026-02-11,288.0,2.1,191,9.0,45.0,55.0,39.0,69,83,55,36.0,40.0,0.0
2026-02-12,251.0,2.7,245,11.0,44.0,51.0,38.0,83,98,67,39.0,41.0,0.0
2026-02-13,171.0,5.5,233,22.0,38.0,43.0,35.0,90,98,66,35.0,36.0,0.01
2026-02-14,135.0,3.8,177,19.0,39.0,47.0,35.0,93,98,77,37.0,38.0,0.01
2026-02-15,147.0,2.7,79,15.0,41.0,46.0,37.0,86,98,76,37.0,39.0,0.0
2026-02-16,112.0,6.8,253,25.0,31.0,39.0,26.0,96,98,90,30.0,31.0,0.12
2026-02-17,39.0,4.8,241,26.0,25.0,30.0,22.0,94,95,92,24.0,25.0,0.0
2026-02-18,24.0,4.4,222,22.0,26.0,31.0,23.0,93,95,92,24.0,25.0,0.08
2026-02-19,127.0,2.5,286,16.0,28.0,36.0,23.0,94,96,90,27.0,28.0,0.29
2026-02-20,182.0,5.9,224,30.0,28.0,35.0,23.0,93,96,89,26.0,27.0,0.09
2026-02-21,256.0,5.7,270,31.0,34.0,42.0,28.0,80,96,64,28.0,32.0,0.14
2026-02-22,84.0,9.3,255,35.0,38.0,41.0,35.0,95,99,70,37.0,38.0,1.05
2026-02-23,64.0,8.8,243,29.0,41.0,44.0,39.0,100,100,99,41.0,41.0,1.01
2026-02-24,79.0,7.2,248,26.0,44.0,46.0,40.0,100,100,100,44.0,44.0,0.77
2026-02-25,246.0,2.8,304,10.0,39.0,45.0,34.0,99,100,94,39.0,39.0,0.09
2026-02-26,299.0,3.5,203,14.0,43.0,51.0,35.0,72,98,46,34.0,38.0,0.0
2026-02-27,388.0,3.0,175,12.0,50.0,61.0,44.0,61,81,47,37.0,43.0,0.0
2026-02-28,134.0,6.2,199,23.0,48.0,50.0,46.0,81,98,55,42.0,45.0,0.12
2026-03-01,93.0,2.4,205,24.0,45.0,48.0,42.0,94,99,75,43.0,44.0,0.88
2026-03-02,342.0,3.0,195,13.0,45.0,54.0,40.0,86,99,59,41.0,43.0,0.01
2026-03-03,348.0,6.1,234,25.0,45.0,55.0,40.0,86,99,63,41.0,43.0,0.01
2026-03-04,106.0,6.4,264,35.0,35.0,40.0,32.0,97,99,91,34.0,35.0,0.33
2026-03-05,119.0,1.8,307,11.0,34.0,36.0,32.0,99,99,98,33.0,34.0,0.4
2026-03-06,,,,10.0,,48.0,31.0,,99,75,,,0.0
2026-03-07,421.0,2.9,18,14.0,52.0,62.0,40.0,70,93,54,42.0,46.0,0.0
2026-03-08,359.0,2.2,301,9.0,46.0,53.0,38.0,86,99,64,42.0,44.0,0.04
2026-03-09,256.0,1.5,333,8.0,33.0,39.0,27.0,94,99,79,31.0,32.0,0.41
2026-03-10,273.0,3.2,261,16.0,33.0,44.0,26.0,83,96,58,28.0,30.0,0.01
2026-03-11,324.0,8.7,239,31.0,41.0,53.0,33.0,71,89,54,32.0,37.0,0.0
2026-03-12,243.0,5.2,244,23.0,44.0,52.0,39.0,89,99,71,41.0,42.0,0.0
2026-03-13,280.0,4.5,243,21.0,44.0,54.0,38.0,90,99,67,41.0,42.0,0.0
2026-03-14,246.0,4.9,312,27.0,39.0,43.0,31.0,96,99,72,38.0,38.0,0.26
2026-03-15,285.0,3.8,201,12.0,51.0,58.0,40.0,27,67,10,16.0,37.0,0.0
2026-03-16,469.0,4.5,199,16.0,60.0,72.0,52.0,38,67,22,33.0,46.0,0.0
2026-03-17,490.0,5.2,224,19.0,62.0,75.0,55.0,36,49,17,34.0,48.0,0.0
2026-03-18,488.0,5.1,242,21.0,62.0,75.0,55.0,22,42,9,21.0,44.0,0.0
2026-03-19,496.0,4.8,213,18.0,62.0,75.0,56.0,28,35,19,28.0,45.0,0.0
2026-03-20,423.0,3.7,244,16.0,59.0,69.0,50.0,44,94,16,34.0,47.0,0.0
2026-03-21,493.0,3.0,337,15.0,44.0,55.0,35.0,80,98,48,38.0,41.0,0.0
2026-03-22,477.0,4.4,46,16.0,44.0,57.0,36.0,62,90,32,31.0,38.0,0.0
2026-03-23,396.0,4.2,239,28.0,48.0,60.0,41.0,52,77,22,30.0,40.0,0.0
2026-03-24,134.0,9.4,226,37.0,47.0,50.0,43.0,76,99,50,39.0,43.0,0.04
2026-03-25,371.0,3.3,273,13.0,39.0,47.0,29.0,93,99,72,38.0,39.0,0.05
2026-03-26,534.0,4.5,61,19.0,39.0,53.0,26.0,72,97,50,30.0,35.0,0.0
2026-03-27,536.0,2.9,35,14.0,52.0,66.0,42.0,40,69,21,27.0,41.0,0.0
2026-03-28,494.0,3.4,241,14.0,51.0,60.0,43.0,49,66,35,32.0,41.0,0.0
2026-03-29,452.0,4.0,278,19.0,48.0,57.0,36.0,64,98,48,35.0,41.0,0.0
2026-03-30,199.0,5.7,169,29.0,41.0,50.0,35.0,92,99,67,39.0,40.0,0.07
2026-03-31,237.0,7.5,231,25.0,42.0,52.0,38.0,83,97,60,37.0,40.0,0.05
2026-04-01,113.0,9.6,241,43.0,34.0,37.0,29.0,98,98,92,33.0,34.0,0.46
2026-04-02,305.0,4.0,285,21.0,34.0,44.0,28.0,95,98,84,32.0,33.0,0.38
2026-04-03,553.0,3.7,83,14.0,47.0,60.0,32.0,63,94,44,34.0,40.0,0.01
2026-04-04,551.0,4.0,47,16.0,58.0,67.0,48.0,43,68,30,35.0,46.0,0.0
2026-04-05,529.0,2.4,225,13.0,61.0,73.0,53.0,37,51,29,34.0,47.0,0.0
2026-04-06,564.0,2.2,291,11.0,59.0,71.0,49.0,34,45,23,29.0,44.0,0.0
2026-04-07,552.0,2.0,330,7.0,54.0,64.0,47.0,46,78,26,33.0,44.0,0.0
2026-04-08,451.0,2.4,232,10.0,54.0,67.0,48.0,59,88,34,39.0,46.0,0.01
2026-04-09,329.0,3.7,102,28.0,51.0,63.0,45.0,80,97,63,45.0,47.0,0.13
2026-04-10,444.0,3.5,208,15.0,48.0,57.0,42.0,88,99,65,45.0,46.0,0.26
2026-04-11,164.0,5.3,164,19.0,41.0,47.0,36.0,98,99,95,40.0,40.0,0.46
2026-04-12,432.0,3.8,251,18.0,40.0,51.0,33.0,87,99,58,36.0,38.0,0.19
2026-04-13,226.0,2.6,277,10.0,37.0,44.0,33.0,98,99,96,37.0,37.0,0.22
2026-04-14,238.0,5.3,239,27.0,36.0,43.0,33.0,93,98,75,34.0,35.0,0.05
2026-04-15,209.0,8.5,267,35.0,33.0,37.0,27.0,98,99,96,33.0,33.0,0.28
2026-04-16,440.0,3.0,356,18.0,34.0,45.0,27.0,82,96,57,29.0,32.0,0.15
2026-04-17,586.0,3.0,82,15.0,44.0,58.0,29.0,52,76,29,27.0,36.0,0.0
2026-04-18,618.0,2.8,187,13.0,55.0,68.0,47.0,39,67,20,29.0,43.0,0.0
2026-04-19,293.0,2.5,236,13.0,51.0,60.0,42.0,58,83,34,36.0,43.0,0.0
2026-04-20,277.0,3.5,98,23.0,46.0,56.0,41.0,78,98,52,39.0,42.0,0.04
2026-04-21,180.0,3.0,270,15.0,39.0,45.0,36.0,97,99,90,38.0,39.0,0.62
2026-04-22,292.0,3.8,264,16.0,39.0,45.0,35.0,97,99,92,38.0,39.0,0.07
2026-04-23,589.0,2.3,327,11.0,42.0,54.0,34.0,84,99,62,38.0,40.0,0.0
2026-04-24,656.0,3.2,5,12.0,46.0,57.0,37.0,72,98,47,37.0,41.0,0.01
2026-04-25,592.0,2.1,326,10.0,46.0,58.0,37.0,52,72,32,29.0,38.0,0.0
2026-04-26,492.0,2.0,289,10.0,44.0,53.0,37.0,58,81,42,30.0,37.0,0.01
2026-04-27,617.0,2.0,328,9.0,44.0,57.0,37.0,77,98,50,37.0,41.0,0.0
2026-04-28,607.0,3.1,4,10.0,44.0,57.0,35.0,85,98,57,39.0,41.0,0.0
2026-04-29,675.0,3.5,1,11.0,49.0,60.0,38.0,66,98,40,37.0,42.0,0.01
2026-04-30,648.0,3.5,35,13.0,56.0,68.0,47.0,58,83,36,41.0,48.0,0.0
2026-05-01,587.0,3.3,348,12.0,51.0,60.0,43.0,84,98,67,46.0,48.0,0.0
2026-05-02,538.0,4.4,47,19.0,53.0,65.0,42.0,80,99,58,46.0,49.0,0.0
2026-05-03,427.0,2.2,331,12.0,62.0,74.0,54.0,50,80,35,43.0,51.0,0.0
2026-05-04,651.0,2.2,278,11.0,53.0,63.0,45.0,81,98,62,47.0,50.0,0.0
2026-05-05,637.0,2.0,346,13.0,53.0,67.0,43.0,85,99,54,48.0,50.0,0.0
2026-05-06,689.0,3.0,340,12.0,57.0,67.0,48.0,75,97,51,48.0,51.0,0.0
2026-05-07,694.0,2.9,250,9.0,59.0,69.0,52.0,53,80,34,42.0,49.0,0.0
2026-05-08,671.0,3.0,271,16.0,55.0,65.0,47.0,67,86,48,44.0,48.0,0.0
2026-05-09,680.0,2.7,13,14.0,60.0,74.0,47.0,58,81,41,45.0,51.0,0.0
2026-05-10,659.0,2.6,341,12.0,53.0,66.0,44.0,72,91,53,44.0,48.0,0.0
2026-05-11,690.0,4.5,40,16.0,60.0,72.0,45.0,62,92,45,46.0,51.0,0.0
2026-05-12,585.0,4.4,238,20.0,60.0,72.0,47.0,56,82,42,44.0,51.0,0.0
2026-05-13,614.0,4.2,270,21.0,47.0,59.0,38.0,79,98,42,39.0,43.0,0.04
2026-05-14,692.0,3.2,251,12.0,49.0,62.0,39.0,76,98,38,41.0,44.0,0.0
2026-05-15,569.0,2.7,283,11.0,44.0,58.0,37.0,78,97,42,37.0,40.0,0.02
2026-05-16,401.0,3.0,280,14.0,39.0,47.0,34.0,88,98,67,35.0,37.0,0.05
2026-05-17,405.0,2.0,324,14.0,39.0,50.0,32.0,85,97,57,35.0,37.0,0.15
2026-05-18,715.0,3.2,3,19.0,50.0,63.0,37.0,63,94,31,36.0,42.0,0.0
2026-05-19,694.0,2.9,17,19.0,53.0,66.0,42.0,59,90,33,38.0,45.0,0.0
2026-05-20,670.0,2.8,353,15.0,53.0,66.0,44.0,66,97,39,41.0,46.0,0.0
2026-05-21,714.0,4.1,2,20.0,59.0,73.0,45.0,54,81,36,42.0,49.0,0.0
2026-05-22,714.0,2.2,320,12.0,60.0,74.0,48.0,62,83,36,46.0,51.0,0.0
2026-05-23,719.0,3.2,351,14.0,59.0,73.0,47.0,59,90,33,43.0,50.0,0.0
2026-05-24,711.0,3.1,293,13.0,62.0,76.0,48.0,45,82,25,39.0,49.0,0.0
2026-05-25,409.0,5.4,235,28.0,50.0,63.0,37.0,63,98,32,36.0,43.0,0.09
2026-05-26,348.0,2.4,266,13.0,42.0,52.0,36.0,95,98,78,40.0,41.0,0.29
2026-05-27,242.0,1.8,306,20.0,46.0,56.0,40.0,96,99,82,45.0,46.0,0.04
2026-05-28,346.0,4.0,265,17.0,53.0,61.0,44.0,85,99,59,48.0,50.0,0.0
2026-05-29,317.0,1.9,311,12.0,45.0,55.0,40.0,93,99,66,43.0,44.0,0.04
2026-05-30,542.0,1.8,296,11.0,44.0,57.0,37.0,83,98,50,39.0,41.0,0.01
2026-05-31,744.0,3.1,356,15.0,48.0,62.0,36.0,65,98,31,35.0,42.0,0.0
2026-06-01,748.0,3.4,36,14.0,62.0,76.0,45.0,42,69,24,37.0,48.0,0.0
2026-06-02,645.0,3.1,288,9.0,65.0,78.0,53.0,36,52,14,37.0,50.0,0.0
2026-06-03,478.0,3.1,269,12.0,54.0,65.0,43.0,58,97,31,38.0,46.0,0.0
2026-06-04,715.0,2.4,353,10.0,52.0,68.0,42.0,75,98,32,42.0,47.0,0.0
2026-06-05,681.0,3.1,321,11.0,47.0,62.0,37.0,75,97,49,39.0,43.0,0.0
2026-06-06,459.0,2.5,279,10.0,43.0,55.0,36.0,78,95,54,36.0,40.0,0.0
2026-06-07,545.0,3.2,56,15.0,49.0,60.0,35.0,63,97,42,36.0,42.0,0.0
2026-06-08,190.0,9.6,223,31.0,46.0,51.0,39.0,92,99,55,44.0,45.0,0.31
2026-06-09,440.0,2.8,272,13.0,47.0,56.0,40.0,90,99,69,44.0,45.0,0.0
2026-06-10,721.0,2.5,2,10.0,51.0,66.0,38.0,68,98,35,39.0,45.0,0.0
2026-06-11,743.0,3.1,356,11.0,61.0,74.0,49.0,40,74,22,35.0,47.0,0.0
2026-06-12,756.0,3.0,346,13.0,63.0,77.0,52.0,40,59,17,37.0,49.0,0.0
2026-06-13,757.0,3.4,15,19.0,68.0,82.0,50.0,42,71,27,43.0,53.0,0.0
2026-06-14,755.0,2.7,28,13.0,75.0,89.0,62.0,30,43,19,41.0,55.0,0.0
2026-06-15,746.0,3.2,353,13.0,75.0,87.0,65.0,32,47,17,42.0,55.0,0.0
2026-06-16,742.0,2.4,4,11.0,69.0,83.0,54.0,43,91,23,43.0,54.0,0.0
2026-06-17,746.0,3.2,358,17.0,63.0,78.0,50.0,54,95,22,43.0,51.0,0.0
2026-06-18,559.0,4.7,35,16.0,62.0,74.0,52.0,47,66,35,42.0,50.0,0.0
2026-06-19,600.0,2.7,342,10.0,62.0,77.0,50.0,67,92,44,50.0,54.0,0.0
2026-06-20,742.0,2.3,351,12.0,56.0,68.0,45.0,77,98,48,48.0,51.0,0.0
2026-06-21,774.0,3.8,360,16.0,61.0,76.0,49.0,51,85,23,41.0,50.0,0.0
2026-06-22,764.0,3.0,0,13.0,66.0,82.0,50.0,47,73,25,44.0,53.0,0.0
2026-06-23,732.0,2.3,325,9.0,69.0,84.0,59.0,46,63,30,46.0,55.0,0.0
2026-06-24,740.0,2.2,336,13.0,68.0,81.0,57.0,45,67,28,45.0,54.0,0.0
2026-06-25,506.0,2.4,266,13.0,61.0,75.0,45.0,48,98,23,38.0,49.0,0.16
2026-06-26,302.0,4.2,248,13.0,50.0,60.0,43.0,97,99,89,50.0,50.0,0.27
2026-06-27,302.0,2.8,283,14.0,43.0,50.0,40.0,96,99,89,42.0,43.0,0.11
2026-06-28,260.0,0.5,318,9.0,46.0,52.0,41.0,96,99,88,45.0,45.0,0.1
2026-06-29,527.0,1.2,351,9.0,49.0,61.0,42.0,88,99,59,45.0,47.0,0.05
2026-06-30,,,,8.0,,63.0,42.0,,99,56,,,0.0
2026-07-01,649.0,1.3,313,11.0,50.0,65.0,41.0,78,98,46,43.0,46.0,0.0
2026-07-02,645.0,2.5,354,14.0,56.0,70.0,44.0,69,98,38,45.0,49.0,0.0
2026-07-03,736.0,3.0,360,13.0,63.0,78.0,50.0,67,95,38,50.0,55.0,0.0
2026-07-04,735.0,3.2,355,14.0,64.0,77.0,53.0,61,92,34,49.0,55.0,0.0
2026-07-05,657.0,3.8,20,14.0,64.0,76.0,52.0,50,81,31,44.0,52.0,0.0
2026-07-06,695.0,2.3,336,10.0,69.0,83.0,60.0,45,70,32,47.0,55.0,0.0
2026-07-07,714.0,2.3,6,11.0,66.0,78.0,52.0,57,88,41,50.0,56.0,0.0
2026-07-08,728.0,2.2,346,14.0,62.0,78.0,50.0,68,97,36,50.0,55.0,0.0
2026-07-09,720.0,2.9,9,15.0,65.0,81.0,53.0,56,92,19,46.0,53.0,0.0
2026-07-10,725.0,4.3,343,12.0,63.0,79.0,51.0,36,62,19,35.0,48.0,0.0
2026-07-11,663.0,1.6,290,16.0,59.0,74.0,48.0,56,93,33,42.0,50.0,0.0
2026-07-12,,,,16.0,,52.0,49.0,,70,65,,,
2026-07-13,,,,,,,,,,,,,
2026-07-14,,,,,,,,,,,,,
2026-07-15,,,,,,,,,,,,,
2026-07-16,,,,,,,,,,,,,
2026-07-17,,,,,,,,,,,,,
2026-07-18,,,,,,,,,,,,,
2026-07-19,,,,,,,,,,,,,
2026-07-20,,,,,,,,,,,,,
2026-07-21,,,,,,,,,,,,,
2026-07-22,,,,,,,,,,,,,
2026-07-23,,,,,,,,,,,,,
2026-07-24,,,,,,,,,,,,,
2026-07-25,,,,,,,,,,,,,
2026-07-26,,,,,,,,,,,,,
2026-07-27,,,,,,,,,,,,,
2026-07-28,,,,,,,,,,,,,
2026-07-29,,,,,,,,,,,,,
2026-07-30,,,,,,,,,,,,,
2026-07-31,,,,,,,,,,,,,
